"cell_id","umap_x","umap_y","tissue_x","tissue_y","cluster","color_hex"
"bfapifmb-1",-6.48819155147386,-1.07274668975275,7364.9375,-8191.8251953125,"Epi_SecA","#E69F00"
"bfaplhfd-1",-6.81427139690232,-0.33949549062651,7368.119140625,-8202.642578125,"Epi_SecA","#E69F00"
"bfapnjjh-1",-6.88054794719529,-1.34228908582133,7370.87158203125,-8184.51904296875,"Epi_SecA","#E69F00"
"bfbaalcp-1",-6.02494377544236,-1.68822359605234,7360.47802734375,-8211.0546875,"Epi_SecA","#E69F00"
"bfbadpga-1",-6.20689243724656,-3.49816262288492,7361.59228515625,-8225.23828125,"Epi_SecA","#E69F00"
"bfbaebge-1",-7.01004404475999,-1.75749229951304,7353.8115234375,-8219.1220703125,"Epi_SecA","#E69F00"
"bfbaggmp-1",-6.14695448329759,-3.42334901853007,7354.81689453125,-8189.23291015625,"Epi_SecA","#E69F00"
"bfbbdcdo-1",-6.27955622127366,-1.74875247044962,7385.318359375,-8187.41259765625,"Epi_SecA","#E69F00"
"bfbbfdii-1",-6.35475773265672,-2.55339490933817,7378.310546875,-8209.130859375,"Epi_SecA","#E69F00"
"bfbbhdpe-1",-6.54656786372972,-0.00832133306663793,7380.193359375,-8200.685546875,"Epi_SecA","#E69F00"
"bfbbhham-1",-5.30538553645921,-0.153274297104295,7386.9814453125,-8195.8017578125,"Epi_SecA","#E69F00"
"bfbbjkga-1",-2.11171550205064,-0.638742621378119,7392.22705078125,-8084.6484375,"Epi_SecA","#E69F00"
"bfbbmjlf-1",-4.84340280940843,-4.85117303891581,7393.58251953125,-8100.81298828125,"Epi_SecA","#E69F00"
"bfbbodfb-1",-4.00521845271897,-3.79729711575907,7405.234375,-8097.2958984375,"Epi_SecA","#E69F00"
"bfbcanei-1",-6.20037121227098,0.469424252076928,7398.884765625,-8091.09375,"Epi_SecA","#E69F00"
"bfbcbgeg-1",-5.99935049465013,-0.229443948105987,7412.96484375,-8170.26806640625,"Epi_SecA","#E69F00"
"bfbccgke-1",-6.54905361583543,0.511202518506829,7394.55615234375,-8177.3349609375,"Epi_SecA","#E69F00"
"bfbcchof-1",-6.70059008052659,-0.175420101122077,7405.55712890625,-8174.35791015625,"Epi_SecA","#E69F00"
"bfbcciae-1",-3.64294189861131,-0.629164095358069,7414.4462890625,-8102.3095703125,"Epi_SecA","#E69F00"
"bfbccijk-1",-5.82217878749681,0.484822039171044,7404.14501953125,-8141.58837890625,"Epi_SecA","#E69F00"
"bfbcgbjm-1",5.18634706089187,-5.27134429974955,7403.92919921875,-8135.29541015625,"T cell","#1C91D4"
"bfbchbpl-1",-7.05098099162889,-0.47698872847956,7396.28173828125,-8185.21142578125,"Epi_SecA","#E69F00"
"bfbchcgo-1",-5.01739162853074,0.590536777540032,7408.40087890625,-8187.18212890625,"Epi_SecA","#E69F00"
"bfbcjbgj-1",-4.47284931590867,-0.761919553713019,7404.5625,-8181.92431640625,"Epi_SecA","#E69F00"
"bfbcpiep-1",-4.97179645946336,-0.527953232959922,7407.4580078125,-8239.5,"Epi_SecA","#E69F00"
"bfbcppoh-1",-7.4107346003325,-0.661672766641791,7408.66845703125,-8249.71875,"Epi_SecA","#E69F00"
"bfbdcmnd-1",-5.15591377666307,-0.32729021771353,7395.86279296875,-8243.5322265625,"Epi_SecA","#E69F00"
"bfbdgdde-1",-5.46510738780809,0.676325385137383,7391.24072265625,-8210.736328125,"Epi_SecA","#E69F00"
"bfbdggjh-1",-5.38702434947801,-1.25539826913279,7407.828125,-8231.3486328125,"Epi_SecA","#E69F00"
"bfbdlfej-1",-5.70633882930589,0.428015594049279,7416.064453125,-8231.3486328125,"Epi_SecA","#E69F00"
"bfbdljac-1",-5.6784200136931,-1.33332061334055,7405.87939453125,-8214.869140625,"Epi_SecA","#E69F00"
"bfbdncdd-1",-6.96601862361741,0.301497255130593,7403.2197265625,-8194.8720703125,"Epi_SecA","#E69F00"
"bfbdolng-1",-5.70842260768724,-2.0157034353773,7401.244140625,-8206.1123046875,"Epi_SecA","#E69F00"
"bfbdpcjm-1",-6.65593523433519,-2.48922836347025,7408.548828125,-8200.146484375,"Epi_SecA","#E69F00"
"bfbdpion-1",-5.86371368816209,-0.701178784803565,7393.48876953125,-8200.1923828125,"Epi_SecA","#E69F00"
"bfbeejhe-1",-7.09030241420579,-0.970336194471534,7363.11669921875,-8146.84765625,"Epi_SecA","#E69F00"
"bfbefdim-1",-6.29761022975755,-1.96089505715769,7359.173828125,-8160.826171875,"Epi_SecA","#E69F00"
"bfbeilkh-1",-5.79821819713426,-2.16766106648844,7358.1689453125,-8153.8857421875,"Epi_SecA","#E69F00"
"bfbekpod-1",-3.1150974695952,2.714366082712,7350.908203125,-8148.84228515625,"Epi_SecA","#E69F00"
"bfbfglfa-1",-2.13980359485459,-1.78950953050059,7597.5224609375,-8195.47265625,"Epi_SecA","#E69F00"
"bfbfimgd-1",-2.1597568457396,-2.38090788884562,7593.322265625,-8208.5966796875,"Epi_SecB","#56B4E9"
"bfbfipea-1",-2.12875027110887,-0.0567327619950132,7605.708984375,-8180.14111328125,"Epi_SecA","#E69F00"
"bfbfkkoj-1",-2.0674397414,-0.336120884255584,7595.94140625,-8184.6923828125,"Epi_SecA","#E69F00"
"bfbflloe-1",0.562664740773915,0.738122884794061,7597.43212890625,-8177.716796875,"Epi_SecA","#E69F00"
"bfbfmlap-1",-3.76227611949754,-1.31847905679148,7579.8486328125,-8183.7900390625,"Epi_SecA","#E69F00"
"bfbgbehc-1",-6.7301024859221,-0.598810310796912,7358.47998046875,-8168.28955078125,"Epi_SecA","#E69F00"
"bfbgegbe-1",-6.94349665096116,-1.66874157948893,7359.4853515625,-8179.62841796875,"Epi_SecA","#E69F00"
"bfbgmfoo-1",-4.35647053172898,0.120886643095796,7594.76123046875,-8390.44140625,"Epi_SecA","#E69F00"
"bfbgmndo-1",-0.4892839854033,0.356052373214547,7586.36962890625,-8394.0400390625,"Epi_SecA","#E69F00"
"bfbhdekd-1",-3.85015339305711,-0.74244921965998,7604.74169921875,-8389.0556640625,"Epi_SecA","#E69F00"
"bfbhejpa-1",-2.3438388769896,-0.898511643842872,7582.97314453125,-8389.017578125,"Epi_SecA","#E69F00"
"bfbhfhcm-1",-3.14008898189378,-1.50420116944712,7607.12841796875,-8417.740234375,"Epi_SecA","#E69F00"
"bfbhlbpc-1",-2.90826482227159,-0.804839964346106,7609.5283203125,-8431.33984375,"Epi_SecA","#E69F00"
"bfbhmgoe-1",2.81401615688491,-2.49172222180765,7602.9521484375,-8427.458984375,"Macrophage","#CC79A7"
"bfbhncmd-1",-3.80222649028611,-1.3350815729658,7596.45703125,-8417.865234375,"Epi_SecA","#E69F00"
"bfbhnpdi-1",-3.08022136142564,-1.44554125829142,7584.14990234375,-8428.5107421875,"Epi_SecA","#E69F00"
"bfbicgoh-1",-4.21265263011766,-1.03444629474085,7597.03564453125,-8431.591796875,"Epi_SecA","#E69F00"
"bfbicjif-1",-5.47615951946092,0.212603215738122,7584.96044921875,-8419.5419921875,"Epi_SecA","#E69F00"
"bfbieddk-1",-4.26788086345506,-0.60195564790171,7599.7314453125,-8399.357421875,"Epi_SecA","#E69F00"
"bfbigalc-1",-2.98222393443895,-0.0218182684342222,7611.45703125,-8407.666015625,"Epi_SecA","#E69F00"
"bfbiipab-1",-3.50704616954637,-0.995091374353583,7605.232421875,-8406.90625,"Epi_SecA","#E69F00"
"bfbiloik-1",-4.84553617885423,-0.55476286573809,7601.50146484375,-8442.001953125,"Epi_SecA","#E69F00"
"bfbjbaod-1",-4.18183416774583,-1.08375566764277,7583.8232421875,-8483.35546875,"Epi_SecA","#E69F00"
"bfbjcgne-1",-5.48094267299485,-0.329299937323745,7605.94482421875,-8449.97265625,"Epi_SecA","#E69F00"
"bfbjfkfi-1",-6.5922736590178,1.1709809346636,7595.65087890625,-8523.974609375,"Epi_SecA","#E69F00"
"bfbjhede-1",-4.33819384029222,0.934215430780236,7591.310546875,-8549.8310546875,"Epi_SecA","#E69F00"
"bfbjijio-1",-4.73022789409471,0.947451834245507,7610.4501953125,-8534.287109375,"Epi_SecA","#E69F00"
"bfbjjlim-1",-4.58440632274461,-1.44535159631174,7588.88232421875,-8535.8837890625,"Epi_SecA","#E69F00"
"bfbjmicd-1",-5.65688795497728,0.812628094716851,7599.29248046875,-8506.8203125,"Epi_SecA","#E69F00"
"bfbjoopb-1",-4.37637514522386,0.131563757224862,7606.42529296875,-8520.6640625,"Epi_SecA","#E69F00"
"bfbkfnjj-1",-6.4860348170073,0.793440763517205,7588.53466796875,-8507.912109375,"Epi_SecA","#E69F00"
"bfbkkono-1",-5.84870380809617,0.866135780378167,7596.47998046875,-8489.0869140625,"Epi_SecA","#E69F00"
"bfbknbak-1",-1.73153275897813,2.86506998972494,7605.43505859375,-8501.5263671875,"Epi_SecA","#E69F00"
"bfbkobpb-1",-5.80026049068284,1.7463918967684,7587.13330078125,-8502.4169921875,"Epi_SecA","#E69F00"
"bfbkpofh-1",-4.36467689922166,-0.412026758627112,7602.04638671875,-8493.9072265625,"Epi_SecA","#E69F00"
"bfblaagn-1",-4.33527607372117,0.112925757332627,7587.384765625,-8496.0732421875,"Epi_SecA","#E69F00"
"bfblahbf-1",3.58269315311599,-3.43173777623575,7591.70068359375,-8140.87353515625,"Mesenchymal","#F0E442"
"bfblbmej-1",-3.23036570003343,-0.561960245804007,7599.80224609375,-8171.5166015625,"Epi_SecA","#E69F00"
"bfbldefe-1",-3.36285013606858,-1.30652451081675,7603.00537109375,-8160.83349609375,"Epi_SecA","#E69F00"
"bfbldien-1",-4.36648840358567,-3.99039566083353,7597.68115234375,-8147.42138671875,"Epi_SecA","#E69F00"
"bfblenib-1",-3.66599268367601,-1.29695581956309,7610.58154296875,-8164.759765625,"Epi_Cil","#009E73"
"bfblfcfn-1",-4.77093309810472,-0.102392830276008,7599.56884765625,-8112.78857421875,"Epi_SecA","#E69F00"
"bfblhoef-1",-3.93363804271531,-0.859296138719733,7604.20458984375,-8128.88720703125,"Epi_SecA","#E69F00"
"bfbliddb-1",-3.79888195445848,-0.292517911032851,7597.31591796875,-8125.41015625,"Epi_SecA","#E69F00"
"bfbllpoc-1",-4.16283745220018,-0.686388190225776,7607.984375,-8117.99169921875,"Epi_SecA","#E69F00"
"bfblnokb-1",0.895947896930455,-2.4892255024473,7600.294921875,-8259.796875,"Epi_SecA","#E69F00"
"bfblonjh-1",-4.26214594295335,-1.04211073680323,7601.05224609375,-8318.7724609375,"Epi_SecA","#E69F00"
"bfbmamfh-1",3.36175184795546,-2.08995472951334,7589.2001953125,-8272.962890625,"Macrophage","#CC79A7"
"bfbmbkcd-1",-4.04704660823655,-1.27713429494303,7588.759765625,-8372.8955078125,"Epi_SecA","#E69F00"
"bfbmehhi-1",-3.6864537661345,-0.645177181200202,7607.95849609375,-8379.6435546875,"Epi_SecA","#E69F00"
"bfbmloap-1",-4.35983843257737,-1.12461077733439,7593.5390625,-8380.095703125,"Epi_SecA","#E69F00"
"bfbmmamj-1",-4.56646723201585,-0.373793120817359,7594.3046875,-8362.484375,"Epi_SecA","#E69F00"
"bfbnfamd-1",-3.53776449611497,-0.604363139108832,7605.9736328125,-8366.7900390625,"Epi_SecA","#E69F00"
"bfbnfanj-1",-3.92722839763475,-0.898196931318458,7584.3134765625,-8361.4892578125,"Epi_SecA","#E69F00"
"bfbnhckn-1",1.672768288347,-2.64388358159464,7603.369140625,-8357.9951171875,"Epi_SecB","#56B4E9"
"bfbnpckf-1",-6.47920031001878,0.732625548406426,7602.2236328125,-8334.9990234375,"Epi_SecA","#E69F00"
"bfboaoic-1",-5.65398449352098,0.639781896634881,7598.4638671875,-8346.873046875,"Epi_SecA","#E69F00"
"bfbobjhh-1",-3.89073128154588,-1.25722336335581,7585.1552734375,-8348.9814453125,"Epi_SecA","#E69F00"
"bfbocgnk-1",-5.10824627330613,0.972070340677087,7588.24755859375,-8342.064453125,"Epi_SecA","#E69F00"
"bfbodfbl-1",-5.69055885722947,-0.249140019849952,7379.94580078125,-8220.212890625,"Epi_SecA","#E69F00"
"bfbodfdi-1",-5.0293173258574,1.97677338556844,7377.23388671875,-8227.7744140625,"Epi_SecA","#E69F00"
"bfbodkjo-1",-6.62977404048753,0.596305791898553,7372.39453125,-8220.9794921875,"Epi_SecA","#E69F00"
"bfboegdb-1",-7.06126255443406,-2.39309513135355,7369.26611328125,-8230.537109375,"Epi_SecA","#E69F00"
"bfbogpbm-1",-6.17407841136766,-0.325798417762931,7376.42626953125,-8246.94140625,"Epi_SecA","#E69F00"
"bfbojbjh-1",-6.56007618358445,-1.40028583569926,7366.0419921875,-8239.73046875,"Epi_SecA","#E69F00"
"bfbojmdh-1",-5.4149112170012,-1.87569224400919,7376.57666015625,-8235.150390625,"Epi_SecA","#E69F00"
"bfbomfid-1",-6.18930763652635,-1.40631794495981,7391.24072265625,-8230.7119140625,"Epi_SecA","#E69F00"
"bfbommmh-1",-5.30353159358812,1.38129246668417,7381.79638671875,-8239.404296875,"Epi_SecA","#E69F00"
"bfbonfbk-1",-5.56300205638719,-0.551600928739722,7389.0302734375,-8237.1572265625,"Epi_SecA","#E69F00"
"bfbpbdgj-1",-6.87008995464158,-0.397334630922492,7380.71044921875,-8290.357421875,"Epi_SecA","#E69F00"
"bfbpdpgp-1",-5.34357017925096,-0.804088170961554,7386.4970703125,-8302.5634765625,"Epi_SecA","#E69F00"
"bfbpeekl-1",-5.77638334682298,-0.956425960497077,7393.28759765625,-8291.3251953125,"Epi_SecA","#E69F00"
"bfbpjlde-1",-4.60167068889451,-0.973054404691871,7391.75732421875,-8309.1455078125,"Epi_SecA","#E69F00"
"bfbpkaep-1",-6.07187170436692,0.687791530652825,7386.6015625,-8327.181640625,"Epi_SecA","#E69F00"
"bfbpkpin-1",-5.96174473216844,-1.62244081063669,7394.54541015625,-8317.6513671875,"Epi_SecA","#E69F00"
"bfbplnjo-1",-7.28365177562547,-0.0279944793741063,7380.50537109375,-8321.5927734375,"Epi_SecA","#E69F00"
"bfbpnkla-1",-6.10904306819749,-0.943151767687018,7380.1494140625,-8313.5751953125,"Epi_SecA","#E69F00"
"bfbponhd-1",-6.83278459956956,-0.212443228201087,7385.111328125,-8249.5966796875,"Epi_SecA","#E69F00"
"bfbppddd-1",-6.26131529262376,0.00524428175288874,7382.955078125,-8263.564453125,"Epi_SecA","#E69F00"
"bfcaacjf-1",-6.17206711223436,-1.21160006089609,7393.97509765625,-8252.70703125,"Epi_SecA","#E69F00"
"bfcaenhb-1",-0.799069947508098,2.13408792452413,7378.5712890625,-8277.1630859375,"Epi_SecA","#E69F00"
"bfcafldl-1",-5.67831749370408,1.27241635756094,7395.60693359375,-8278.15234375,"Epi_SecA","#E69F00"
"bfcagglf-1",-3.39418501308274,0.0639519585807963,7401.96630859375,-8262.927734375,"Epi_SecA","#E69F00"
"bfcahlpj-1",-5.33348602702928,-0.80750470920008,7408.35888671875,-8273.0595703125,"Epi_SecA","#E69F00"
"bfcakdlk-1",-5.769414848593,-0.917664940790351,7397.57421875,-8269.388671875,"Epi_SecA","#E69F00"
"bfcakeee-1",-5.28080171993089,-1.79723310037058,7411.1064453125,-8261.6064453125,"Epi_SecA","#E69F00"
"bfcalpak-1",-5.35348123958421,-1.60510181947153,7407.08203125,-8264.0185546875,"Epi_SecA","#E69F00"
"bfcancae-1",-4.71428150585008,-0.237637262181457,7405.4873046875,-8315.7783203125,"Epi_SecA","#E69F00"
"bfcanfia-1",-5.77042955806565,-0.83423000140589,7408.05224609375,-8340.7919921875,"Epi_SecA","#E69F00"
"bfcaoiok-1",-6.31486935069871,-1.41537701650065,7397.82177734375,-8334.419921875,"Epi_SecA","#E69F00"
"bfcaonpd-1",-6.09781307628465,-0.254987950758155,7404.435546875,-8325.6015625,"Epi_SecA","#E69F00"
"bfcbcgmp-1",-5.10169548442674,-0.536227579549964,7413.234375,-8323.0966796875,"Epi_SecA","#E69F00"
"bfcbcjdn-1",-4.76799578121019,0.545360092683618,7397.564453125,-8296.8095703125,"Epi_SecA","#E69F00"
"bfcbilll-1",-6.56339640071702,-1.7320644812147,7398.3330078125,-8284.1455078125,"Epi_SecA","#E69F00"
"bfcbkacp-1",-5.55332512309861,0.69826591448385,7403.83203125,-8279.3974609375,"Epi_SecA","#E69F00"
"bfcbokmn-1",-5.7083534662993,-0.744717295602973,7402.24365234375,-8303.6298828125,"Epi_SecA","#E69F00"
"bfccfmbn-1",-5.29608005931687,-0.779452736810859,7409.59814453125,-8296.0859375,"Epi_SecA","#E69F00"
"bfccfmgj-1",-5.60641092708421,1.03379595713217,7407.2802734375,-8283.7392578125,"Epi_SecA","#E69F00"
"bfcdcghj-1",-5.6973728602202,-1.5044877485792,7364.91552734375,-8307.5712890625,"Epi_SecA","#E69F00"
"bfcddofo-1",-6.05619425227952,-1.86610841317576,7352.77587890625,-8335.7666015625,"Epi_SecA","#E69F00"
"bfcdefop-1",-5.33790344646287,-1.52803384824198,7359.9072265625,-8323.6513671875,"Epi_SecA","#E69F00"
"bfcdhnlk-1",-6.52312130382371,-0.990011628107245,7370.4765625,-8320.1025390625,"Epi_SecA","#E69F00"
"bfcdjfln-1",-5.38954300334764,-1.47606372399729,7360.0986328125,-8313.6845703125,"Epi_SecA","#E69F00"
"bfcdkbkb-1",-6.65283054759812,0.548366252942864,7369.10009765625,-8269.9404296875,"Epi_SecA","#E69F00"
"bfcdkdfe-1",-5.92988581111741,-0.835181291536506,7369.8828125,-8282.1435546875,"Epi_SecA","#E69F00"
"bfcdmefl-1",-5.49084848811937,1.26935744719106,7374.20263671875,-8254.9150390625,"Epi_SecA","#E69F00"
"bfceajkc-1",-6.50181765010667,-1.63327121301096,7366.60595703125,-8257.3095703125,"Epi_SecA","#E69F00"
"bfcebcll-1",-5.67507404735398,-1.21624648137491,7369.13232421875,-8293.5,"Epi_SecA","#E69F00"
"bfcedkge-1",-5.51715845516038,-1.9383004860441,7377.18115234375,-8301.8310546875,"Epi_SecA","#E69F00"
"bfceegii-1",-3.69191021373582,-1.28329431577128,7365.68505859375,-8299.44921875,"Epi_SecA","#E69F00"
"bfcekdeo-1",-4.8217510645659,-0.388960446552451,7358.4296875,-8276.140625,"Epi_SecA","#E69F00"
"bfcenchk-1",-4.29081196239305,-2.45489823384684,7362.8173828125,-8295.7587890625,"Epi_SecA","#E69F00"
"bfcfcfcl-1",-5.82498783519578,-2.8006554798643,7356.91064453125,-8300.546875,"Epi_SecA","#E69F00"
"bfcfgfda-1",-3.56546444347215,0.1038375391205,7438.69873046875,-8206.279296875,"Epi_SecA","#E69F00"
"bfcflahd-1",-4.91031450679612,-0.0685014923523025,7441.4296875,-8214.19921875,"Epi_SecA","#E69F00"
"bfcflglm-1",-6.34651035716844,-0.243584732846435,7447.28173828125,-8210.2626953125,"Epi_SecA","#E69F00"
"bfcgdlof-1",-5.75203604152513,-1.21509861512583,7432.92822265625,-8214.28125,"Epi_SecA","#E69F00"
"bfcgllmd-1",-6.59862942149949,-0.86046850247782,7425.35693359375,-8218.5947265625,"Epi_SecA","#E69F00"
"bfcgmngo-1",-3.1001443331511,1.45196497873861,7432.8349609375,-8207.1533203125,"Epi_SecA","#E69F00"
"bfcgnepj-1",-6.08084768703294,-1.19747721715372,7447.96484375,-8304.37109375,"Epi_SecA","#E69F00"
"bfcgppdd-1",-4.32666820934129,0.218360756202523,7449.45068359375,-8331.57421875,"Epi_SecA","#E69F00"
"bfchaicd-1",-3.86559385707688,-0.834839041666205,7460.27099609375,-8333.2431640625,"Epi_SecA","#E69F00"
"bfchalma-1",-5.05970568111253,-0.610040958360846,7457.0576171875,-8327.6640625,"Epi_SecA","#E69F00"
"bfchbgfm-1",-5.23440641811204,-0.847336049513038,7458.85791015625,-8320.5966796875,"Epi_SecA","#E69F00"
"bfchbmdo-1",-2.9365438883574,1.34871840910513,7438.91650390625,-8343.068359375,"Epi_SecA","#E69F00"
"bfchfnba-1",-5.60539049556565,-1.36072253747385,7428.68212890625,-8341.2138671875,"Epi_SecA","#E69F00"
"bfchnpge-1",-4.2500581209929,-0.675007756189521,7437.26953125,-8337.0166015625,"Epi_SecA","#E69F00"
"bfcibobd-1",-4.71556276729417,-1.18678903146189,7444.8671875,-8342.2958984375,"Epi_SecA","#E69F00"
"bfcigfpk-1",-4.16525501659227,-0.702177043394263,7464.78076171875,-8343.8134765625,"Epi_SecA","#E69F00"
"bfciibhf-1",-4.64150089671922,-1.49389326138895,7457.427734375,-8339.4931640625,"Epi_SecA","#E69F00"
"bfcijamh-1",-5.28986925533128,-0.732406552271064,7450.40380859375,-8345.75390625,"Epi_SecA","#E69F00"
"bfcijcfo-1",-4.9995173876555,-1.29768311543864,7419.18017578125,-8333.9345703125,"Epi_SecA","#E69F00"
"bfcikolc-1",-4.70241207530809,-0.563184286789115,7416.25830078125,-8340.853515625,"Epi_SecA","#E69F00"
"bfcimmpp-1",-5.90412277629686,1.05200255350668,7428.04150390625,-8322.609375,"Epi_SecA","#E69F00"
"bfcinmia-1",-5.46869129588914,2.07645237879354,7424.17431640625,-8328.9013671875,"Epi_SecA","#E69F00"
"bfcioaja-1",-2.78225869586778,1.5475484176119,7431.71533203125,-8326.2626953125,"Epi_SecA","#E69F00"
"bfcioigc-1",-5.59271902492356,-0.07009486606818,7430.248046875,-8308.0830078125,"Epi_SecA","#E69F00"
"bfciopfh-1",-5.49564546993089,-1.29673158688944,7465.7783203125,-8309.6220703125,"Epi_SecA","#E69F00"
"bfcjaajc-1",-5.38113111903978,-1.81197249455851,7459.62353515625,-8304.703125,"Epi_SecA","#E69F00"
"bfcjfldf-1",-5.39048189571214,-0.983400757745917,7465.38916015625,-8265.51953125,"Epi_SecA","#E69F00"
"bfcjhgmh-1",-4.65466637065721,-0.237584318355735,7453.0419921875,-8257.775390625,"Epi_SecA","#E69F00"
"bfcjjdpo-1",-6.00548452785325,-0.333710979060348,7454.5126953125,-8290.5732421875,"Epi_SecA","#E69F00"
"bfcjkbnm-1",-5.26919168880296,-1.36268579526346,7450.3505859375,-8263.3740234375,"Epi_SecA","#E69F00"
"bfcjkjah-1",-5.14643902232957,-0.226700733737166,7455.80029296875,-8266.1533203125,"Epi_SecA","#E69F00"
"bfcjkokp-1",-4.8109654848845,-1.23329913182658,7440.61865234375,-8286.392578125,"Epi_SecA","#E69F00"
"bfcjllgn-1",-5.31693930080247,0.0119891433556719,7437.0244140625,-8295.3623046875,"Epi_SecA","#E69F00"
"bfcjpiob-1",-5.90428823879075,1.20020401911337,7430.28857421875,-8293.396484375,"Epi_SecA","#E69F00"
"bfckjgaa-1",-6.01389021327806,-0.177733037010844,7437.20068359375,-8252.19921875,"Epi_SecA","#E69F00"
"bfckkgmb-1",-6.33209461620164,0.727149014039819,7442.52734375,-8271.19921875,"Epi_SecA","#E69F00"
"bfckmfhj-1",-4.69577974727464,0.428123061223809,7431.51611328125,-8259.6650390625,"Epi_SecA","#E69F00"
"bfckmklf-1",-5.58279175212693,-1.12447523637217,7443.7705078125,-8257.7587890625,"Epi_SecA","#E69F00"
"bfcknjne-1",-5.76770395686937,-1.36151349111002,7417.763671875,-8264.39453125,"Epi_SecA","#E69F00"
"bfcknpmn-1",-6.64182085445237,0.29570374326307,7424.22216796875,-8295.109375,"Epi_SecA","#E69F00"
"bfclfgpi-1",-4.63401979854417,-1.17423080964487,7417.259765625,-8292.0390625,"Epi_SecA","#E69F00"
"bfclhalc-1",-6.396132892874,0.27981150583822,7417.119140625,-8285.0888671875,"Epi_SecA","#E69F00"
"bfclhkpp-1",-4.72039932658982,-1.31398677392405,7415.765625,-8270.3603515625,"Epi_SecA","#E69F00"
"bfclilbm-1",-5.65907902171922,-0.705670352415259,7417.00244140625,-8278.2861328125,"Epi_SecA","#E69F00"
"bfclinao-1",-5.07143110683274,-0.50634938044947,7422.32470703125,-8317.20703125,"Epi_SecA","#E69F00"
"bfcllgnm-1",-5.19259590556932,-0.199468287960704,7413.771484375,-8314.7314453125,"Epi_SecA","#E69F00"
"bfclnbkn-1",-1.22455353191209,1.96616685823995,7421.67041015625,-8259.728515625,"Epi_SecA","#E69F00"
"bfclnlmg-1",-5.4971489374907,-1.34483754201334,7425.52294921875,-8255.9560546875,"Epi_SecA","#E69F00"
"bfcmcdaj-1",-5.03188366344285,-1.48070466084879,7425.60107421875,-8266.421875,"Epi_SecA","#E69F00"
"bfcmcglk-1",-6.00755209377122,-1.16661107106608,7421.109375,-8304.6943359375,"Epi_SecA","#E69F00"
"bfcmcpkh-1",-2.94697994640184,-1.44397067590159,7412.6376953125,-8306.8173828125,"Epi_SecA","#E69F00"
"bfcmjbaj-1",-4.05959553172898,0.260195825858895,7424.57177734375,-8305.0791015625,"Epi_SecA","#E69F00"
"bfcmjjfc-1",-6.44430107524705,-0.190203558043654,7456.09716796875,-8221.123046875,"Epi_SecA","#E69F00"
"bfcmkpbg-1",-6.0277680819304,-0.787984843687232,7461.93701171875,-8230.77734375,"Epi_SecA","#E69F00"
"bfcmkphe-1",-5.50038380077195,0.991070990129296,7444.70263671875,-8228.005859375,"Epi_SecA","#E69F00"
"bfcmngfc-1",-4.89443773677659,-0.536308701471503,7449.998046875,-8225.9697265625,"Epi_SecA","#E69F00"
"bfcmokpn-1",-5.61081308772874,0.217764501138513,7425.41845703125,-8244.1494140625,"Epi_SecA","#E69F00"
"bfcnagmc-1",-3.5955924456389,-1.14166497750681,7416.28515625,-8257.052734375,"Epi_SecA","#E69F00"
"bfcnbfbc-1",-5.57946247508836,-0.152459907666858,7418.69482421875,-8251.24609375,"Epi_SecA","#E69F00"
"bfcndjhd-1",-4.10908550670457,-0.637194509939368,7429.90478515625,-8244.408203125,"Epi_SecA","#E69F00"
"bfcnfllo-1",-6.6663703387053,0.855650429292504,7415.615234375,-8243.990234375,"Epi_SecA","#E69F00"
"bfcnjchc-1",-4.34926123073411,-2.17124545140665,7453.16943359375,-8236.9521484375,"Epi_SecA","#E69F00"
"bfcnjhij-1",-0.307197040823222,2.69058049158651,7450.95849609375,-8250.548828125,"Epi_SecA","#E69F00"
"bfcnkham-1",-3.07739276340318,1.17794836000997,7459.5087890625,-8246.3232421875,"Epi_SecA","#E69F00"
"bfcnpkof-1",-5.15992493083787,0.415313367410485,7448.390625,-8242.9599609375,"Epi_SecA","#E69F00"
"bfcoalih-1",-5.94611973216844,-1.1741586880247,7439.70751953125,-8241.7119140625,"Epi_SecA","#E69F00"
"bfcockfp-1",-4.30406040599656,2.32862341837484,7443.8388671875,-8235.25,"Epi_SecA","#E69F00"
"bfcogkpm-1",-6.08281559398484,0.60039711432058,7437.65283203125,-8225.1640625,"Epi_SecA","#E69F00"
"bfcopkld-1",-5.85836595943284,-1.92191361947459,7432.71630859375,-8235.013671875,"Epi_SecA","#E69F00"
"bfcpeahf-1",-5.66681475093675,-1.29363953633707,7422.7939453125,-8230.4853515625,"Epi_SecA","#E69F00"
"bfgigfka-1",-3.3279766505034,2.05381000475485,7350.90234375,-8582.74609375,"Epi_SecA","#E69F00"
"bfgjcdec-1",-2.43745059421373,1.910251264139,7357.12939453125,-8605.357421875,"Epi_SecA","#E69F00"
"bfgjjidm-1",-5.27546686580491,-0.9417156533758,7353.2373046875,-8553.826171875,"Epi_SecA","#E69F00"
"bfgjkeng-1",-1.64099401882005,2.11427939371664,7350.22998046875,-8564.1513671875,"Epi_SecA","#E69F00"
"bfgkcabn-1",1.12984948703933,0.330011282726113,7413.9384765625,-8741.3984375,"Epi_SecA","#E69F00"
"bfgkdkca-1",-1.96799535205674,-1.28046965165537,7417.08544921875,-8749.48828125,"Epi_SecA","#E69F00"
"bfgkfjel-1",-2.08234018733812,0.0185673950751467,7423.556640625,-8743.953125,"Epi_SecA","#E69F00"
"bfgmdmej-1",-5.51466173580003,1.67713296846945,7356.857421875,-8563.3388671875,"Epi_SecA","#E69F00"
"bfgmfdmk-1",-4.51704449107957,0.852028612657373,7357.708984375,-8593.8662109375,"Epi_SecA","#E69F00"
"bfgmkpbc-1",-5.25132126262498,0.457171444459741,7359.39501953125,-8573.7314453125,"Epi_SecA","#E69F00"
"bfgmkppa-1",11.2107539708345,0.992903952165429,7391.79052734375,-8623.9423828125,"Mesenchymal","#F0E442"
"bfgmmlbj-1",3.56939821788955,0.945901994272058,7407.04638671875,-8657.5029296875,"Epi_SecA","#E69F00"
"bfgnbpaj-1",-2.68334192684007,-1.49817585511606,7408.78857421875,-8648.3203125,"Epi_SecA","#E69F00"
"bfgnbpfm-1",3.57847338268447,2.37101376490194,7413.6953125,-8641.2470703125,"Epi_SecA","#E69F00"
"bfgnebdn-1",10.3593230778902,0.474166755243127,7376.27685546875,-8637.1875,"Mesenchymal","#F0E442"
"bfgnfpmc-1",-4.04469389369798,0.132375900312249,7368.94970703125,-8571.7919921875,"Epi_SecA","#E69F00"
"bfgngdmh-1",-3.39826578548265,1.69480145411092,7368.31298828125,-8595.8955078125,"Epi_SecA","#E69F00"
"bfgnilpp-1",-4.26639027049852,1.33047235445577,7371.66357421875,-8587.931640625,"Epi_SecA","#E69F00"
"bfgninpn-1",-3.40735382488084,2.25263703302938,7373.767578125,-8580.0830078125,"Epi_SecA","#E69F00"
"bfgnnekj-1",-0.823256558683635,1.31269717650015,7380.1484375,-8571.5966796875,"Epi_SecA","#E69F00"
"bfgnplao-1",-3.39750332286668,2.63986456827718,7368.865234375,-8549.529296875,"Epi_SecA","#E69F00"
"bfgoagie-1",-2.9181272452147,1.16166830496389,7379.2958984375,-8562.400390625,"Epi_SecA","#E69F00"
"bfgoelgg-1",-3.29523844173265,-0.00590940131347936,7370.70556640625,-8560.4990234375,"Epi_SecA","#E69F00"
"bfgoidgg-1",-6.04940027644944,0.811292771859948,7363.82177734375,-8555.138671875,"Epi_SecA","#E69F00"
"bfhnkdco-1",-3.52092546871019,-0.997540946439918,7526.67236328125,-8568.56640625,"Epi_SecA","#E69F00"
"bfhnklba-1",-3.85207504680467,-2.05812525315684,7528.60791015625,-8575.8017578125,"Epi_SecA","#E69F00"
"bfhnmgpd-1",-5.4560398524077,-0.967990870908912,7521.421875,-8653.4267578125,"Epi_SecA","#E69F00"
"bfhnnnod-1",2.47525148937392,2.91652191118795,7527.388671875,-8678.5009765625,"Epi_SecA","#E69F00"
"bfhnoedf-1",-4.25994343211961,0.302152280374352,7515.07421875,-8672.171875,"Epi_SecA","#E69F00"
"bfhocfpa-1",-4.85700172832322,1.43316793875295,7512.94580078125,-8662.783203125,"Epi_SecA","#E69F00"
"bfhofheg-1",-3.41010136058641,1.09501588778097,7534.90673828125,-8660.98828125,"Epi_SecA","#E69F00"
"bfhofmoo-1",-3.72288221767259,-1.26513742967051,7522.62646484375,-8615.384765625,"Epi_SecA","#E69F00"
"bfhohapl-1",-3.20915073802781,-1.10712241692942,7515.90869140625,-8606.2763671875,"Epi_SecA","#E69F00"
"bfhokfla-1",-4.36447185924363,-1.4487380938093,7510.931640625,-8626.2314453125,"Epi_SecA","#E69F00"
"bfhokgnb-1",-2.8924936716826,-1.83506798310679,7502.552734375,-8611.6376953125,"Epi_SecA","#E69F00"
"bfholdpl-1",4.92181735584426,-4.82730829282206,7521.4677734375,-8608.2509765625,"Epi_Cil","#009E73"
"bfholjdn-1",-3.82311529567552,-2.39553129239481,7530.25048828125,-8597.80078125,"Epi_SecA","#E69F00"
"bfhooljg-1",-3.07440657069993,-1.56956922574442,7511.00048828125,-8600.3115234375,"Epi_SecA","#E69F00"
"bfhpdcik-1",-2.95103020122361,1.51239920095998,7504.146484375,-8596.1484375,"Epi_SecA","#E69F00"
"bfhpgdec-1",-4.21201080730271,-0.412648464874442,7517.8818359375,-8594.83203125,"Epi_SecA","#E69F00"
"bfhpkdmm-1",2.29763465473342,-2.72104680104655,7519.03369140625,-8560.978515625,"Mesenchymal","#F0E442"
"bfhpoiia-1",-4.77632803371263,-2.67684161229533,7510.857421875,-8588.6796875,"Epi_SecA","#E69F00"
"bfhppnkp-1",-6.3302173083098,0.703194026513879,7500.93408203125,-8584.9609375,"Epi_SecA","#E69F00"
"bfiaddme-1",-4.28803390910936,-1.83746897740763,7515.1357421875,-8575.3271484375,"Epi_SecA","#E69F00"
"bfiajiik-1",-2.8721501295836,-1.09133976264399,7445.09375,-8630.1748046875,"Epi_SecA","#E69F00"
"bfiamfki-1",-4.08637232234788,-1.00424545569819,7459.11474609375,-8627.24609375,"Epi_SecA","#E69F00"
"bficaden-1",-1.61490244319749,-0.503616924719031,7495.806640625,-8637.5478515625,"Epi_SecA","#E69F00"
"bficdkii-1",2.36137276241469,-2.62066614194315,7499.19921875,-8688.6640625,"Mesenchymal","#F0E442"
"bficnbkf-1",-5.27301973750901,-1.71729480786722,7487.1064453125,-8691.2939453125,"Epi_SecA","#E69F00"
"bficnknd-1",-0.632890648153545,0.68038249449331,7503.34619140625,-8638.767578125,"Epi_SecA","#E69F00"
"bfidglce-1",-0.704837507513286,1.05660963491995,7452.88330078125,-8164.27197265625,"Epi_SecA","#E69F00"
"bfidkhkn-1",-5.60551828792405,0.756049577756707,7495.53173828125,-8181.75830078125,"Epi_SecA","#E69F00"
"bfidlnjk-1",-4.43732780864549,0.375085954232995,7507.2998046875,-8187.78955078125,"Epi_SecA","#E69F00"
"bfidngpg-1",-4.50937122752977,-0.540487106279548,7493.86181640625,-8167.98046875,"Epi_SecA","#E69F00"
"bfidogea-1",-5.40398735454393,1.06164288954336,7494.0283203125,-8174.6162109375,"Epi_SecA","#E69F00"
"bfiegdhh-1",-2.86421150615525,-1.21523570580881,7468.546875,-8177.20947265625,"Epi_SecA","#E69F00"
"bfiegicb-1",-4.20215553691697,0.353713695569818,7475.884765625,-8175.61572265625,"Epi_SecA","#E69F00"
"bfieimbp-1",-4.04463571956468,0.369219575687234,7479.3720703125,-8168.767578125,"Epi_SecA","#E69F00"
"bfieocdc-1",-5.57783884456468,0.0183339013298197,7467.39306640625,-8242.4443359375,"Epi_SecA","#E69F00"
"bfiffend-1",-5.79139704158616,-0.830566699937995,7464.9560546875,-8254.896484375,"Epi_SecA","#E69F00"
"bfifgaip-1",-0.727552837637187,1.91710985140402,7472.951171875,-8254.931640625,"Epi_SecA","#E69F00"
"bfifhapp-1",-5.54022783687425,-0.869770999387916,7462.55029296875,-8284.3974609375,"Epi_SecA","#E69F00"
"bfifhndn-1",-5.22210878780198,-0.360706325010474,7468.78662109375,-8297.1552734375,"Epi_SecA","#E69F00"
"bfifiihb-1",-6.23924107005906,-1.52329134507578,7469.77099609375,-8275.4833984375,"Epi_SecA","#E69F00"
"bfifkdid-1",-5.13975424220872,-0.977204080061133,7465.1044921875,-8205.8916015625,"Epi_SecA","#E69F00"
"bfifpeao-1",-2.42106813838792,-0.204354281858619,7471.37548828125,-8196.2099609375,"Epi_SecA","#E69F00"
"bfigbcld-1",-3.75637478282762,-0.725276525453742,7472.68408203125,-8203.140625,"Epi_SecA","#E69F00"
"bfigccjc-1",-4.44825739314866,-0.710447426275428,7459.4267578125,-8207.9326171875,"Epi_SecA","#E69F00"
"bfigchie-1",-4.30950302532029,-1.15664052529734,7474.0087890625,-8226.7314453125,"Epi_SecA","#E69F00"
"bfigdddg-1",-3.6212567751677,1.24647307829458,7471.0654296875,-8232.482421875,"Epi_SecA","#E69F00"
"bfigeapb-1",-3.2542986338408,-0.686153884367164,7479.17919921875,-8224.634765625,"Epi_SecA","#E69F00"
"bfigelah-1",-3.31090111186814,-0.772539968923743,7481.9111328125,-8232.82421875,"Epi_SecA","#E69F00"
"bfiggdfo-1",-3.42622847011399,-0.831190045313056,7510.3173828125,-8214.994140625,"Epi_SecA","#E69F00"
"bfigimej-1",-3.89991182735276,-1.28994047208231,7524.74658203125,-8244.9638671875,"Epi_SecA","#E69F00"
"bfigjckc-1",-2.60804433276963,-0.499035741523917,7511.3896484375,-8220.630859375,"Epi_SecA","#E69F00"
"bfigoiio-1",-2.07655090740037,-0.649531360105689,7496.30712890625,-8207.1767578125,"Epi_SecA","#E69F00"
"bfihakib-1",-2.78776807239366,-1.72416221661967,7530.64501953125,-8202.9794921875,"Epi_SecA","#E69F00"
"bfihdlhm-1",-4.15853113582444,-0.969847555593665,7521.294921875,-8200.9140625,"Epi_SecA","#E69F00"
"bfihhejh-1",-3.30358404567552,-0.872617776827033,7507.90478515625,-8197.4169921875,"Epi_SecA","#E69F00"
"bfihlfcl-1",-0.319186634329082,0.858757559820001,7504.80029296875,-8206.51171875,"Epi_SecA","#E69F00"
"bfiibikj-1",-3.76012510707688,1.33722055391866,7501.94580078125,-8195.724609375,"Epi_SecA","#E69F00"
"bfiicikf-1",-6.02395862987352,-0.0694544663141326,7414.90966796875,-8357.4833984375,"Epi_SecA","#E69F00"
"bfiiclok-1",-4.65693993022752,-1.07824968858164,7420.83544921875,-8348.3486328125,"Epi_SecA","#E69F00"
"bfiifkji-1",-6.14600653102708,-0.34475549621981,7411.42822265625,-8347.73046875,"Epi_SecA","#E69F00"
"bfiiiemo-1",-4.66729397228074,-0.941126163438971,7427.486328125,-8350.044921875,"Epi_SecA","#E69F00"
"bfiiiihn-1",-4.47706884792161,-0.040997284785922,7434.4453125,-8355.814453125,"Epi_SecA","#E69F00"
"bfiiloob-1",-5.08099407604051,0.223348383470361,7435.1259765625,-8348.2275390625,"Epi_SecA","#E69F00"
"bfijdacp-1",-5.8521465723784,1.36378777460653,7431.21728515625,-8363.1005859375,"Epi_SecA","#E69F00"
"bfijdiik-1",-5.92104525020433,-1.1568953947584,7423.29833984375,-8367.732421875,"Epi_SecA","#E69F00"
"bfijdpke-1",-5.90339083125901,-0.825425680116828,7433.31982421875,-8376.826171875,"Epi_SecA","#E69F00"
"bfijgeec-1",-5.95093578746629,-0.1631636799733,7414.1884765625,-8379.931640625,"Epi_SecA","#E69F00"
"bfijipim-1",-5.69482559612107,0.975721840425317,7420.640625,-8375.533203125,"Epi_SecA","#E69F00"
"bfijjgcg-1",-6.07211918285203,-1.15189897580546,7411.14111328125,-8369.27734375,"Epi_SecA","#E69F00"
"bfijmefh-1",-4.93231672694993,-1.03530251546305,7402.892578125,-8363.0634765625,"Epi_SecA","#E69F00"
"bfijmipj-1",-5.3906306689055,-0.95808767838877,7399.2685546875,-8373.080078125,"Epi_SecA","#E69F00"
"bfijmjho-1",-4.50084061076951,-2.05186426206034,7389.36572265625,-8368.1630859375,"Epi_SecA","#E69F00"
"bfijpabo-1",-4.43022055080247,-1.4838783697645,7390.7685546875,-8435.6396484375,"Epi_SecA","#E69F00"
"bfikbhcg-1",-3.12495893886399,2.85717738108236,7391.41259765625,-8456.0126953125,"Epi_SecA","#E69F00"
"bfikcmcp-1",-6.69970411708665,-0.363658572868522,7389.96826171875,-8447.7255859375,"Epi_SecA","#E69F00"
"bfikggof-1",-2.19086903980088,-0.411306764320548,7392.51416015625,-8441.4130859375,"Epi_SecA","#E69F00"
"bfikicea-1",-5.51852650096727,-4.15425502820414,7368.509765625,-8480.0341796875,"Epi_SecA","#E69F00"
"bfikkahn-1",-4.16400808742356,-0.550957138971503,7375.23583984375,-8481.96484375,"Epi_SecA","#E69F00"
"bfikmajg-1",-6.13160700252366,-0.544354166225608,7387.47705078125,-8467.13671875,"Epi_SecA","#E69F00"
"bfikpggd-1",-6.79948563030076,0.0269157259305163,7390.78515625,-8479.3515625,"Epi_SecA","#E69F00"
"bfildmba-1",-6.00208706310105,0.200651024146859,7380.9736328125,-8475.91015625,"Epi_SecA","#E69F00"
"bfilgkcg-1",-5.17668671062303,1.61074591116506,7386.4228515625,-8471.1005859375,"Epi_SecA","#E69F00"
"bfilnmgg-1",-6.71556991985154,-0.786802883581336,7369.77978515625,-8446.705078125,"Epi_SecA","#E69F00"
"bfiloknh-1",-5.65972132137132,-1.32863759560984,7377.73046875,-8457.2607421875,"Epi_SecA","#E69F00"
"bfimbcpp-1",-5.18634123256517,-1.63603353066843,7370.65576171875,-8454.8974609375,"Epi_SecA","#E69F00"
"bfimfili-1",-5.24700445583177,0.254681710763757,7376.47802734375,-8464.7119140625,"Epi_SecA","#E69F00"
"bfimgenp-1",-5.49867815425706,1.15407669977743,7383.24609375,-8446.509765625,"Epi_SecA","#E69F00"
"bfimhdjg-1",-5.96722835948777,-2.04798078103464,7367.55029296875,-8437.4326171875,"Epi_SecA","#E69F00"
"bfimjhpa-1",-6.57514566829515,-0.771663065389808,7379.90771484375,-8438.85546875,"Epi_SecA","#E69F00"
"bfimkldh-1",-5.15101952007127,-1.79320203824442,7402.8876953125,-8417.990234375,"Epi_SecA","#E69F00"
"bfimohca-1",-5.14865250041795,-1.47882067723673,7411.20751953125,-8415.9892578125,"Epi_SecA","#E69F00"
"bfinclji-1",-4.8387770121367,-0.261129002408202,7413.451171875,-8465.4931640625,"Epi_SecA","#E69F00"
"bfincoib-1",-6.17909235408616,-0.136820151791985,7400.7470703125,-8478.2783203125,"Epi_SecA","#E69F00"
"bfindaga-1",-5.54396051814866,-0.521491761640723,7406.8330078125,-8478.923828125,"Epi_SecA","#E69F00"
"bfindhhl-1",-6.31553072383714,0.207893793149774,7405.2626953125,-8462.103515625,"Epi_SecA","#E69F00"
"bfinebph-1",-6.10129112651658,-1.90398466153544,7406.390625,-8428.9775390625,"Epi_SecA","#E69F00"
"bfinhdoo-1",-6.3865532343657,-0.566085423664268,7400.84912109375,-8454.6650390625,"Epi_SecA","#E69F00"
"bfinigfb-1",-5.48048538616014,-0.738612349466498,7407.130859375,-8448.9130859375,"Epi_SecA","#E69F00"
"bfinljij-1",-6.14969343593431,0.576043967767541,7419.47412109375,-8437.953125,"Epi_SecA","#E69F00"
"bfinnhak-1",-5.59053177287889,-0.905644054845984,7399.6171875,-8440.2783203125,"Epi_SecA","#E69F00"
"bfinoagp-1",-5.77633137157273,-2.20382892651957,7418.21728515625,-8423.9482421875,"Epi_SecA","#E69F00"
"bfinogej-1",-1.83156842639756,-0.848020549253638,7409.8779296875,-8423.7646484375,"Epi_SecA","#E69F00"
"bfinpged-1",-4.97991032054734,2.00415051416952,7425.86669921875,-8424.412109375,"Epi_SecA","#E69F00"
"bfiobpof-1",-1.77544016292405,2.74047816233236,7416.798828125,-8416.2021484375,"Epi_SecA","#E69F00"
"bfiocaba-1",-3.8136624758513,1.20740390257436,7406.03955078125,-8380.625,"Epi_SecA","#E69F00"
"bfiocibc-1",-5.0299448435576,0.103705663843934,7411.12451171875,-8394.1572265625,"Epi_SecA","#E69F00"
"bfiocpnk-1",-6.55203051021409,-0.242379005388434,7402.37890625,-8389.359375,"Epi_SecA","#E69F00"
"bfiogooj-1",-5.21602482250047,-1.65393042130869,7397.12255859375,-8381.90625,"Epi_SecA","#E69F00"
"bfiohmkp-1",-5.65642303874803,0.249462489648645,7403.71923828125,-8399.0791015625,"Epi_SecA","#E69F00"
"bfiohpip-1",-6.39816660335374,-0.0191864327947454,7425.84912109375,-8385.2138671875,"Epi_SecA","#E69F00"
"bfiojhej-1",-5.23310369899583,1.15774035887319,7436.283203125,-8407.302734375,"Epi_SecA","#E69F00"
"bfiojjln-1",-5.46536774089646,-0.689763839677985,7429.39111328125,-8397.427734375,"Epi_SecA","#E69F00"
"bfiolhea-1",-5.71641249111009,-0.460164274410422,7438.0654296875,-8392.005859375,"Epi_SecA","#E69F00"
"bfiopkee-1",-5.93872494151902,-1.39026367230814,7382.5341796875,-8387.4931640625,"Epi_SecA","#E69F00"
"bfipbipl-1",-6.16667885234666,-1.35667132897776,7389.06494140625,-8392.05859375,"Epi_SecA","#E69F00"
"bfipdbpb-1",-5.3879017298491,-1.82961368127268,7386.42529296875,-8376.2744140625,"Epi_SecA","#E69F00"
"bfipeibe-1",-6.33996433666062,-0.401212866739448,7377.28369140625,-8379.1455078125,"Epi_SecA","#E69F00"
"bfipffbj-1",-6.72829336574388,-0.542102868990119,7383.47607421875,-8418.1484375,"Epi_SecA","#E69F00"
"bfipippn-1",-6.76254076412034,-0.452289487556632,7381.62744140625,-8426.8828125,"Epi_SecA","#E69F00"
"bfipjlij-1",-6.37614387920213,-1.28244661851328,7378.8662109375,-8402.734375,"Epi_SecA","#E69F00"
"bfipmldn-1",-5.47717947414231,-1.68544435067576,7372.7734375,-8411.5380859375,"Epi_SecA","#E69F00"
"bfippgae-1",-6.71284098079515,0.386392091079537,7388.33984375,-8400.763671875,"Epi_SecA","#E69F00"
"bfjablkj-1",-5.50868076732469,-1.84695696397227,7396.048828125,-8406.5849609375,"Epi_SecA","#E69F00"
"bfjahbmi-1",-3.45503038814378,-0.760037477449592,7496.96875,-8280.404296875,"Epi_SecA","#E69F00"
"bfjalnoh-1",-0.583325571325542,0.504718188806359,7489.43798828125,-8284.75390625,"Epi_SecA","#E69F00"
"bfjamgnd-1",-3.10945839336229,-0.956133480505164,7491.09765625,-8303.5595703125,"Epi_SecA","#E69F00"
"bfjamknk-1",-3.70023579051805,-0.487654145197089,7491.21142578125,-8316.6416015625,"Epi_SecA","#E69F00"
"bfjbacoc-1",-4.7004804079802,-0.791036363081153,7495.19140625,-8308.96875,"Epi_SecA","#E69F00"
"bfjbfeij-1",0.928896852823972,2.52740371660787,7474.05517578125,-8307.4375,"Epi_SecA","#E69F00"
"bfjbmfpb-1",-4.06013292720628,0.640421096845452,7479.57861328125,-8310.1220703125,"Epi_SecA","#E69F00"
"bfjboleh-1",-2.39593119075608,2.38099992708761,7474.23193359375,-8314.8134765625,"Epi_SecA","#E69F00"
"bfjcaogf-1",-2.92726630618882,-0.254785086349662,7480.318359375,-8300.763671875,"Epi_SecA","#E69F00"
"bfjccnah-1",-0.978633589056255,1.42167926268179,7475.7578125,-8292.2578125,"Epi_SecA","#E69F00"
"bfjcephd-1",-1.87307948520494,0.626389448209588,7493.24169921875,-8298.255859375,"Epi_SecA","#E69F00"
"bfjcfgcj-1",-3.49623197963548,-0.103384485789652,7489.0546875,-8289.7900390625,"Epi_SecA","#E69F00"
"bfjcfkip-1",-3.6134352152617,-0.98766463561457,7510.8740234375,-8415.3525390625,"Epi_SecA","#E69F00"
"bfjcgmlk-1",-3.46139616420579,-1.21760630174082,7525.556640625,-8423.171875,"Epi_SecA","#E69F00"
"bfjchfbh-1",-3.08228582790208,-0.376979585127051,7518.55224609375,-8420.193359375,"Epi_SecA","#E69F00"
"bfjchidh-1",-3.73572487285447,-0.933883245424445,7532.59130859375,-8416.435546875,"Epi_SecA","#E69F00"
"bfjchmcg-1",-3.62618774822068,-1.0392430381338,7524.15966796875,-8413.30078125,"Epi_SecA","#E69F00"
"bfjcjehc-1",-4.42705196788621,-0.283881078795608,7515.3076171875,-8429.7353515625,"Epi_SecA","#E69F00"
"bfjckllf-1",5.16228299686599,-5.39758359952372,7532.8935546875,-8436.8828125,"T cell","#1C91D4"
"bfjcllpj-1",-4.45034021785569,-1.47190928025645,7527.4306640625,-8435.783203125,"Epi_SecA","#E69F00"
"bfjclpdo-1",-3.1082603400023,-1.41119551225107,7522.904296875,-8433.30859375,"Epi_SecA","#E69F00"
"bfjcmekk-1",8.51022582599807,-5.25692474408549,7511.52099609375,-8522.71484375,"Plasma cell","#005685"
"bfjdciah-1",-3.62619966914964,2.20286453203756,7453.21923828125,-8485.6240234375,"Epi_SecA","#E69F00"
"bfjdnobe-1",0.662743688616036,3.48531663851339,7473.20166015625,-8472.93359375,"Epi_SecA","#E69F00"
"bfjdobbl-1",-0.56546670844865,3.11314952807028,7463.412109375,-8486.5625,"Epi_SecA","#E69F00"
"bfjeaapo-1",-3.30734533717942,2.52386606173116,7462.3544921875,-8467.0830078125,"Epi_SecA","#E69F00"
"bfjebbce-1",-6.47462601116014,2.59076273874838,7463.72216796875,-8476.681640625,"Epi_SecA","#E69F00"
"bfjeblmo-1",-4.1597523157866,1.58434260325033,7457.16748046875,-8484.3056640625,"Epi_SecA","#E69F00"
"bfjedffp-1",-4.10013241222215,2.25816238360006,7469.62939453125,-8334.9873046875,"Epi_SecA","#E69F00"
"bfjegpbf-1",-4.97255844524217,-0.38100763721865,7473.49560546875,-8367.7099609375,"Epi_SecA","#E69F00"
"bfjemcnb-1",-4.26717132976365,-0.403733070329841,7469.04150390625,-8351.42578125,"Epi_SecA","#E69F00"
"bfjemkon-1",-4.60865921428514,-1.13590526147288,7457.52001953125,-8350.6787109375,"Epi_SecA","#E69F00"
"bfjenija-1",-4.4328121607573,-1.20904588265818,7460.30517578125,-8359.337890625,"Epi_SecA","#E69F00"
"bfjfbaom-1",-5.08245939662767,-1.96999907060068,7449.78466796875,-8380.173828125,"Epi_SecA","#E69F00"
"bfjfdlje-1",-6.45699161937547,-0.899021799997504,7441.0107421875,-8381.1533203125,"Epi_SecA","#E69F00"
"bfjffkbm-1",-4.31529898097825,0.280025754733865,7446.82861328125,-8376.142578125,"Epi_SecA","#E69F00"
"bfjfindl-1",6.54685407230544,-4.46061718030375,7516.12939453125,-8313.6376953125,"T cell","#1C91D4"
"bfjfjaof-1",-2.44961757114244,-1.19671451611918,7520.31787109375,-8359.6572265625,"Epi_SecA","#E69F00"
"bfjfkbcf-1",-3.42750544002366,-1.08438324494761,7522.25048828125,-8349.03515625,"Epi_SecA","#E69F00"
"bfjflbhh-1",-2.60510010173631,-1.73885952992838,7515.4521484375,-8391.408203125,"Epi_SecA","#E69F00"
"bfjfmhai-1",-4.31802124431443,-0.994593615965064,7522.7734375,-8401.3720703125,"Epi_SecA","#E69F00"
"bfjgankb-1",-2.07564730098558,-0.40624835653704,7514.40673828125,-8407.798828125,"Epi_SecA","#E69F00"
"bfjgeeng-1",-3.02470297267747,-1.76688384576243,7518.79052734375,-8406.7197265625,"Epi_SecA","#E69F00"
"bfjgegoc-1",1.50363164493728,-2.67143713994425,7510.7685546875,-8400.7685546875,"Mesenchymal","#F0E442"
"bfjghdhj-1",-2.05981773784471,-0.479664977029975,7517.5869140625,-8365.935546875,"Epi_SecA","#E69F00"
"bfjghlnc-1",-2.73108977725816,-1.52183532281321,7513.6708984375,-8372.9267578125,"Epi_SecA","#E69F00"
"bfjgidao-1",-2.62458724429917,-0.904683764414008,7524.3046875,-8369.791015625,"Epi_SecA","#E69F00"
"bfjgjfge-1",-3.01922220638108,-0.905980463461097,7480.6865234375,-8345.21875,"Epi_SecA","#E69F00"
"bfjgjjag-1",10.1971784169404,5.95045507387716,7490.841796875,-8398.4248046875,"Endothelial","#D55E00"
"bfjgmcjc-1",-4.54434437206102,-1.02894633574885,7485.84228515625,-8357.236328125,"Epi_SecA","#E69F00"
"bfjgpigl-1",-3.21819180896592,0.977484826608483,7478.8662109375,-8353.1416015625,"Epi_SecA","#E69F00"
"bfjhbfgc-1",-3.45894569804979,-2.58927404447001,7493.36865234375,-8349.8056640625,"Epi_SecA","#E69F00"
"bfjhbjmk-1",-3.34244865825486,-1.43208074136179,7491.4521484375,-8326.169921875,"Epi_SecA","#E69F00"
"bfjhchpd-1",-2.72791332652879,-1.26530503793162,7486.21923828125,-8338.875,"Epi_SecA","#E69F00"
"bfjhfhek-1",-3.64311499049974,-1.70423781438273,7495.69287109375,-8338.228515625,"Epi_SecA","#E69F00"
"bfjhopfg-1",-6.25868076732469,-2.31745039983195,7357.10986328125,-8381.65234375,"Epi_SecA","#E69F00"
"bfjiakgf-1",-4.39532608440232,1.96509015993673,7362.1181640625,-8364.5859375,"Epi_SecA","#E69F00"
"bfjikcnb-1",-5.69475645473313,-2.23506557507914,7370.6572265625,-8396.1005859375,"Epi_SecA","#E69F00"
"bfjjbnao-1",-6.78467077663255,-0.342038716510947,7368.62109375,-8380.9326171875,"Epi_SecA","#E69F00"
"bfjjdcme-1",-6.86078352382493,0.223251883550469,7364.0078125,-8372.4736328125,"Epi_SecA","#E69F00"
"bfjjffpf-1",-5.42096323421312,0.127931807800119,7369.67041015625,-8372.0390625,"Epi_SecA","#E69F00"
"bfjjldam-1",-5.51685614040208,1.07715356783468,7367.41748046875,-8365.255859375,"Epi_SecA","#E69F00"
"bfjjmfgp-1",-6.7734522288115,-0.978565092519935,7353.015625,-8361.5380859375,"Epi_SecA","#E69F00"
"bfjjnnpd-1",-5.92277187755418,1.53389382795889,7357.98779296875,-8369.8603515625,"Epi_SecA","#E69F00"
"bfjkfged-1",-6.85666126659227,0.0868991954763575,7362.33837890625,-8501.0283203125,"Epi_SecA","#E69F00"
"bfjkpelg-1",-6.62395662715745,-0.103895512730892,7352.63037109375,-8502.46484375,"Epi_SecA","#E69F00"
"bfjlbgaf-1",-6.88234896114183,-0.0788755839179115,7374.4921875,-8499.4033203125,"Epi_SecA","#E69F00"
"bfjldpme-1",-5.60492176463914,-0.0900796568906711,7369.46533203125,-8510.181640625,"Epi_SecA","#E69F00"
"bfjlelee-1",-6.6738223498137,0.134031464024369,7380.568359375,-8484.388671875,"Epi_SecA","#E69F00"
"bfjlfifb-1",-5.60655636241746,-0.439855958656486,7390.72705078125,-8498.58984375,"Epi_SecA","#E69F00"
"bfjlihmh-1",-6.46161026408982,0.285297785564248,7385.47607421875,-8492.2734375,"Epi_SecA","#E69F00"
"bfjlnhch-1",-5.40274042537522,0.268366967006509,7378,-8506.7841796875,"Epi_SecA","#E69F00"
"bfjlpcle-1",-6.61963076045823,0.0474710954864665,7369.25927734375,-8490.181640625,"Epi_SecA","#E69F00"
"bfjmfhpo-1",-6.48230785777879,-0.0320415118197755,7354.880859375,-8513.052734375,"Epi_SecA","#E69F00"
"bfjmhedh-1",-5.91063589504075,0.816152576967065,7363.265625,-8519.6943359375,"Epi_SecA","#E69F00"
"bfjmmmdh-1",-6.3516320650847,1.42244148687917,7363.34033203125,-8511.9912109375,"Epi_SecA","#E69F00"
"bfjnldfc-1",-5.9214972918303,-2.94162761731547,7357.509765625,-8478.9228515625,"Epi_SecA","#E69F00"
"bfjnnpci-1",-6.77723783901048,-0.188595409826453,7352.65234375,-8462.1103515625,"Epi_SecA","#E69F00"
"bfjobmep-1",-5.56837744167161,-1.03312599225443,7357.9794921875,-8488.6201171875,"Epi_SecA","#E69F00"
"bfjocfkk-1",-4.06294054439378,-0.62463801665705,7352.32177734375,-8494.1875,"Epi_SecA","#E69F00"
"bfjpglio-1",-6.77015966823411,-0.0322277130047635,7359.18310546875,-8446.2041015625,"Epi_SecA","#E69F00"
"bfjpkhip-1",-6.04482836177659,-3.14763032956522,7357.87255859375,-8424.7451171875,"Epi_SecA","#E69F00"
"bfkaihpj-1",-5.84106535365892,-2.35256468816202,7355.91162109375,-8404.423828125,"Epi_SecA","#E69F00"
"bfkancnk-1",-5.30092901637864,-1.54610561891001,7364.2880859375,-8404.80078125,"Epi_SecA","#E69F00"
"bflcknpl-1",-3.94685501506639,0.557186250253503,7500.06494140625,-7837.10888671875,"Epi_SecA","#E69F00"
"bflcnhgp-1",-5.94709009578538,0.213466022773568,7495.13427734375,-7875.50244140625,"Epi_SecA","#E69F00"
"bflcombn-1",-5.41061157634568,0.984723929925744,7504.693359375,-7886.0712890625,"Epi_SecA","#E69F00"
"bfldahpe-1",-4.73326391628099,0.433861558004205,7496.72607421875,-7886.97021484375,"Epi_SecA","#E69F00"
"bfldcoml-1",-2.35907048633409,1.17292142347891,7521.21533203125,-7982.5908203125,"Epi_SecA","#E69F00"
"bfldfipc-1",-5.82743067195726,-2.99499165578287,7520.5244140625,-7972.990234375,"Epi_SecA","#E69F00"
"bfldhjem-1",2.18761830875563,-2.6775275425474,7512.15234375,-7982.23876953125,"Mesenchymal","#F0E442"
"bfldhokg-1",-8.48859447887254,2.00720036463339,7529.009765625,-7980.3173828125,"Epi_SecA","#E69F00"
"bfldmpjc-1",-2.06579656055284,2.12332761721212,7511.5322265625,-7961.1533203125,"Epi_SecA","#E69F00"
"bfldpodl-1",-6.09950918605638,-0.358438785509284,7527.4658203125,-7955.205078125,"Epi_SecA","#E69F00"
"bflebafn-1",-3.02560419490647,2.17557681040365,7504.16455078125,-7957.0126953125,"Epi_SecA","#E69F00"
"bflebdfp-1",-2.90888947894883,-0.595223720506843,7496.9365234375,-7905.703125,"Epi_SecA","#E69F00"
"bflefbdd-1",-3.26197952678514,1.03892577128011,7491.49365234375,-7909.96484375,"Epi_SecA","#E69F00"
"bflegcpe-1",-2.38819879939866,-1.36056839986246,7467.6787109375,-7974.16162109375,"Epi_SecA","#E69F00"
"bflegfbn-1",-3.22538895061326,-1.0254507021467,7483.99365234375,-7978.015625,"Epi_SecA","#E69F00"
"bflejfke-1",-3.13825292041612,-0.180431562797244,7493.09619140625,-7971.1640625,"Epi_SecA","#E69F00"
"bfleooba-1",-5.95285314967942,1.52431488470632,7480.05078125,-7969.88427734375,"Epi_SecA","#E69F00"
"bflfchdl-1",-6.34452289989305,0.785197441144769,7472.0439453125,-7943.9716796875,"Epi_SecA","#E69F00"
"bflfchmo-1",-5.17161793163133,0.477565829320733,7481.583984375,-7957.5302734375,"Epi_SecA","#E69F00"
"bflfcjne-1",-6.18100828578782,1.36104596094686,7477.06103515625,-7950.45849609375,"Epi_SecA","#E69F00"
"bflffkff-1",-2.27354998042894,-1.05918418927592,7469.41357421875,-7932.98291015625,"Epi_SecA","#E69F00"
"bflffobi-1",-2.65608186176133,-1.50123917622965,7480.82275390625,-7932.75634765625,"Epi_SecA","#E69F00"
"bflgaocf-1",2.8691931302278,-2.55103623433512,7479.0341796875,-7939.830078125,"Macrophage","#CC79A7"
"bflgbfok-1",-2.92777461459947,2.48682606653768,7464.501953125,-7935.95068359375,"Epi_SecA","#E69F00"
"bflgdbbd-1",-5.8281249468596,-0.0596405410627679,7483.443359375,-7910.9677734375,"Epi_SecA","#E69F00"
"bflgdkmc-1",-7.25034088542771,1.63588071302969,7467.32177734375,-7925.23828125,"Epi_SecA","#E69F00"
"bflgibje-1",-3.24377245357347,0.676195625825707,7478.259765625,-7921.42724609375,"Epi_SecA","#E69F00"
"bflgkcai-1",-5.18041366985154,-0.272277768091376,7470.748046875,-7915.14892578125,"Epi_SecA","#E69F00"
"bflgldhf-1",-6.44512981822801,1.35714900927145,7475.54248046875,-7846.0986328125,"Epi_SecA","#E69F00"
"bflhaikj-1",-5.9168495600493,0.122612421079461,7471.97314453125,-7853.25,"Epi_SecA","#E69F00"
"bflhakjf-1",-3.49737305095506,1.55473614172537,7491.8037109375,-7854.73876953125,"Epi_SecA","#E69F00"
"bflhbhoa-1",-5.27496284892869,0.769237284227197,7488.2646484375,-7845.07666015625,"Epi_SecA","#E69F00"
"bflhcffk-1",-5.20430082729173,1.00911486582357,7481.82470703125,-7867.83837890625,"Epi_SecA","#E69F00"
"bflhcobe-1",-5.17823213985276,0.0352558984001322,7479.8837890625,-7895.75830078125,"Epi_SecA","#E69F00"
"bflhdaic-1",-4.85210937908006,0.837037388845269,7486.59375,-7875.2470703125,"Epi_SecA","#E69F00"
"bflhedjk-1",-4.93439335277391,0.261520866914575,7468.8408203125,-7860.55029296875,"Epi_SecA","#E69F00"
"bflheecn-1",-1.22046799114061,-0.867258425192054,7473.92919921875,-7887.0234375,"Epi_SecB","#56B4E9"
"bflhhbbf-1",-2.94618672778916,-1.4417983250181,7476.1494140625,-7880.19921875,"Epi_SecA","#E69F00"
"bflhigim-1",-2.74672717502427,0.109916482730691,7474.568359375,-7869.9111328125,"Epi_SecA","#E69F00"
"bflhiiaa-1",-6.84770578792405,2.0776313586672,7501.1748046875,-8013.791015625,"Epi_SecA","#E69F00"
"bflhjcli-1",-5.61548561504197,2.56402099566061,7495.01708984375,-8007.64599609375,"Epi_SecA","#E69F00"
"bflhobmo-1",-7.43714470317674,1.64880764917928,7531.02197265625,-8011.92431640625,"Epi_SecA","#E69F00"
"bflhpdoo-1",-6.89130443981004,1.83868921236593,7522.56494140625,-8008.5009765625,"Epi_SecA","#E69F00"
"bfliacma-1",-5.53226942470384,0.639368001981561,7517.9873046875,-8000.134765625,"Epi_SecA","#E69F00"
"bfliaelh-1",-5.27598328044725,0.650564615293328,7504.44580078125,-7999.8408203125,"Epi_SecA","#E69F00"
"bfliccml-1",-5.20416159084153,0.475461487336938,7473.44677734375,-8106.10986328125,"Epi_SecA","#E69F00"
"bfligoma-1",-3.30135292461229,0.26393762664396,7476.48583984375,-8116.7333984375,"Epi_SecA","#E69F00"
"bfliilba-1",-4.50738615444017,0.464883033796136,7464.42529296875,-8116.22119140625,"Epi_SecA","#E69F00"
"bflinhpi-1",-4.4028787081511,0.377087358995263,7490.98046875,-8146.6220703125,"Epi_SecA","#E69F00"
"bflioepd-1",-1.96076983859849,0.00796930180389124,7493.1884765625,-8191.533203125,"Epi_SecA","#E69F00"
"bfljeocg-1",-3.74365896632981,-1.0597017364065,7484.1015625,-8189.34521484375,"Epi_SecA","#E69F00"
"bfljeoib-1",-4.35673994472337,0.339658771320169,7490.24609375,-8156.615234375,"Epi_SecA","#E69F00"
"bfljfjii-1",-6.45217890193772,1.53958118395406,7472.44384765625,-8150.4072265625,"Epi_SecA","#E69F00"
"bfljhnld-1",-5.65791887691331,0.469898764653985,7472.50537109375,-8122.0791015625,"Epi_SecA","#E69F00"
"bfljicgg-1",-4.96076387813401,-0.239045913652595,7471.544921875,-8140.71728515625,"Epi_SecA","#E69F00"
"bfljipin-1",-4.12676090648484,0.432613198324029,7481.4677734375,-8127.4580078125,"Epi_SecA","#E69F00"
"bfljkmgk-1",-5.92230314662767,0.569836144014184,7512.29833984375,-8093.26513671875,"Epi_SecA","#E69F00"
"bfljknep-1",-7.06956619670701,0.653653745218102,7519.74365234375,-8101.37158203125,"Epi_SecA","#E69F00"
"bfljmlki-1",-4.69993252208543,-0.0420928107063131,7512.486328125,-8073.115234375,"Epi_SecA","#E69F00"
"bfljnpia-1",-5.58838028362107,0.823480789228265,7524.1064453125,-8081.38037109375,"Epi_SecA","#E69F00"
"bfljpane-1",-5.86468738963914,0.814087872072045,7534.0400390625,-8114.71630859375,"Epi_SecA","#E69F00"
"bflkadhe-1",-6.52300781658006,1.7951571984728,7528.96728515625,-8096.6875,"Epi_SecA","#E69F00"
"bflkbhbp-1",-5.49896282604051,2.19168293909628,7524.1435546875,-8089.75830078125,"Epi_SecA","#E69F00"
"bflkcacc-1",-4.68823332240892,3.37147534327108,7496.25048828125,-8092.7880859375,"Epi_SecA","#E69F00"
"bflkdhcn-1",-4.5233940546782,0.853744391961877,7505.8984375,-8076.18408203125,"Epi_SecA","#E69F00"
"bflkhpek-1",-6.35772890498948,0.918643240495507,7502.14111328125,-8098.55517578125,"Epi_SecA","#E69F00"
"bflkjole-1",-5.86244911601854,0.0398455007513209,7463.0126953125,-8092.615234375,"Epi_SecA","#E69F00"
"bflkkpoc-1",-6.78445763042283,1.37752592997152,7463.80615234375,-8101.869140625,"Epi_SecA","#E69F00"
"bflklcbc-1",-5.73595709255052,0.000908721848313393,7453.0458984375,-8101.6240234375,"Epi_SecA","#E69F00"
"bflkmcno-1",-3.87415499141526,1.0161136432131,7469.9248046875,-8095.439453125,"Epi_SecA","#E69F00"
"bflkpinh-1",-4.58402485301805,0.929236416383569,7466.08056640625,-8070.32958984375,"Epi_SecA","#E69F00"
"bfllboic-1",-4.85547108104539,1.55631256537039,7464.4140625,-8075.9267578125,"Epi_SecA","#E69F00"
"bflldcom-1",-4.74640221050096,-0.422628040746863,7476.0185546875,-8077.65380859375,"Epi_SecA","#E69F00"
"bfllhfgi-1",-4.87268347194505,2.49540675119955,7486.7705078125,-8025.25634765625,"Epi_SecA","#E69F00"
"bfllpjde-1",-6.25925821712327,1.99653494791586,7491.82470703125,-8021.1728515625,"Epi_SecA","#E69F00"
"bfllpmmg-1",-6.63808435848069,1.01303089098531,7491.16455078125,-8039.8828125,"Epi_SecA","#E69F00"
"bflmbhop-1",-6.07525963237596,1.36405182318289,7507.537109375,-8029.20751953125,"Epi_SecA","#E69F00"
"bflmfcid-1",-6.54199881007981,1.5517399354418,7519.36767578125,-8024.283203125,"Epi_SecA","#E69F00"
"bflmfdek-1",-4.86502832820726,1.22715819315511,7519.0966796875,-8034.26318359375,"Epi_SecA","#E69F00"
"bflmgkpk-1",-4.75193304469895,3.19449818567831,7507.9521484375,-8039.89892578125,"Epi_SecA","#E69F00"
"bflmiimc-1",-5.72864479472947,1.73860729174215,7496.98095703125,-8045.8212890625,"Epi_SecA","#E69F00"
"bflmjhip-1",-7.23980945995164,0.828809206052606,7512.7216796875,-8053.92724609375,"Epi_SecA","#E69F00"
"bflmlcgk-1",-4.10285324504686,0.84352159933645,7527.30908203125,-8063.66455078125,"Epi_SecA","#E69F00"
"bflndfim-1",1.40058159181762,-2.41420685811442,7518.80712890625,-8068.69140625,"Epi_SecA","#E69F00"
"bflnilmd-1",-3.25873274257493,-1.55973124070566,7511.560546875,-8059.56982421875,"Epi_SecA","#E69F00"
"bflnjgem-1",-5.59874100139451,1.17538035349447,7521.041015625,-8046.83642578125,"Epi_SecA","#E69F00"
"bflnmbgk-1",-6.35596174648118,2.25429523424703,7481.23974609375,-8036.2255859375,"Epi_SecA","#E69F00"
"bflnmkgp-1",-6.31075233867479,0.154524211450402,7482.43212890625,-8065.24951171875,"Epi_SecA","#E69F00"
"bflnnink-1",-5.11552757671189,0.307281766696755,7473.20849609375,-8058.67333984375,"Epi_SecA","#E69F00"
"bflnoglc-1",-5.61121887615037,0.735841993852441,7475.24951171875,-8046.56591796875,"Epi_SecA","#E69F00"
"bflnpaol-1",-4.31522554805589,3.17836940722067,7495.96533203125,-8031.0947265625,"Epi_SecA","#E69F00"
"bflodgfn-1",-6.40950483730149,1.15242493586141,7450.67333984375,-7943.6826171875,"Epi_SecA","#E69F00"
"bfloempp-1",-6.03476232936692,1.57518601851064,7431.48486328125,-7946.6171875,"Epi_SecA","#E69F00"
"bflokmlm-1",-7.57156319072557,2.24212921099264,7441.45703125,-7944.78662109375,"Epi_SecA","#E69F00"
"bfloncie-1",-2.96718305995774,1.23370063738424,7461.4697265625,-7938.8203125,"Epi_SecA","#E69F00"
"bflonmkn-1",-5.67768234660936,1.94027054743368,7431.181640625,-7978.8828125,"Epi_SecA","#E69F00"
"bfloohji-1",-4.80475849559617,0.556949977441613,7420.2470703125,-7998.7509765625,"Epi_SecA","#E69F00"
"bflpbaii-1",-5.34258455684495,0.43918079571325,7422.75634765625,-7990.55078125,"Epi_SecA","#E69F00"
"bflpbchp-1",-6.34804338863206,1.5177598042925,7435.275390625,-7986.796875,"Epi_SecA","#E69F00"
"bflpcacb-1",-3.6791467135222,2.77589834169943,7439.84619140625,-7979.0654296875,"Epi_SecA","#E69F00"
"bflpcaoi-1",-3.16138858249498,0.483733479543511,7456.55322265625,-7961.50048828125,"Epi_SecA","#E69F00"
"bflpclpb-1",-7.64997333934617,2.09976971582967,7450.123046875,-8021.916015625,"Epi_SecA","#E69F00"
"bflphdbc-1",-3.69455093791795,3.33061683611471,7456.8818359375,-8018.8701171875,"Epi_SecA","#E69F00"
"bflphpnc-1",-6.75842375209642,1.94102728800375,7452.546875,-7981.353515625,"Epi_SecA","#E69F00"
"bflplmkd-1",-5.4833402102263,0.640920762582604,7456.60107421875,-7971.15185546875,"Epi_SecA","#E69F00"
"bflpnbdm-1",-4.72397941997361,-0.1230488562445,7440.66552734375,-7957.09765625,"Epi_SecA","#E69F00"
"bflpobhj-1",-2.79306024959397,2.3914057059725,7443.7421875,-7969.78955078125,"Epi_SecA","#E69F00"
"bfmaecfg-1",-5.62019962718797,1.8233748717745,7430.83740234375,-7969.26220703125,"Epi_SecA","#E69F00"
"bfmaeekd-1",-4.15434402873826,0.160731230541055,7446.23193359375,-7963.08740234375,"Epi_SecA","#E69F00"
"bfmafajj-1",-6.30446762492967,0.0152249826629801,7438.24072265625,-8161.78662109375,"Epi_SecA","#E69F00"
"bfmamcel-1",-5.9438213770659,-0.110901560024436,7433.4111328125,-8171.34716796875,"Epi_SecA","#E69F00"
"bfmaodgm-1",-6.17520088603807,1.42411053614217,7448.2099609375,-8172.31201171875,"Epi_SecA","#E69F00"
"bfmaonce-1",-5.19845814159227,0.894793812795465,7423.7119140625,-8165.28271484375,"Epi_SecA","#E69F00"
"bfmbaohl-1",-4.44175953319383,0.0447708411653681,7454.013671875,-8191.41796875,"Epi_SecA","#E69F00"
"bfmbdccj-1",-4.57394689967942,-0.910425122217353,7442.5830078125,-8198.25,"Epi_SecA","#E69F00"
"bfmbfndp-1",-4.81407970836473,-0.41962566538256,7447.75146484375,-8196.490234375,"Epi_SecA","#E69F00"
"bfmbjoej-1",-6.31957954814744,0.381988619132821,7434.21142578125,-8181.95556640625,"Epi_SecA","#E69F00"
"bfmbkejc-1",-4.22864956310105,-0.391176964477714,7436.5869140625,-8200.771484375,"Epi_SecA","#E69F00"
"bfmbljof-1",-4.54968494823289,-1.8907114223997,7433.49267578125,-8194.4814453125,"Epi_SecA","#E69F00"
"bfmblpmj-1",-4.89829391887498,-0.127606503055509,7428.2666015625,-8189.22314453125,"Epi_SecA","#E69F00"
"bfmbmbjg-1",-6.01919025829148,0.125063438578431,7423.4775390625,-8177.34130859375,"Epi_SecA","#E69F00"
"bfmbmnoh-1",-5.15036768367601,-0.165967206792052,7415.0439453125,-8190.22509765625,"Epi_SecA","#E69F00"
"bfmcbljh-1",-5.79392380168748,1.46473539309103,7420.1259765625,-8182.62060546875,"Epi_SecA","#E69F00"
"bfmccjna-1",-5.66505283763719,1.39799809889394,7455.2333984375,-8067.9189453125,"Epi_SecA","#E69F00"
"bfmcdclk-1",-3.22506017139268,-1.24027657075327,7421.00390625,-8075.85693359375,"Epi_SecA","#E69F00"
"bfmcdohn-1",-2.79811138561082,-1.46468460126322,7429.189453125,-8069.16796875,"Epi_SecA","#E69F00"
"bfmcgbdc-1",-6.65931791713548,0.558983926339929,7440.4580078125,-8079.04833984375,"Epi_SecA","#E69F00"
"bfmciajf-1",-4.74329800060105,-0.358149375156577,7447.97509765625,-8074.95947265625,"Epi_SecA","#E69F00"
"bfmclfep-1",-3.14071006229234,1.95129335360128,7448.462890625,-8068.66748046875,"Epi_SecA","#E69F00"
"bfmclhjg-1",-6.54003281047654,1.22208965258199,7437.767578125,-8134.47216796875,"Epi_SecA","#E69F00"
"bfmdcdbg-1",-4.88659996440721,0.122022320195024,7452.57373046875,-8153.78369140625,"Epi_SecA","#E69F00"
"bfmddfgd-1",-4.77530235698533,0.801916186376397,7447.29248046875,-8145.42822265625,"Epi_SecA","#E69F00"
"bfmdejff-1",5.13161569187331,-5.2288757519285,7413.61962890625,-8135.87890625,"Mesenchymal","#F0E442"
"bfmdgeed-1",-4.23372501781297,-0.0929446708190565,7423.93994140625,-8101.8359375,"Epi_SecA","#E69F00"
"bfmdhaga-1",-2.75691098621202,1.11504507498342,7430.095703125,-8115.9677734375,"Epi_SecA","#E69F00"
"bfmdhiij-1",-5.19546598842454,-0.691321666673835,7432.76123046875,-8110.6494140625,"Epi_SecA","#E69F00"
"bfmdhokn-1",-2.55588097026658,2.83013928370077,7422.25439453125,-8107.48193359375,"Epi_SecA","#E69F00"
"bfmdiacp-1",-6.32842916896653,1.94149625734884,7440.0458984375,-8021.6103515625,"Epi_SecA","#E69F00"
"bfmdljpa-1",-4.06672186305833,1.54336488680441,7430.50341796875,-8026.84228515625,"Epi_SecA","#E69F00"
"bfmdojhn-1",-3.99800438335252,1.51479399637777,7451.33251953125,-8050.990234375,"Epi_SecA","#E69F00"
"bfmeeapk-1",-1.93901771953416,2.35068333582479,7449.2763671875,-8056.98486328125,"Epi_SecA","#E69F00"
"bfmehagk-1",-4.13160032680345,2.59193361239034,7417.939453125,-8036.22900390625,"Epi_SecA","#E69F00"
"bfmejpai-1",-1.4838821356566,1.32314336733419,7422.5439453125,-8064.43896484375,"Epi_SecA","#E69F00"
"bfmepjja-1",-5.04197878291917,0.237219486995523,7420.35400390625,-8043.142578125,"Epi_SecA","#E69F00"
"bfmfnjip-1",-6.08887667110276,0.211216126247232,7445.22802734375,-8038.3798828125,"Epi_SecA","#E69F00"
"bfmgdjek-1",-3.76852077892137,2.02989066080648,7435.455078125,-8036.662109375,"Epi_SecA","#E69F00"
"bfmgfcpl-1",-4.4506253664763,0.409115140004937,7461.396484375,-8054.1015625,"Epi_SecA","#E69F00"
"bfmgganc-1",-5.11551994731736,0.274818216129128,7442.890625,-8052.36572265625,"Epi_SecA","#E69F00"
"bfmghadp-1",-5.06053394725633,0.275723908706491,7457.03466796875,-8042.88427734375,"Epi_SecA","#E69F00"
"bfmglpad-1",-4.70682043483567,-0.124196027726944,7364.7265625,-7859.99267578125,"Epi_SecA","#E69F00"
"bfmgnmok-1",-4.5051531260283,0.314880256219689,7365.84375,-7869.58837890625,"Epi_SecA","#E69F00"
"bfmgoapn-1",-3.69065756252122,1.13462090925771,7363.51708984375,-7851.611328125,"Epi_SecA","#E69F00"
"bfmgomao-1",-6.32956118038011,0.918648962541406,7369.99072265625,-7891.88330078125,"Epi_SecA","#E69F00"
"bfmhaogi-1",-4.20711035182786,3.42815864519674,7366.62890625,-7904.8974609375,"Epi_SecA","#E69F00"
"bfmhbikf-1",-5.79136843135667,1.89162648157675,7361.681640625,-7908.82177734375,"Epi_SecA","#E69F00"
"bfmhdepb-1",-5.13847488811326,1.01897967295248,7354.5546875,-7902.15234375,"Epi_SecA","#E69F00"
"bfmhdjcf-1",-5.49669975688768,0.94820201830465,7385.02099609375,-7903.13232421875,"Epi_SecA","#E69F00"
"bfmhifhk-1",-6.94809765270066,1.84224141077596,7372.7490234375,-7899.96728515625,"Epi_SecA","#E69F00"
"bfmicafn-1",-3.02636665752244,1.03438187079031,7355.2021484375,-8004.5654296875,"Epi_SecA","#E69F00"
"bfmidjcc-1",-5.69213003566575,0.231846932931726,7353.53369140625,-8000.64453125,"Epi_SecA","#E69F00"
"bfmifiih-1",-5.76734489848924,0.511882130666558,7360.791015625,-8009.462890625,"Epi_SecA","#E69F00"
"bfmijglk-1",-6.67702192714524,1.53142071203787,7355.49951171875,-8023.61181640625,"Epi_SecA","#E69F00"
"bfminbfn-1",-5.49528879573655,0.903067056699578,7369.451171875,-8006.1767578125,"Epi_SecA","#E69F00"
"bfmipkjg-1",-6.20943588664842,-0.0456450463692502,7378.49755859375,-8005.53662109375,"Epi_SecA","#E69F00"
"bfmjbnla-1",-4.20520634105516,0.433111135526483,7367.408203125,-8017.505859375,"Epi_SecA","#E69F00"
"bfmjeboh-1",-4.60531372478318,1.17508280710775,7365.02294921875,-8027.9404296875,"Epi_SecA","#E69F00"
"bfmjehcb-1",-6.40648645809007,1.99340832666952,7407.15771484375,-8040.1826171875,"Epi_SecA","#E69F00"
"bfmkddhi-1",-3.83175367763353,0.127883379026239,7398.4697265625,-8042.7392578125,"Epi_SecA","#E69F00"
"bfmlffmm-1",-3.33331818034959,2.01133835749227,7409.9814453125,-7997.935546875,"Epi_SecA","#E69F00"
"bfmlghpm-1",-4.88890404155564,0.353011076017205,7415.47998046875,-8029.69189453125,"Epi_SecA","#E69F00"
"bfmlhdog-1",-6.03975481441331,0.879055027528588,7408.8974609375,-8048.5224609375,"Epi_SecA","#E69F00"
"bfmlihpf-1",-4.7654275362761,0.894160096212213,7376.44775390625,-7965.83642578125,"Epi_SecA","#E69F00"
"bfmlkepd-1",-5.00411552837205,0.15220509903032,7385.4453125,-7954.81005859375,"Epi_SecA","#E69F00"
"bfmlnodb-1",-5.18214220455003,1.525854115053,7369.11572265625,-7952.92822265625,"Epi_SecA","#E69F00"
"bfmmdaim-1",-2.05102509906602,2.83793461756307,7362.89599609375,-7948.63671875,"Epi_SecA","#E69F00"
"bfmmdnca-1",-6.90088886668992,-1.895980949835,7369.673828125,-8175.58837890625,"Epi_SecA","#E69F00"
"bfmmhicd-1",-4.59482902934861,-0.109667347134169,7387.4873046875,-8175.0751953125,"Epi_SecA","#E69F00"
"bfmmkdie-1",-3.36452001979661,2.46660340265829,7380.88818359375,-8165.53125,"Epi_SecA","#E69F00"
"bfmnbmhk-1",-6.42850632121873,-0.168733346597369,7380.02490234375,-8171.0361328125,"Epi_SecA","#E69F00"
"bfmnbnnf-1",-4.56725115230394,0.294435654445474,7362.6220703125,-7982.29443359375,"Epi_SecA","#E69F00"
"bfmnfldi-1",-5.55826181819749,0.909590248628442,7367.9912109375,-7993.107421875,"Epi_SecA","#E69F00"
"bfmnmljn-1",-3.98798698833299,-0.669707234338935,7362.09423828125,-7972.6845703125,"Epi_SecA","#E69F00"
"bfmoemfg-1",-5.51597732951951,2.13675129847128,7357.30224609375,-7990.88525390625,"Epi_SecA","#E69F00"
"bfmojbmn-1",1.12985163280654,2.80978596644003,7357.88671875,-7948.58251953125,"Epi_SecA","#E69F00"
"bfmojecn-1",-5.44462150981736,0.977426414056603,7354.81201171875,-7953.88037109375,"Epi_SecA","#E69F00"
"bfmokoda-1",-5.0414924090178,-0.135151855037625,7385.138671875,-7868.85693359375,"Epi_SecA","#E69F00"
"bfmolnko-1",-3.98486847331834,2.93263853029806,7399.5341796875,-7881.8974609375,"Epi_SecA","#E69F00"
"bfmonfco-1",-3.90086931636644,0.933592681451623,7393.1640625,-7878.517578125,"Epi_SecA","#E69F00"
"bfmpfelg-1",-4.94010538509202,1.32732880549032,7376.5126953125,-7875.7099609375,"Epi_SecA","#E69F00"
"bfmphbem-1",-3.62863153865647,1.17804062800009,7389.82373046875,-7874.81005859375,"Epi_SecA","#E69F00"
"bfmpiaji-1",-3.38353866985154,-1.35396456284922,7375.78369140625,-7930.2861328125,"Epi_SecA","#E69F00"
"bfmpmigo-1",-3.82742733409715,-0.779108221964057,7363.0595703125,-7939.337890625,"Epi_SecA","#E69F00"
"bfmpolib-1",-3.98597139766526,0.042978291078393,7381.24072265625,-7941.74365234375,"Epi_SecA","#E69F00"
"bfnadcmn-1",-2.57442016055894,0.995756868882958,7364.32568359375,-7930.17919921875,"Epi_SecA","#E69F00"
"bfnadcpb-1",-5.53400272777391,1.10595655874807,7376.16162109375,-7914.486328125,"Epi_SecA","#E69F00"
"bfnaejbb-1",0.00388019630598913,2.69235074953634,7379.24267578125,-7920.1865234375,"Epi_SecA","#E69F00"
"bfnaepji-1",-6.03862471034837,1.23722088770467,7364.9208984375,-7914.8837890625,"Epi_SecA","#E69F00"
"bfnafkcl-1",-5.4836687510283,2.99261033968527,7415.21435546875,-7909.7783203125,"Epi_SecA","#E69F00"
"bfnagjai-1",-4.03450102260423,1.64269435839254,7400.3203125,-7934.98095703125,"Epi_SecA","#E69F00"
"bfnaigce-1",-2.92636293819261,0.698992137475793,7386.20068359375,-7918.12890625,"Epi_SecA","#E69F00"
"bfnajahn-1",-6.32632870128465,0.936609630151574,7399.90283203125,-7911.14453125,"Epi_SecA","#E69F00"
"bfnamclb-1",-1.65972227504563,2.1657615943392,7406.8056640625,-7903.04296875,"Epi_SecA","#E69F00"
"bfnamipd-1",-6.10509533336473,0.477750484510247,7404.5791015625,-7892.5400390625,"Epi_SecA","#E69F00"
"bfnapgej-1",-5.89523024013353,0.40377054051954,7520.73876953125,-7782.73388671875,"Epi_SecA","#E69F00"
"bfnbbcjo-1",-4.95134396007371,-0.815792615846808,7529.8349609375,-7783.34375,"Epi_SecA","#E69F00"
"bfnbboen-1",4.08262234279799,-4.89411508603495,7526.06884765625,-7778.67578125,"Epi_SecA","#E69F00"
"bfnbgilc-1",3.44403057644057,-2.39164888425272,7525.8154296875,-7784.16845703125,"Macrophage","#CC79A7"
"bfnbhhjc-1",-4.74856609752488,2.36857521967489,7515.36962890625,-7783.865234375,"Epi_SecA","#E69F00"
"bfncakjf-1",-6.7497877543242,1.61089301542837,7520.3994140625,-7759.716796875,"Epi_SecA","#E69F00"
"bfncbche-1",-5.24568361690354,-0.193503539399321,7506.90283203125,-7777.17138671875,"Epi_SecA","#E69F00"
"bfnccbhe-1",-3.06353539874864,-1.129867668585,7526.47119140625,-7765.49169921875,"Epi_SecA","#E69F00"
"bfncccee-1",-5.49657816341233,1.18378222422201,7515.8623046875,-7856.51220703125,"Epi_SecA","#E69F00"
"bfncfkjp-1",-6.67447132518602,1.11747336821157,7531.9208984375,-7869.6572265625,"Epi_SecA","#E69F00"
"bfnckbcl-1",-7.03094715526414,1.74764943556387,7522.20556640625,-7871.27099609375,"Epi_SecA","#E69F00"
"bfnckebh-1",-4.47796244075608,0.651779655977075,7502.10205078125,-7858.09521484375,"Epi_SecA","#E69F00"
"bfncoajj-1",-4.34142441203904,-0.45288246436518,7506.4248046875,-7921.67578125,"Epi_SecA","#E69F00"
"bfncocgo-1",-5.24055523326707,0.0827260358770533,7518.62646484375,-7933.435546875,"Epi_SecA","#E69F00"
"bfncohfm-1",-4.20303339412522,0.437531415983026,7511.080078125,-7929.677734375,"Epi_SecA","#E69F00"
"bfncoiik-1",-3.89372677257371,1.65809655623037,7528.07177734375,-7932.76318359375,"Epi_SecA","#E69F00"
"bfndfmki-1",-4.10323566844773,2.46479714350301,7529.42138671875,-7924.82568359375,"Epi_SecA","#E69F00"
"bfndghge-1",-4.19514746120286,-2.79082166715067,7521.70166015625,-7912.6396484375,"Epi_SecA","#E69F00"
"bfndmahh-1",-1.98510784557176,1.9644709868868,7514.8642578125,-7917.2021484375,"Epi_SecA","#E69F00"
"bfndnbpe-1",-4.34074825694871,0.204809848829095,7506.9443359375,-7912.9755859375,"Epi_SecA","#E69F00"
"bfndnljo-1",-6.20843357494187,1.5810641093691,7517.24169921875,-7885.90283203125,"Epi_SecA","#E69F00"
"bfndpgme-1",-5.72441381862474,-0.533310647443946,7512.94873046875,-7904.78759765625,"Epi_SecA","#E69F00"
"bfneabnp-1",-3.83832020213914,1.86211991743643,7508.4619140625,-7900.40478515625,"Epi_SecA","#E69F00"
"bfnegdjl-1",-6.01744360378099,1.4741544766863,7507.59716796875,-7893.82568359375,"Epi_SecA","#E69F00"
"bfnehkoa-1",-5.58651394298387,2.41580188707906,7511.05615234375,-7836.48974609375,"Epi_SecA","#E69F00"
"bfnejhpk-1",-3.94691700389695,3.17861402468282,7503.80859375,-7846.51806640625,"Epi_SecA","#E69F00"
"bfnekiig-1",-6.64984650066209,1.3185399814089,7530.46826171875,-7848.7607421875,"Epi_SecA","#E69F00"
"bfneocma-1",-7.26885837962937,2.28385365442831,7517.9921875,-7845.63134765625,"Epi_SecA","#E69F00"
"bfnfdeak-1",-4.16918749263597,0.975154404207055,7485.69140625,-7814.13330078125,"Epi_SecA","#E69F00"
"bfnfhkkp-1",-5.29599089076829,0.990806226297204,7512.4794921875,-7826.51904296875,"Epi_SecA","#E69F00"
"bfnfihho-1",-5.51864284923387,2.43850529627401,7503.09228515625,-7822.4873046875,"Epi_SecA","#E69F00"
"bfnfjccp-1",-4.63460106304002,0.850690071149652,7492.78759765625,-7818.53515625,"Epi_SecA","#E69F00"
"bfnflhbj-1",-6.92541069438768,1.91492426828939,7482.138671875,-7830.74560546875,"Epi_SecA","#E69F00"
"bfngcemh-1",-5.41662306239915,2.73344719843466,7492.634765625,-7830.92236328125,"Epi_SecA","#E69F00"
"bfnggkpb-1",0.207520001622914,2.4893323226412,7487.70166015625,-7837.2021484375,"Epi_SecA","#E69F00"
"bfnggmho-1",-3.67394728114915,1.44211769537527,7488.89208984375,-7792.8955078125,"Epi_SecA","#E69F00"
"bfngkoln-1",2.22124200412917,-1.20108389420908,7498.00390625,-7806.150390625,"Epi_SecA","#E69F00"
"bfnglkje-1",-5.48213476589036,0.19252124862272,7485.103515625,-7804.06005859375,"Epi_SecA","#E69F00"
"bfngohnd-1",-4.05498833110643,0.670963351293389,7497.55078125,-7795.5576171875,"Epi_SecA","#E69F00"
"bfnhoboa-1",-4.9455074732573,0.541647378965203,7479.58251953125,-7791.052734375,"Epi_SecA","#E69F00"
"bfnibpkc-1",-5.35023397853685,0.0228304906328364,7459.40673828125,-7790.24169921875,"Epi_SecA","#E69F00"
"bfnickbd-1",-5.94549316814256,0.181943510337655,7466.0341796875,-7788.556640625,"Epi_SecA","#E69F00"
"bfnigomn-1",-4.2515491907866,0.273868594928567,7458.3251953125,-7764.37158203125,"Epi_SecA","#E69F00"
"bfnihika-1",-6.23434395244432,1.16700196699697,7486.78369140625,-7780.58740234375,"Epi_SecA","#E69F00"
"bfnihofc-1",-3.80419725826097,-0.597663040594275,7497.94140625,-7778.09619140625,"Epi_SecA","#E69F00"
"bfnjaeep-1",-6.13926786830735,1.05262387232382,7482.259765625,-7752.83203125,"Epi_SecA","#E69F00"
"bfnjijea-1",-3.00518578937364,0.590303067727868,7402.8212890625,-7757.640625,"Epi_SecA","#E69F00"
"bfnjkolj-1",-5.99002260616136,1.1588537736376,7409.2001953125,-7753.3134765625,"Epi_SecA","#E69F00"
"bfnjoofj-1",1.40873109647918,2.4022163196047,7403.60791015625,-7848.0068359375,"Epi_SecA","#E69F00"
"bfnkebmc-1",-2.38409633090806,1.71121991114217,7389.91455078125,-7863.564453125,"Epi_SecA","#E69F00"
"bfnkhkeb-1",-6.40795177867723,1.10547078089315,7407.7841796875,-7866.6201171875,"Epi_SecA","#E69F00"
"bfnkjidl-1",-5.26549858501268,1.12203157381613,7408.41845703125,-7850.9150390625,"Epi_SecA","#E69F00"
"bfnkkcim-1",-3.80084461620164,0.014723543687646,7400.125,-7824.13330078125,"Epi_SecA","#E69F00"
"bfnlbhag-1",-6.72378820827317,1.76222384409506,7414.3037109375,-7838.39306640625,"Epi_SecA","#E69F00"
"bfnlbhim-1",-8.07689899852586,0.549214427038018,7408.97705078125,-7827.7822265625,"Epi_SecA","#E69F00"
"bfnldado-1",-4.10877508571458,0.528784994645898,7412.35888671875,-7791.73876953125,"Epi_SecA","#E69F00"
"bfnlfilj-1",-5.97786278179002,2.14994013743002,7394.455078125,-7811.7734375,"Epi_SecA","#E69F00"
"bfnlfphm-1",-4.87060064723802,1.09716666178304,7415.4560546875,-7800.400390625,"Epi_SecA","#E69F00"
"bfnlgjde-1",-2.99197954585862,0.120615397258584,7414.064453125,-7766.96240234375,"Epi_SecA","#E69F00"
"bfnllinm-1",-5.34729904582811,0.830006186528985,7391.84033203125,-7778.22509765625,"Epi_SecA","#E69F00"
"bfnlnmdj-1",-2.8126904433043,-0.0306171880523519,7407.12255859375,-7764.88134765625,"Epi_SecA","#E69F00"
"bfnlpipd-1",-6.03036302974534,2.32182801203329,7398.50732421875,-7767.55859375,"Epi_SecA","#E69F00"
"bfnmalin-1",-6.47814793041062,1.82729101614553,7359.27880859375,-7826.6083984375,"Epi_SecA","#E69F00"
"bfnmbgan-1",-0.612355536726237,3.07928979830343,7364.365234375,-7837.17724609375,"Epi_SecA","#E69F00"
"bfnmhkpc-1",-5.74868196895433,2.67246115641195,7351.33154296875,-7848.1923828125,"Epi_SecA","#E69F00"
"bfnmhoml-1",-5.86838812282395,1.10188830332357,7358.64599609375,-7841.68701171875,"Epi_SecA","#E69F00"
"bfnmjicf-1",-6.54938740184617,1.87318599657613,7354.58447265625,-7829.380859375,"Epi_SecA","#E69F00"
"bfnmjodl-1",-6.3006123965056,1.61881769136984,7372.26953125,-7834.5263671875,"Epi_SecA","#E69F00"
"bfnmknkk-1",-3.88701099803758,0.503116850419824,7396.81298828125,-7846.83837890625,"Epi_SecA","#E69F00"
"bfnnbaig-1",-4.7414869730742,0.503538195653741,7379.44873046875,-7856.06982421875,"Epi_SecA","#E69F00"
"bfnndfhg-1",-6.30784887721849,1.67706633047659,7383.89208984375,-7845.01318359375,"Epi_SecA","#E69F00"
"bfnnmemi-1",-2.04899877956224,2.69642985300619,7356.5302734375,-7755.54736328125,"Epi_SecA","#E69F00"
"bfnnmmdp-1",-5.53956169536424,1.04689264731008,7384.095703125,-7761.09716796875,"Epi_SecA","#E69F00"
"bfnnmmgb-1",-6.08039469173265,0.883780066533868,7359.63330078125,-7762.03857421875,"Epi_SecA","#E69F00"
"bfnofofk-1",-4.75548929622483,2.13549197153646,7379.57421875,-7797.583984375,"Epi_SecA","#E69F00"
"bfnokedk-1",-6.58256334712815,2.64917886690695,7382.64306640625,-7821.7763671875,"Epi_SecA","#E69F00"
"bfnolman-1",-5.76540274074388,1.45922184424001,7386.81396484375,-7813.4208984375,"Epi_SecA","#E69F00"
"bfnoojjg-1",-4.1227592890532,0.165573690696542,7379.0869140625,-7807.73828125,"Epi_SecA","#E69F00"
"bfnophoa-1",-6.28446955135179,1.93174803690511,7369.38330078125,-7801.3427734375,"Epi_SecA","#E69F00"
"bfnpachb-1",-6.47209686687303,2.44193566279012,7367.99267578125,-7821.53515625,"Epi_SecA","#E69F00"
"bfnpaphc-1",-6.0249137347014,3.14089715914327,7369.9619140625,-7813.22998046875,"Epi_SecA","#E69F00"
"bfnpcenc-1",-2.14143652370286,-0.0540537008504228,7350.14013671875,-7797.916015625,"Epi_SecA","#E69F00"
"bfnpedph-1",-4.63045591762376,0.707227592035119,7350.34033203125,-7787.72265625,"Epi_SecA","#E69F00"
"bfnpfaal-1",-4.34349054744554,0.734236542745416,7358.9609375,-7771.21240234375,"Epi_SecA","#E69F00"
"bfnpjiii-1",-5.5750092928679,0.115878914161508,7447.69921875,-7755.3994140625,"Epi_SecA","#E69F00"
"bfnplojo-1",-4.10625500133348,-0.846770997480567,7444.1474609375,-7774.9228515625,"Epi_SecA","#E69F00"
"bfnpmhkg-1",-2.92250604083848,-1.29158484502238,7448.8232421875,-7770.20654296875,"Epi_SecA","#E69F00"
"bfoacgme-1",-5.06643433025193,-0.561049099401648,7435.74609375,-7758.88232421875,"Epi_SecA","#E69F00"
"bfoaclac-1",-4.69288868358445,0.323350076242272,7435.37451171875,-7780.90673828125,"Epi_SecA","#E69F00"
"bfoafafo-1",-1.99795407703233,0.16003057794172,7427.16748046875,-7766.42431640625,"Epi_SecA","#E69F00"
"bfoagfgh-1",-3.68499845912767,-0.798440869287665,7426.296875,-7755.03515625,"Epi_SecA","#E69F00"
"bfoahbgf-1",0.180992596837758,0.422925774617974,7420.412109375,-7762.58935546875,"Epi_SecA","#E69F00"
"bfoahheh-1",-4.36879963329148,0.347156707807366,7435.19677734375,-7864.73828125,"Epi_SecA","#E69F00"
"bfoajimb-1",-6.3860034411223,1.6543279929598,7441.5634765625,-7887.548828125,"Epi_SecA","#E69F00"
"bfoakecg-1",-6.66998047283006,1.40141892866689,7430.91015625,-7886.7890625,"Epi_SecA","#E69F00"
"bfoakppc-1",-3.01628298213792,3.34672844843466,7442.138671875,-7878.1337890625,"Epi_SecA","#E69F00"
"bfoapnfp-1",-2.58744139125657,0.565882031484429,7426.23779296875,-7875.1005859375,"Epi_SecA","#E69F00"
"bfobencb-1",-4.97585958888841,0.774980608983819,7433.73583984375,-7876.69189453125,"Epi_SecA","#E69F00"
"bfobheig-1",-5.88975281169725,0.79296303228933,7450.12255859375,-7911.43505859375,"Epi_SecA","#E69F00"
"bfobipdk-1",-7.12153810909104,1.78605926470358,7442.48388671875,-7930.453125,"Epi_SecA","#E69F00"
"bfobmeaj-1",-6.79494757106614,1.71671259836752,7448.271484375,-7926.33642578125,"Epi_SecA","#E69F00"
"bfobmmae-1",-5.49944681575608,0.507677380605523,7457.59228515625,-7917.6396484375,"Epi_SecA","#E69F00"
"bfobnhkf-1",-5.90028423717332,0.692035023732965,7448.49365234375,-7893.2470703125,"Epi_SecA","#E69F00"
"bfocgoen-1",-6.84749693324876,1.0508260770281,7455.24462890625,-7905.55322265625,"Epi_SecA","#E69F00"
"bfochgki-1",-5.78779215267015,0.32423249320585,7452.30029296875,-7900.052734375,"Epi_SecA","#E69F00"
"bfocijlb-1",-6.01212400844407,2.27968609766561,7438.97509765625,-7898.04345703125,"Epi_SecA","#E69F00"
"bfocjgno-1",-5.32049221446824,0.33018136457998,7417.7578125,-7881.6494140625,"Epi_SecA","#E69F00"
"bfoclkcc-1",6.24815517017531,-0.457046295837577,7418.048828125,-7937.38134765625,"Mast","#AD7700"
"bfocmehg-1",5.50675206730056,-1.75445556207102,7422.841796875,-7921.603515625,"Mast","#AD7700"
"bfocnflh-1",-5.08477348735643,1.49282181696493,7418.4990234375,-7889.49853515625,"Epi_SecA","#E69F00"
"bfodaldg-1",-4.66380590846849,0.581649665399377,7444.48046875,-7788.697265625,"Epi_SecA","#E69F00"
"bfodcdfd-1",-5.67488045146775,0.477344636483972,7441.6533203125,-7808.5791015625,"Epi_SecA","#E69F00"
"bfodceco-1",-5.28585380962205,-0.037053215638812,7434.79833984375,-7795.68994140625,"Epi_SecA","#E69F00"
"bfodjojc-1",-5.19584268977952,0.162286345525567,7454.2353515625,-7796.78369140625,"Epi_SecA","#E69F00"
"bfoebjne-1",1.627801948282,-2.11314022107523,7447.28125,-7780.48291015625,"Epi_SecA","#E69F00"
"bfoecnoo-1",-6.00645679881883,1.77706826166708,7445.59912109375,-7798.1083984375,"Epi_SecA","#E69F00"
"bfoedlhp-1",-6.66503805568528,1.69039142565328,7435.16943359375,-7827.24658203125,"Epi_SecA","#E69F00"
"bfoedmae-1",-4.18893808772874,0.784740988775079,7455.283203125,-7846.6591796875,"Epi_SecA","#E69F00"
"bfoefdig-1",-5.66492313793016,1.68597889380056,7444.3291015625,-7845.37841796875,"Epi_SecA","#E69F00"
"bfoefpna-1",-4.76852650096727,-0.261660497025664,7437.52001953125,-7845.9228515625,"Epi_SecA","#E69F00"
"bfoeiahh-1",-4.80909389903855,0.866350476308648,7419.279296875,-7811.26953125,"Epi_SecA","#E69F00"
"bfoekjok-1",-6.78662485530687,0.285585348172967,7419.03369140625,-7871.3515625,"Epi_SecA","#E69F00"
"bfoemmda-1",-5.79600233486009,0.358484153314416,7421.9638671875,-7863.67626953125,"Epi_SecA","#E69F00"
"bfofapmf-1",-4.94382900646043,2.69296086268026,7416.4453125,-7816.50390625,"Epi_SecA","#E69F00"
"bfofbgom-1",-3.09629053523851,-1.45499956174296,7419.60546875,-7784.1357421875,"Epi_SecA","#E69F00"
"bfofdhme-1",-5.68002027919603,0.596301857991998,7423.42138671875,-7803.166015625,"Epi_SecA","#E69F00"
"bfoffbip-1",-2.2143771117003,0.808560018106286,7422.6279296875,-7790.53173828125,"Epi_SecA","#E69F00"
"bgjhihbl-1",-4.88051647594285,0.352720384164636,7535.9140625,-7752.1396484375,"Epi_SecA","#E69F00"
"bgjidldd-1",-5.08205933025193,1.0458097501238,7532.47607421875,-7768.078125,"Epi_SecA","#E69F00"
"bgjihepm-1",-4.31192821910691,1.47919869856436,7538.4326171875,-7762.93896484375,"Epi_SecA","#E69F00"
"bgjilopc-1",-5.23383325984788,0.741007272764031,7537.65185546875,-7772.9970703125,"Epi_SecA","#E69F00"
"bgjionbp-1",-5.11982769420457,0.562234525247399,7566.59375,-7774.4453125,"Epi_SecA","#E69F00"
"bgjjadho-1",-3.9174599116118,0.779076282544915,7565.29248046875,-7756.96240234375,"Epi_SecA","#E69F00"
"bgjjjdmb-1",-4.91385645320726,-0.508768852190192,7569.91015625,-7768.11376953125,"Epi_SecA","#E69F00"
"bgjkmhjf-1",-3.34787125041795,-0.430369551614936,7593.14404296875,-7766.98486328125,"Epi_SecA","#E69F00"
"bgjlbjbi-1",-5.2463230555327,-1.24488102956217,7604.37060546875,-7755.697265625,"Epi_SecA","#E69F00"
"bgjlbklc-1",-4.96126074245286,-0.741379137472327,7595.72900390625,-7757.14990234375,"Epi_SecA","#E69F00"
"bgjlcmmd-1",-4.02353043010545,-0.710366900400336,7573.314453125,-7759.38525390625,"Epi_SecA","#E69F00"
"bgjlgbjn-1",1.85772126266646,-2.43708788915079,7585.22021484375,-7766.29736328125,"Mesenchymal","#F0E442"
"bgjlgnnb-1",-2.72182173183274,-1.40212356610697,7579.00537109375,-7766.9873046875,"Epi_SecA","#E69F00"
"bgjlmdbl-1",-3.29674047878099,-0.548738952116187,7562.5888671875,-7750.27197265625,"Epi_SecA","#E69F00"
"bgjmbhdn-1",-3.10472769191575,-1.228500481085,7532.21044921875,-8344.498046875,"Epi_SecA","#E69F00"
"bgjmcnal-1",-4.32636446407151,-0.855136926607306,7552.73681640625,-8350.66796875,"Epi_SecA","#E69F00"
"bgjmdocj-1",-3.97194046428514,-1.07027416987818,7542.59228515625,-8344.8818359375,"Epi_SecA","#E69F00"
"bgjmfiki-1",-4.46681446483445,-0.671297605470832,7576.49658203125,-8364.9521484375,"Epi_SecA","#E69F00"
"bgjmfngj-1",-4.41798633983445,-0.977746780351813,7573.9345703125,-8349.7431640625,"Epi_SecA","#E69F00"
"bgjmhidh-1",-6.12369532039476,0.0794759436090632,7565.90185546875,-8354.8681640625,"Epi_SecA","#E69F00"
"bgjmjmnm-1",-4.55639500072312,-0.735882158712562,7559.8212890625,-8349.6181640625,"Epi_SecA","#E69F00"
"bgjmmmef-1",3.54137330600905,-2.67978202863138,7564.0537109375,-8341.3955078125,"Mesenchymal","#F0E442"
"bgjneiil-1",-5.51396746089769,0.363030080362145,7530.05078125,-8555.07421875,"Epi_SecA","#E69F00"
"bgjngamb-1",-4.17874664714646,-1.11452149911326,7551.14111328125,-8568.5546875,"Epi_SecA","#E69F00"
"bgjngpbj-1",-5.19931263377977,-0.332930262521918,7550.83642578125,-8556.4697265625,"Epi_SecA","#E69F00"
"bgjnkoll-1",-5.15346998622728,0.333798353238885,7540.833984375,-8560.7529296875,"Epi_SecA","#E69F00"
"bgjnlchg-1",-3.84296078136277,-1.23808538480204,7554.48974609375,-8625.15234375,"Epi_SecA","#E69F00"
"bgjnlejn-1",1.05443593213248,-2.27736103101176,7535.4677734375,-8637.1142578125,"Epi_SecA","#E69F00"
"bgjnneoj-1",2.85835319111037,-2.63348471684855,7532.72607421875,-8632.3359375,"Macrophage","#CC79A7"
"bgjoaboo-1",-3.47350925853562,-1.42880224748057,7527.990234375,-8626.546875,"Epi_SecA","#E69F00"
"bgjoagkm-1",-3.63553757121873,-1.23255145116251,7550.42919921875,-8635.4345703125,"Epi_SecA","#E69F00"
"bgjoaihf-1",-3.96169228008104,-1.75436377091807,7542.4951171875,-8632.1181640625,"Epi_SecA","#E69F00"
"bgjoedag-1",-3.56273073604417,-1.98964511914652,7570.357421875,-8587.3427734375,"Epi_SecB","#56B4E9"
"bgjohlad-1",6.0049295956819,-4.53258955045145,7579.642578125,-8677.6865234375,"T cell","#1C91D4"
"bgjoilgl-1",7.08960347721267,-3.12812149091166,7592.7548828125,-8669.0400390625,"Endothelial","#D55E00"
"bgjojaia-1",4.86992078373122,-5.1822096066038,7568.19580078125,-8615.0517578125,"T cell","#1C91D4"
"bgjojcjl-1",-3.20912665775132,-1.92281865640085,7578.7041015625,-8589.3056640625,"Epi_SecA","#E69F00"
"bgjpabnl-1",4.0808573300569,-3.30025136037272,7570.5361328125,-8600.9921875,"Macrophage","#CC79A7"
"bgjpchaj-1",2.11168735572982,-2.61338030858439,7551.3662109375,-8599.8427734375,"Mesenchymal","#F0E442"
"bgjpcicg-1",-4.23953194072557,-1.27718555493754,7545.98046875,-8617.1533203125,"Epi_SecA","#E69F00"
"bgjpdaja-1",-6.17991871288133,0.52800155119497,7533.275390625,-8613.736328125,"Epi_SecA","#E69F00"
"bgjpjfll-1",-4.44955486705613,-1.68220126195353,7557.4306640625,-8612.666015625,"Epi_SecA","#E69F00"
"bgjplepa-1",-6.19723410060716,1.20134926275808,7545.4296875,-8574.7421875,"Epi_SecA","#E69F00"
"bgjpmmam-1",-3.93221086910081,-1.26174735589426,7528.1953125,-8585.328125,"Epi_SecA","#E69F00"
"bgkaacei-1",-4.79300779750657,0.0368670566518946,7565.49072265625,-8562.009765625,"Epi_SecA","#E69F00"
"bgkaanil-1",-3.9208721583159,-0.775012190775092,7561.2841796875,-8577.6826171875,"Epi_SecA","#E69F00"
"bgkabkph-1",-5.46236700465989,2.61953032450277,7573.8623046875,-8568.3662109375,"Epi_SecA","#E69F00"
"bgkafbkd-1",-3.52429098537278,-0.806290920213874,7560.90771484375,-8570.1201171875,"Epi_SecA","#E69F00"
"bgkafjhi-1",-3.99191994121385,-0.409923817352469,7552.56396484375,-8509.0625,"Epi_SecA","#E69F00"
"bgkbabgf-1",-3.82739967754197,-0.408278967575248,7550.0703125,-8518.9248046875,"Epi_SecA","#E69F00"
"bgkbbpoh-1",-3.39258236339402,-0.604225213960822,7560.39404296875,-8516.7998046875,"Epi_SecA","#E69F00"
"bgkbcbmp-1",-5.88364118984056,3.23981893496114,7546.921875,-8531.0537109375,"Epi_SecA","#E69F00"
"bgkbdepg-1",-5.56773895671678,0.0858126624067469,7532.7265625,-8541.5380859375,"Epi_SecA","#E69F00"
"bgkbdgcp-1",-2.73049897601915,0.46872044043142,7547.85400390625,-8540.95703125,"Epi_SecA","#E69F00"
"bgkbeden-1",-4.05320114543748,-0.934897418455298,7560.8671875,-8530.001953125,"Epi_SecA","#E69F00"
"bgkbhbln-1",-3.44460386684251,-0.10673453132164,7560.3525390625,-8554.1923828125,"Epi_SecA","#E69F00"
"bgkbnhhc-1",-2.97536820819688,0.367071007057015,7556.37646484375,-8543.853515625,"Epi_SecA","#E69F00"
"bgkboikj-1",-6.4053806727202,0.110575888915841,7568.255859375,-8544.673828125,"Epi_SecA","#E69F00"
"bgkbomaf-1",-3.30955404689622,-0.195890616015609,7594.11376953125,-8566.259765625,"Epi_SecA","#E69F00"
"bgkcinnk-1",-5.20319265773606,-0.461421783403571,7582.84521484375,-8574.7900390625,"Epi_SecA","#E69F00"
"bgkcnfog-1",-3.47630257060838,-0.847764606908973,7532.81640625,-8396.0341796875,"Epi_SecA","#E69F00"
"bgkcnjpl-1",-3.17772883823228,1.48307109312612,7541.77978515625,-8408.7626953125,"Epi_SecA","#E69F00"
"bgkdcjao-1",-4.35197824886155,-0.858020956949408,7534.99951171875,-8404.7333984375,"Epi_SecA","#E69F00"
"bgkddhpe-1",-4.64217895915818,-0.539012815193351,7534.9130859375,-8427.3974609375,"Epi_SecA","#E69F00"
"bgkdgnmf-1",-4.48346704891038,0.414905910058801,7556.71337890625,-8447.0166015625,"Epi_SecA","#E69F00"
"bgkdhfdj-1",-2.73579663684678,0.0584456963976069,7554.083984375,-8439.3798828125,"Epi_SecA","#E69F00"
"bgkdiink-1",-3.32431692531419,-0.502564902738746,7550.25537109375,-8427.1494140625,"Epi_SecA","#E69F00"
"bgkdlhci-1",-3.49927801540208,-0.293064008788283,7545.48681640625,-8442.0224609375,"Epi_SecA","#E69F00"
"bgkdnhpm-1",-4.74460358074021,-0.185762088135894,7538.8427734375,-8436.2470703125,"Epi_SecA","#E69F00"
"bgkecdac-1",-3.38130611827684,1.48706710772115,7546.98095703125,-8411.8486328125,"Epi_SecA","#E69F00"
"bgkeekgo-1",-3.11187953403306,0.125474725528543,7539.79638671875,-8418.86328125,"Epi_SecA","#E69F00"
"bgkefpbp-1",-3.06755036762071,-1.61308264298838,7553.4248046875,-8416.9052734375,"Epi_SecA","#E69F00"
"bgkehgnp-1",-2.70738763263536,-1.54272925420206,7589.25927734375,-8409.82421875,"Epi_SecA","#E69F00"
"bgkelgil-1",-4.10322708537889,-0.800651069120582,7607.04296875,-8373.8583984375,"Epi_SecA","#E69F00"
"bgkephmk-1",-6.20639700343919,0.0331099523742839,7556.24462890625,-8266.8232421875,"Epi_Cil","#009E73"
"bgkffokh-1",-0.33903688838792,-2.00842284722727,7581.73046875,-8273.9365234375,"Epi_SecB","#56B4E9"
"bgkfnkmf-1",-0.650734967497111,-0.314106758073981,7574.84228515625,-8313.322265625,"Epi_SecA","#E69F00"
"bgkgcplo-1",-0.94910437515092,1.63790500597555,7579.15625,-8340.20703125,"Epi_SecA","#E69F00"
"bgkgeike-1",-3.36678118160081,-0.282777945832427,7578.18017578125,-8321.54296875,"Epi_SecA","#E69F00"
"bgkgenlg-1",-3.86122698238206,-1.4840472893278,7557.64306640625,-8305.744140625,"Epi_SecA","#E69F00"
"bgkggefl-1",-3.85478109767747,-1.40341376824778,7551.86083984375,-8337.59375,"Epi_SecA","#E69F00"
"bgkgheid-1",-3.4293064539702,-0.0788341652090506,7552.2626953125,-8309.763671875,"Epi_SecA","#E69F00"
"bgkgicka-1",4.37812810489821,-2.18871438069742,7576.556640625,-8282.11328125,"Macrophage","#CC79A7"
"bgkgoaaf-1",-2.98063225200486,-0.248089189962562,7591.9951171875,-8293.2099609375,"Epi_SecA","#E69F00"
"bgkhjffi-1",3.76628094265151,-1.850810404257,7576.82861328125,-8288.41796875,"Macrophage","#CC79A7"
"bgkhldjd-1",4.37017565319228,-1.48834144635599,7584.24951171875,-8284.4794921875,"Macrophage","#CC79A7"
"bgkhmdkb-1",-1.91383332660508,-2.76782357259196,7593.43017578125,-8235.005859375,"Epi_SecB","#56B4E9"
"bgkhnljg-1",-4.41236204555345,1.72267020182211,7603.7705078125,-8299.2138671875,"Epi_SecA","#E69F00"
"bgkhnnef-1",-3.49588770320726,0.575935010476892,7541.6220703125,-8120.95849609375,"Epi_SecA","#E69F00"
"bgkiajfi-1",-5.33226198604417,0.628626231714074,7556.38134765625,-8112.8134765625,"Epi_SecA","#E69F00"
"bgkiangn-1",-6.95386499812913,0.572522704168145,7548.2841796875,-8122.30126953125,"Epi_SecA","#E69F00"
"bgkieoba-1",-3.89030928066087,-1.3487602428953,7570.806640625,-8192.1396484375,"Epi_SecA","#E69F00"
"bgkimfmd-1",-1.45712775638414,-2.8400305466215,7569.55224609375,-8227.96875,"Epi_SecB","#56B4E9"
"bgkiogoo-1",-3.87928099086595,-1.08037578626078,7550.5625,-8211.1357421875,"Epi_SecA","#E69F00"
"bgkjffdj-1",1.49869214842009,2.01431262926656,7580.5859375,-8191.28076171875,"Epi_SecB","#56B4E9"
"bgkjfoje-1",-3.83080095699144,-0.972380335764106,7574.1171875,-8170.02587890625,"Epi_SecA","#E69F00"
"bgkjhmif-1",-1.56746906688523,0.293683741851632,7567.0263671875,-8182.5234375,"Epi_SecA","#E69F00"
"bgkjicdm-1",-1.04641074588609,-0.168791140751059,7574.79443359375,-8186.8857421875,"Epi_SecA","#E69F00"
"bgkjkjck-1",-5.72500700404954,0.807259742780511,7600.49755859375,-8017.83935546875,"Epi_SecA","#E69F00"
"bgkjmdai-1",-6.26400560787034,-0.422537590698417,7594.97119140625,-8043.41552734375,"Epi_SecA","#E69F00"
"bgkjmmaj-1",-5.04850143840623,0.773292426629846,7594.90869140625,-8034.71337890625,"Epi_SecA","#E69F00"
"bgkjongb-1",-3.75228208949876,-0.0861865820783035,7587.4462890625,-8045.47119140625,"Epi_SecA","#E69F00"
"bgkkadoc-1",-6.85813612392259,1.54268372492391,7599.119140625,-8026.4521484375,"Epi_SecA","#E69F00"
"bgkkdcge-1",-6.9139232104094,1.93452370600301,7603.93896484375,-7982.5126953125,"Epi_SecA","#E69F00"
"bgkkekni-1",-5.40938276698899,1.00039697126943,7595.66845703125,-8011.41552734375,"Epi_SecA","#E69F00"
"bgkkfcmk-1",-7.68789143016648,1.93142569498617,7600.33154296875,-8005.1591796875,"Epi_SecA","#E69F00"
"bgkkggdp-1",-5.94605774333787,1.24134278730947,7593.4560546875,-7994.85595703125,"Epi_SecA","#E69F00"
"bgkkhbpc-1",-4.17281908443284,0.282215539975946,7536.7841796875,-8049.75439453125,"Epi_SecA","#E69F00"
"bgkkkbob-1",-2.97399253299546,-0.659048791364844,7534.65771484375,-8057.779296875,"Epi_SecA","#E69F00"
"bgkkleck-1",-3.93828863551927,1.21605062918264,7544.4990234375,-8057.2705078125,"Epi_SecA","#E69F00"
"bgkklhlc-1",-7.27605194499803,0.249919538064782,7570.27880859375,-8088.98876953125,"Epi_SecA","#E69F00"
"bgkklioe-1",-5.76393742015672,0.868305985494439,7557.41845703125,-8102.36962890625,"Epi_SecA","#E69F00"
"bgkkmeai-1",-3.6661204760344,3.5426975532015,7562.13134765625,-8097.23486328125,"Epi_SecA","#E69F00"
"bgkkpbhk-1",-5.16791004588914,0.616014127298181,7534.2705078125,-8070.978515625,"Epi_SecA","#E69F00"
"bgklaelp-1",-4.87301344325853,1.22155559496481,7533.38427734375,-8081.16259765625,"Epi_SecA","#E69F00"
"bgklbhcf-1",-6.78533548763108,0.628281478448693,7543.92529296875,-8081.49658203125,"Epi_SecA","#E69F00"
"bgklgfdk-1",-4.30309767177415,0.685138289495294,7546.57177734375,-8074.67138671875,"Epi_SecA","#E69F00"
"bgklihmp-1",-5.24454969814134,3.26486623720724,7536.35986328125,-8064.38037109375,"Epi_SecA","#E69F00"
"bgklkdle-1",-6.52873844554734,1.81871760325033,7566.72998046875,-8060.28857421875,"Epi_SecA","#E69F00"
"bgkmadpj-1",-5.71915907314134,0.448219959302728,7560.58935546875,-8079.9990234375,"Epi_SecA","#E69F00"
"bgkmaieh-1",-5.3092245524199,1.67725885347921,7565.07421875,-8073.0537109375,"Epi_SecA","#E69F00"
"bgkmjnli-1",-6.8640136187346,1.734216813608,7575.8369140625,-8074.0546875,"Epi_SecA","#E69F00"
"bgkmkddl-1",-4.81881422450853,0.89722180800039,7571.04052734375,-7983.45751953125,"Epi_SecA","#E69F00"
"bgkmlbno-1",-2.88548511913133,1.30600285963613,7560.19677734375,-7992.822265625,"Epi_SecA","#E69F00"
"bgkmlgnl-1",-6.83400434902024,1.70126283602316,7567.62646484375,-8001.7373046875,"Epi_SecA","#E69F00"
"bgkmnoek-1",-5.77254671504808,0.86414486603338,7570.89306640625,-7991.79052734375,"Epi_SecA","#E69F00"
"bgkmofmm-1",-4.38904566219163,0.844914977117364,7530.83349609375,-8031.55908203125,"Epi_SecA","#E69F00"
"bgknbkgn-1",-4.40179533412767,0.0977714403112574,7542.33837890625,-8041.62353515625,"Epi_SecA","#E69F00"
"bgknhpkj-1",-5.13607162883592,0.629276518388574,7531.6494140625,-8041.78369140625,"Epi_SecA","#E69F00"
"bgknmbag-1",-5.05334324291062,0.823547784848992,7540.08935546875,-8033.1708984375,"Epi_SecA","#E69F00"
"bgknoobg-1",-4.29170507839036,0.601311747594659,7551.931640625,-8021.47412109375,"Epi_SecA","#E69F00"
"bgknpgea-1",-5.1582087939055,0.673339967294519,7548.759765625,-8029.9453125,"Epi_SecA","#E69F00"
"bgknpkhf-1",-3.88643402507615,1.95085490183431,7539.72607421875,-8021.45751953125,"Epi_SecA","#E69F00"
"bgkodpgc-1",-4.38146776607347,1.03657019571859,7561.685546875,-8012.740234375,"Epi_SecA","#E69F00"
"bgkofaae-1",-5.36341185024095,0.985923652215783,7569.17626953125,-8017.51171875,"Epi_SecA","#E69F00"
"bgkofeeb-1",-4.41273064067674,1.08328640894491,7562.75830078125,-8022.2021484375,"Epi_SecA","#E69F00"
"bgkofkhi-1",-4.74729580333543,-0.0833701662207798,7541.53564453125,-7774.6083984375,"Epi_SecA","#E69F00"
"bgkogbfi-1",-4.46230930736375,1.78355765776235,7537.642578125,-7788.46240234375,"Epi_SecA","#E69F00"
"bgkogdgj-1",-6.71213144710374,1.98583805994589,7546.1640625,-7787.7392578125,"Epi_SecA","#E69F00"
"bgkogecg-1",-5.9807333414824,1.86037338213522,7530.93701171875,-7794.32080078125,"Epi_SecA","#E69F00"
"bgkolaej-1",-5.09224981715989,0.695625726743524,7547.91455078125,-7777.33935546875,"Epi_SecA","#E69F00"
"bgkomkjp-1",-5.90960211208177,1.76276910738546,7551.97607421875,-7953.09814453125,"Epi_SecA","#E69F00"
"bgkommap-1",-6.32432836940599,1.73952126936514,7547.181640625,-7976.71826171875,"Epi_SecA","#E69F00"
"bgkonoda-1",-6.66426605632615,1.71188164190847,7563.93603515625,-7943.64599609375,"Epi_SecA","#E69F00"
"bgkoochj-1",-6.49722046306443,1.68154728846151,7567.791015625,-7932.55712890625,"Epi_SecA","#E69F00"
"bgkpbnlc-1",-5.15597576549363,0.62735629515249,7536.6953125,-7958.79736328125,"Epi_SecA","#E69F00"
"bgkpcmnf-1",-6.77986902644944,0.200124744935815,7538.578125,-7946.22509765625,"Epi_SecA","#E69F00"
"bgkpfjnd-1",-3.24063867976976,-4.59335481686991,7537.759765625,-7931.02001953125,"Epi_SecA","#E69F00"
"bgkphlci-1",-3.65832943370652,-4.36043750806254,7559.5546875,-7892.7666015625,"Epi_SecA","#E69F00"
"bgkphmcj-1",5.29113727161574,-4.33494483991068,7561.54443359375,-7878.0888671875,"Macrophage","#CC79A7"
"bgkpijnk-1",-4.20500511577439,-3.63632165952128,7547.470703125,-7910.90283203125,"Epi_SecA","#E69F00"
"bgkpldhk-1",-6.06348747661424,0.241222087903802,7568.63525390625,-7899.92431640625,"Epi_SecA","#E69F00"
"bgkpobik-1",-3.39151234081102,-4.59913360639017,7549.92529296875,-7894.90478515625,"Epi_SecA","#E69F00"
"bglacmei-1",-6.04680866649461,-0.307158987359221,7541.65283203125,-7891.03662109375,"Epi_SecA","#E69F00"
"bglaemfo-1",-6.13219732692552,0.643806819482629,7534.40625,-7882.6611328125,"Epi_SecA","#E69F00"
"bglagejm-1",-5.89968866756272,1.50911927656728,7552.5849609375,-7802.52197265625,"Epi_SecA","#E69F00"
"bglakdab-1",-6.05677551677537,0.65598166422445,7542.4912109375,-7873.06298828125,"Epi_SecA","#E69F00"
"bglalcfp-1",-6.66268820216966,1.64521849588949,7540.54443359375,-7804.32080078125,"Epi_SecA","#E69F00"
"bglaogin-1",10.2847381169527,2.28439367250997,7589.09423828125,-7868.89990234375,"Mesenchymal","#F0E442"
"bglbhogj-1",5.88197427341628,-0.805384631590064,7570.25390625,-7886.7548828125,"Mesenchymal","#F0E442"
"bglbichk-1",10.9840131337373,1.40947461561758,7592.9931640625,-7879.81005859375,"Mesenchymal","#F0E442"
"bglbjmlk-1",-7.36249012401414,1.89932442144949,7584.94140625,-7938.919921875,"Epi_SecA","#E69F00"
"bglbmmhd-1",-4.78087849071336,1.6675652308901,7599.90771484375,-7958.41552734375,"Epi_SecA","#E69F00"
"bglccemk-1",-5.79333729198289,1.80275392965872,7596.44287109375,-7947.31494140625,"Epi_SecA","#E69F00"
"bglcdpdp-1",-4.76397747447801,-0.00256634815138143,7572.69677734375,-7911.0224609375,"Epi_SecA","#E69F00"
"bglcedij-1",10.331704669687,0.949446920915429,7608.61083984375,-7928.8125,"Mesenchymal","#F0E442"
"bglcenfc-1",-6.97929377010179,1.52879262404043,7582.8271484375,-7928.22412109375,"Epi_SecA","#E69F00"
"bglckopi-1",-5.3173303072722,1.27621221975881,7583.2841796875,-7914.0673828125,"Epi_SecA","#E69F00"
"bglcnmnk-1",-7.14977878978562,1.93224370913107,7580.33837890625,-7781.4072265625,"Epi_SecA","#E69F00"
"bglcpkpa-1",-4.68824142864061,-0.94051628871363,7579.28857421875,-7810.2353515625,"Epi_SecA","#E69F00"
"bglcppho-1",-4.35354465892625,3.18814218477804,7583.33984375,-7794.77734375,"Epi_SecA","#E69F00"
"bgldbakg-1",-3.52113813808274,2.07166421846945,7567.3310546875,-7782.71142578125,"Epi_SecA","#E69F00"
"bgldghbm-1",-6.71919912746263,1.79024196104604,7589.0615234375,-7817.14794921875,"Epi_Cil","#009E73"
"bgldjglh-1",1.72179060527968,2.84809220270712,7601.794921875,-7822.30224609375,"Epi_SecA","#E69F00"
"bgldjihb-1",4.82596736499953,0.302007619901483,7597.3515625,-7817.3505859375,"Mesenchymal","#F0E442"
"bgldldfk-1",-1.29706186702561,1.45625138716299,7597.9267578125,-7798.8525390625,"Epi_SecA","#E69F00"
"bgldpbpa-1",-1.1493808691771,2.38045800165731,7605.91748046875,-7805.67578125,"Epi_SecA","#E69F00"
"bglecfig-1",-1.52512807300401,1.5876286073168,7594.4140625,-7808.40576171875,"Epi_SecA","#E69F00"
"bhdkdnne-1",0.504091226550816,2.52990854219991,7624.927734375,-7762.33447265625,"Epi_SecB","#56B4E9"
"bhdkijnn-1",6.31738381931472,-4.19573890729349,7706.1640625,-7785.31689453125,"T cell","#1C91D4"
"bhdknmph-1",-3.6155685847075,-1.06738739772242,7640.98486328125,-7791.13818359375,"Epi_SecA","#E69F00"
"bhdlbhle-1",-5.1430401270659,-0.53883257074755,7629.54052734375,-7767.314453125,"Epi_SecA","#E69F00"
"bhdldelj-1",-5.15059894969773,-0.999079103902991,7611.32763671875,-7760.35888671875,"Epi_SecA","#E69F00"
"bhdldifa-1",-3.62094730785203,-1.23752820058268,7619.60205078125,-7763.94921875,"Epi_SecA","#E69F00"
"bhdlenbp-1",-2.36518306186509,0.250259850784127,7618.6591796875,-7778.1005859375,"Epi_SecA","#E69F00"
"bhdlifga-1",-4.04228538921189,0.253785227104013,7610.86181640625,-7771.5537109375,"Epi_SecA","#E69F00"
"bhebdend-1",-8.90480369975877,1.39765227274496,7806.70068359375,-7755.361328125,"Epi_SecA","#E69F00"
"bhebffph-1",-9.31194824626756,1.21376502947408,7816.43408203125,-7756.173828125,"Epi_SecA","#E69F00"
"bheblcog-1",-3.57661814143968,3.19251740412313,7804.9921875,-7836.63916015625,"Epi_SecA","#E69F00"
"bheblihi-1",0.239351206514119,2.46144926981527,7805.20556640625,-7861.33544921875,"Epi_SecA","#E69F00"
"bheblojc-1",-8.1503414576323,2.03269279436666,7818.01123046875,-7842.857421875,"Epi_SecA","#E69F00"
"bhebmbmc-1",-1.54529423168016,3.43360054926473,7812.01171875,-7849.49267578125,"Epi_SecA","#E69F00"
"bhebmffi-1",-5.59124178340745,3.17712414698202,7802.51953125,-7846.7568359375,"Epi_SecA","#E69F00"
"bhecaecn-1",-7.3513674204619,1.78653002218801,7827.67919921875,-7844.3671875,"Epi_SecA","#E69F00"
"bheceoie-1",-5.89768118312669,3.53807771639425,7829.27294921875,-7827.02685546875,"Epi_SecA","#E69F00"
"bhecnlmg-1",-8.27357620647264,0.713833813234155,7818.0859375,-7834.40380859375,"Epi_SecA","#E69F00"
"bhedcclm-1",-5.5231236880095,2.885748271509,7810.58984375,-7827.11474609375,"Epi_SecA","#E69F00"
"bhediggf-1",-8.53504414012742,0.733275835080926,7806.38037109375,-7766.228515625,"Epi_SecA","#E69F00"
"bhedllok-1",-7.90655369212937,0.565555159612481,7803.94140625,-7773.26025390625,"Epi_SecA","#E69F00"
"bhedpljj-1",-7.06698936870408,2.77083385424215,7817.79296875,-7773.28515625,"Epi_SecA","#E69F00"
"bheeelea-1",3.66037898609328,-5.25099432034891,7812.91455078125,-7781.38427734375,"Epi_SecA","#E69F00"
"bheekfcg-1",-2.02199930599046,3.56029952005941,7816.8740234375,-7798.68701171875,"Epi_SecA","#E69F00"
"bheekjln-1",-8.35764259746385,0.807968620820825,7806.06640625,-7799.4267578125,"Epi_SecA","#E69F00"
"bheengmd-1",-8.30840153148484,0.976585750146691,7809.63818359375,-7788.541015625,"Epi_SecA","#E69F00"
"bheenilg-1",-7.96784538677049,2.21020472483236,7818.2041015625,-7808.1328125,"Epi_SecA","#E69F00"
"bhefgcnm-1",-8.84966511180711,1.56596410708029,7818.173828125,-7819.03564453125,"Epi_SecA","#E69F00"
"bhefgnbp-1",-8.15884918620896,0.97902739481527,7800.3837890625,-7815.83740234375,"Epi_SecA","#E69F00"
"bhepjdcn-1",-7.8106426661284,-1.33322357697886,7763.40234375,-8701.0537109375,"Epi_SecA","#E69F00"
"bhepjmha-1",-3.28105730464769,-3.70471632047098,7780.484375,-8724.2412109375,"Epi_SecB","#56B4E9"
"bhepllcg-1",-4.21104187419725,-3.58724963231486,7768.54541015625,-8753.3408203125,"Epi_SecA","#E69F00"
"bhepmfhp-1",-3.98953194072557,3.08757913546163,7828.7294921875,-8781.607421875,"Epi_SecA","#E69F00"
"bhepnbfc-1",-2.33031958988023,1.36352408365804,7833.16259765625,-8779.646484375,"Epi_SecA","#E69F00"
"bhepncdi-1",-7.6211666529448,-0.53466969294947,7831.7431640625,-8786.0927734375,"Epi_SecA","#E69F00"
"bheppaih-1",-8.58493561199021,0.492146496339623,7824.11474609375,-8733.357421875,"Epi_SecA","#E69F00"
"bheppapk-1",-7.31613106181932,-0.864373858408149,7830.6826171875,-8741.7177734375,"Epi_SecA","#E69F00"
"bhfaaiff-1",-7.51865143230271,2.1358109755953,7830.42529296875,-8773.3251953125,"Epi_SecA","#E69F00"
"bhfacfaf-1",-5.45923942973924,-2.636792536215,7821.69287109375,-8781.0205078125,"Epi_SecA","#E69F00"
"bhfalbel-1",-6.71184772899461,0.210616950555627,7729.65625,-8748.6640625,"Epi_SecA","#E69F00"
"bhfanlgh-1",-7.92091984203172,0.377334986491982,7725.826171875,-8763.33203125,"Epi_SecA","#E69F00"
"bhfbaiad-1",-0.998233026769878,3.30688775019247,7712.60791015625,-8759.5185546875,"Epi_SecA","#E69F00"
"bhfbdlna-1",-6.20391697337937,-0.727290268377479,7722.6494140625,-8754.591796875,"Epi_SecA","#E69F00"
"bhfbimdg-1",-6.81722158840013,1.09314728216726,7745.787109375,-8734.025390625,"Epi_SecA","#E69F00"
"bhfbjdkb-1",-6.24628347804856,2.36140191988546,7742.86376953125,-8754.9443359375,"Epi_SecA","#E69F00"
"bhfbjnlh-1",-7.62676186015916,-1.47182046933573,7751.15087890625,-8744.8408203125,"Epi_SecA","#E69F00"
"bhfbmpch-1",-3.84411711147142,3.2330428405245,7735.6484375,-8728.8232421875,"Epi_SecA","#E69F00"
"bhfcfkna-1",-4.49380392482591,0.373929653926675,7734.69384765625,-8702.41015625,"Epi_SecA","#E69F00"
"bhfcggnj-1",-7.45781368663621,1.97383010820944,7733.9677734375,-8741.1806640625,"Epi_SecA","#E69F00"
"bhfcgihb-1",-6.2090801661284,2.55129135088522,7719.18896484375,-8734.5986328125,"Epi_SecA","#E69F00"
"bhfchgog-1",-6.8931450312407,-0.282514180378135,7723.05126953125,-8726.3818359375,"Epi_SecA","#E69F00"
"bhfcjmbi-1",-0.541122979429485,1.03085363344747,7729.03857421875,-8713.6240234375,"Epi_SecB","#56B4E9"
"bhfckodo-1",-2.38859815051866,-2.32504331632059,7763.953125,-8588.66015625,"Epi_SecA","#E69F00"
"bhfckpaa-1",-7.5876259272368,-0.236565600470717,7780.7880859375,-8573.248046875,"Epi_SecA","#E69F00"
"bhfclffa-1",-1.73873419215989,-2.36124836965006,7768.625,-8581.771484375,"Epi_SecA","#E69F00"
"bhfcmccg-1",-4.59404034068895,-2.61538445516032,7765.01416015625,-8570.76953125,"Epi_SecA","#E69F00"
"bhfcngad-1",-1.15829283645463,-2.37028491063517,7775.9013671875,-8590.873046875,"Epi_SecB","#56B4E9"
"bhfdamli-1",-8.56107754161668,0.949760202928369,7757.57568359375,-8487.630859375,"Epi_SecA","#E69F00"
"bhfdcghh-1",-8.79317898204637,0.906064812703912,7794.10986328125,-8492.02734375,"Epi_SecA","#E69F00"
"bhfddccg-1",-8.42110962322068,1.64555776552755,7782.48828125,-8492.2421875,"Epi_SecA","#E69F00"
"bhfdenin-1",-7.46611637523484,2.22625625567037,7767.8125,-8503.21484375,"Epi_SecA","#E69F00"
"bhfdhmhk-1",-7.89057487895799,1.15559995607931,7762.86181640625,-8480.248046875,"Epi_SecA","#E69F00"
"bhfdigib-1",-8.20994324138475,1.55023634867269,7758.404296875,-8496.775390625,"Epi_SecA","#E69F00"
"bhfdjbih-1",-8.61781162669969,1.30670249895651,7773.57080078125,-8488.01953125,"Epi_SecA","#E69F00"
"bhfdnaof-1",-8.28174347331834,1.04522312120992,7781.7294921875,-8507.4951171875,"Epi_SecA","#E69F00"
"bhfdobki-1",-3.05877084186387,-3.35536396069926,7776.74560546875,-8547.166015625,"Epi_SecB","#56B4E9"
"bhfdpjde-1",-3.91032833507371,-3.46406828923624,7779.0849609375,-8535.3896484375,"Epi_SecB","#56B4E9"
"bhfdpjkc-1",-7.64798874309373,2.0016888423403,7783.49267578125,-8517.8798828125,"Epi_SecA","#E69F00"
"bhfdpkja-1",-5.26825661113572,2.91571128801901,7780.28369140625,-8527.5009765625,"Epi_SecA","#E69F00"
"bhfebgnb-1",-8.12464470317674,0.791740719838922,7771.71044921875,-8519.55078125,"Epi_SecA","#E69F00"
"bhfehnbf-1",-6.71909660747361,2.20533264116842,7764.8779296875,-8509.4970703125,"Epi_SecA","#E69F00"
"bhfekkmm-1",-8.34761566570115,0.81574923233587,7758.94970703125,-8540.2421875,"Epi_SecA","#E69F00"
"bhffeafh-1",-6.56313366344285,-2.17339551015299,7762.736328125,-8529.7880859375,"Epi_SecA","#E69F00"
"bhfffjmf-1",3.66056948253798,-2.00792645974558,7757.4814453125,-8518.0361328125,"Mesenchymal","#F0E442"
"bhffgaoo-1",-6.22222275188279,1.19737160639364,7746.57421875,-8567.4853515625,"Epi_SecA","#E69F00"
"bhffimfj-1",-1.48359841754747,-2.97201597257059,7758.6240234375,-8559.4736328125,"Epi_SecA","#E69F00"
"bhfflhmj-1",-3.79395145824266,-2.16005718274515,7754.01171875,-8579.79296875,"Epi_SecA","#E69F00"
"bhffogha-1",4.75175791332412,-5.52224218411845,7739.1640625,-8656.896484375,"Epi_SecA","#E69F00"
"bhffokdf-1",-0.329335040357829,0.205667470260446,7769.77734375,-8687.5791015625,"Epi_SecA","#E69F00"
"bhffphfa-1",-7.04172510555101,-2.04708849950236,7762.24755859375,-8688.6591796875,"Epi_SecA","#E69F00"
"bhfgacje-1",-6.76527828624559,-0.165308232740577,7752.06640625,-8686.859375,"Epi_SecA","#E69F00"
"bhfgambg-1",-7.51451248576951,-1.27907836003702,7737.5595703125,-8681.923828125,"Epi_SecA","#E69F00"
"bhfgdabj-1",-4.18463653972459,-3.63993131680887,7769.6328125,-8669.6201171875,"Epi_SecB","#56B4E9"
"bhfgdfjb-1",-0.594749278333903,-0.618931467966254,7744.82568359375,-8625.3515625,"Epi_SecB","#56B4E9"
"bhfghhij-1",-4.04594940593553,-2.80710994763773,7766.03857421875,-8644.30078125,"Epi_SecA","#E69F00"
"bhfgiijb-1",-5.93111938884568,-1.58172893090647,7766.13330078125,-8630.7421875,"Epi_SecA","#E69F00"
"bhfglfap-1",-3.30797571590257,-2.18979751630228,7739.86376953125,-8604.9423828125,"Epi_SecA","#E69F00"
"bhfglkfp-1",-6.96809143474412,1.18470120863516,7739.35888671875,-8641.205078125,"Epi_SecA","#E69F00"
"bhfgnjen-1",-2.80963487079454,-1.54163896603983,7748.84423828125,-8616.5947265625,"Epi_SecA","#E69F00"
"bhglmcpp-1",-6.9828667109282,-1.92080211205881,7756.77880859375,-8764.4013671875,"Epi_SecA","#E69F00"
"bhgloicg-1",-8.47731728008104,0.446629945798699,7750.810546875,-8782.779296875,"Epi_SecA","#E69F00"
"bhgmafnn-1",-3.88210529735398,-2.9961732582609,7766.03173828125,-8768.4326171875,"Epi_SecA","#E69F00"
"bhgmcfde-1",-4.61065287044358,-2.14311801953715,7764.9296875,-8799.4580078125,"Epi_SecA","#E69F00"
"bhgmilkc-1",-6.31248754909349,2.72733366922933,7745.50732421875,-8799.5419921875,"Epi_SecA","#E69F00"
"bhgmldfi-1",4.29480701038527,1.05472541288931,7720.7587890625,-8791.595703125,"Epi_SecA","#E69F00"
"bhhdofpc-1",-7.68436092784715,1.9091321273287,7791.90185546875,-7809.28564453125,"Epi_SecA","#E69F00"
"bhhdpbci-1",-0.379468387869121,3.41255820231039,7795.94970703125,-7834.044921875,"Epi_SecA","#E69F00"
"bhhdppbb-1",-7.33119339397264,-0.141592632369216,7799.419921875,-7787.92333984375,"Epi_SecA","#E69F00"
"bhhegdhh-1",-3.39658159663987,1.95891178087789,7794.9814453125,-7797.59326171875,"Epi_SecA","#E69F00"
"bhhehjoi-1",-1.4824628298552,2.66833770708639,7786.9990234375,-7792.7041015625,"Epi_SecA","#E69F00"
"bhheicjb-1",-4.99742693355394,3.49109089808065,7796.42431640625,-7762.859375,"Epi_SecA","#E69F00"
"bhheiend-1",-3.36073536327195,2.81732261614401,7787.71923828125,-7779.62255859375,"Epi_SecA","#E69F00"
"bhheinle-1",-5.45749658992601,0.877682094140832,7795.39501953125,-7777.701171875,"Epi_SecA","#E69F00"
"bhhekhmd-1",-7.21418613841844,0.966783527894799,7772.94482421875,-8195.0078125,"Epi_SecA","#E69F00"
"bhheomhk-1",-7.3089394037993,0.915673260255639,7777.1142578125,-8206.3076171875,"Epi_SecA","#E69F00"
"bhhfbpge-1",-7.22384876659227,0.688045744462792,7775.26904296875,-8219.5107421875,"Epi_SecA","#E69F00"
"bhhfhcjh-1",-3.25096697261644,-4.52916490598124,7794.439453125,-8195.08203125,"Epi_SecB","#56B4E9"
"bhhfkhbi-1",-3.64949697902513,-3.67450916333597,7789.61767578125,-8250.3017578125,"Epi_SecB","#56B4E9"
"bhhfljnj-1",-3.09136337688279,-3.80033981366556,7789.71484375,-8233.6376953125,"Epi_SecB","#56B4E9"
"bhhfpidl-1",-1.97440261295152,-3.17726814313334,7814.53662109375,-8210.8271484375,"Epi_SecB","#56B4E9"
"bhhgajcn-1",-2.45313209941697,-4.85127269788187,7799.88818359375,-8222.30859375,"Epi_SecB","#56B4E9"
"bhhgccod-1",-2.60222572734666,-4.36715948148173,7798.39501953125,-8208.1181640625,"Epi_SecB","#56B4E9"
"bhhgfiid-1",-8.6573166315825,2.31806171373922,7760.0693359375,-8250.62109375,"Epi_SecA","#E69F00"
"bhhghgdg-1",-8.23406166484666,1.96074259714681,7773.05908203125,-8236.357421875,"Epi_SecA","#E69F00"
"bhhgjebo-1",-7.63681644847703,2.23259294466573,7772.67431640625,-8247.9140625,"Epi_SecA","#E69F00"
"bhhgkpil-1",5.65696292469191,-5.2490812496702,7760.04052734375,-8221.4931640625,"T cell","#1C91D4"
"bhhgmhph-1",-6.48734468868089,3.04353774027425,7823.02490234375,-8037.5498046875,"Epi_SecA","#E69F00"
"bhhgmjji-1",-5.03304953029466,2.8767629905184,7800.3017578125,-8065.56201171875,"Epi_SecA","#E69F00"
"bhhgohnp-1",-4.96021599223924,2.20151842073995,7805.63134765625,-8052.8994140625,"Epi_SecA","#E69F00"
"bhhhcdbf-1",-5.96447700908494,1.81940997080404,7797.5166015625,-8077.7724609375,"Epi_SecA","#E69F00"
"bhhhcebo-1",-4.87125582149339,3.14205563501913,7803.38525390625,-8131.2822265625,"Epi_SecA","#E69F00"
"bhhhcofm-1",-2.81782073428941,-3.06944119496744,7808.357421875,-8105.17333984375,"Epi_SecB","#56B4E9"
"bhhhdhol-1",-6.76281113078904,2.7535494609316,7792.89306640625,-8090.5234375,"Epi_SecA","#E69F00"
"bhhhfccl-1",3.08344178745437,3.44505584673483,7787.68505859375,-8070.6728515625,"Epi_SecA","#E69F00"
"bhhhhkic-1",-6.13234991481614,1.69048345522482,7775.99365234375,-8172.302734375,"Epi_SecA","#E69F00"
"bhhhiflh-1",-2.62377590587449,-3.18481242223185,7786.01171875,-8165.60595703125,"Epi_SecB","#56B4E9"
"bhhhkbaa-1",1.1256551379888,2.2148920340975,7772.96533203125,-8181.14306640625,"Epi_SecA","#E69F00"
"bhhhlmgg-1",-3.84030432155442,2.14248311953146,7793.998046875,-8143.0361328125,"Epi_SecA","#E69F00"
"bhhhnomk-1",-4.43852466991258,3.39618361429769,7758.7353515625,-8276.923828125,"Epi_SecA","#E69F00"
"bhhhogbk-1",-7.9684099619658,2.24214303927023,7764.658203125,-8282.43359375,"Epi_SecA","#E69F00"
"bhhhpmho-1",-7.77898353984666,2.90132773356039,7769.943359375,-8260.517578125,"Epi_SecA","#E69F00"
"bhhiadgf-1",-1.69528645923448,-3.42388379140299,7787.1689453125,-8322.3955078125,"Epi_SecB","#56B4E9"
"bhhiamge-1",-6.43173164775682,-0.797769065336402,7774.9453125,-8350.728515625,"Epi_SecA","#E69F00"
"bhhicefb-1",-2.71185202052903,-2.81947648091715,7778.962890625,-8337.1328125,"Epi_SecA","#E69F00"
"bhhicfnl-1",-3.59613842418504,-3.66273748441141,7769.16796875,-8326.7470703125,"Epi_SecB","#56B4E9"
"bhhicjih-1",-1.20253021171403,-3.00562536282938,7793.88916015625,-8319.447265625,"Epi_SecB","#56B4E9"
"bhhihcli-1",-1.91585726192308,-3.44600784345072,7806.2568359375,-8354.029296875,"Epi_SecB","#56B4E9"
"bhhijhop-1",-1.825008100775,-3.30556833310526,7807.279296875,-8345.7314453125,"Epi_SecB","#56B4E9"
"bhhindho-1",-2.22874183109117,-3.65348779721659,7797.54248046875,-8337.998046875,"Epi_SecB","#56B4E9"
"bhhiokhe-1",-2.69692964008165,-3.40547358556193,7806.3046875,-8330.6396484375,"Epi_SecB","#56B4E9"
"bhhipimc-1",-7.90454239299607,0.154029761119668,7748.3994140625,-8320.9404296875,"Epi_SecA","#E69F00"
"bhhjaglk-1",-8.99895996501756,1.30881584124166,7753.029296875,-8310.0751953125,"Epi_SecA","#E69F00"
"bhhjepoo-1",-8.67578072002244,2.17339456514913,7751.93115234375,-8299.5390625,"Epi_SecA","#E69F00"
"bhhjfche-1",-7.42932648113084,1.78340518908102,7772.974609375,-8287.009765625,"Epi_SecA","#E69F00"
"bhhjjbgm-1",-7.5765118067534,-0.619144077734168,7765.69140625,-8307.6474609375,"Epi_SecA","#E69F00"
"bhhjjiab-1",-8.13944858959031,-0.0691817508498983,7782.35693359375,-8303.8193359375,"Epi_SecA","#E69F00"
"bhhjmjdj-1",-8.18539089610887,0.670790438218896,7775.1044921875,-8273.3427734375,"Epi_SecA","#E69F00"
"bhhkdble-1",-2.35878796031785,-3.4041961388151,7796.06640625,-8272.73828125,"Epi_SecB","#56B4E9"
"bhhkecna-1",-5.1574854319365,-3.19530951543253,7783.11572265625,-8261.5205078125,"Epi_SecA","#E69F00"
"bhhkekmd-1",-8.79659408977342,0.842592064901177,7784.41455078125,-8271.1630859375,"Epi_SecA","#E69F00"
"bhhkfehc-1",-7.5697283213408,0.05861074165899,7811.751953125,-8498.8212890625,"Epi_SecA","#E69F00"
"bhhkgglp-1",-7.49580425670457,-0.297270174459632,7810.0361328125,-8507.32421875,"Epi_SecA","#E69F00"
"bhhkhgjp-1",-7.25255150249314,0.600996260209863,7798.17919921875,-8501.986328125,"Epi_SecA","#E69F00"
"bhhkklno-1",4.08362799236464,-4.98656141324442,7817.75830078125,-8550.3916015625,"Epi_SecB","#56B4E9"
"bhhkkngk-1",-2.26614779880357,-3.75788080258768,7820.39453125,-8572.4150390625,"Epi_SecA","#E69F00"
"bhhkofjg-1",2.13261836120772,-2.84543406529825,7826.29052734375,-8549.0966796875,"Epi_SecB","#56B4E9"
"bhhlapap-1",-3.90568870952439,-3.45749032063883,7796.43359375,-8542.791015625,"Epi_SecB","#56B4E9"
"bhhlcpaa-1",-2.83076948573899,-3.14679991765421,7802.7041015625,-8606.65234375,"Epi_SecB","#56B4E9"
"bhhlfhlc-1",-3.72030920436692,-3.37110983891886,7800.81298828125,-8589.9345703125,"Epi_SecA","#E69F00"
"bhhlhcmk-1",0.168255918714284,-1.49878596825999,7810.21875,-8557.15234375,"Epi_SecB","#56B4E9"
"bhhliiai-1",-3.86813921382737,-3.13700711293619,7798.4970703125,-8559.9990234375,"Epi_SecA","#E69F00"
"bhhljhhn-1",-2.7907247011931,-3.61981975598734,7796.94580078125,-8529.2255859375,"Epi_SecB","#56B4E9"
"bhhlmdhb-1",-6.95181173732591,2.73252356485922,7804.2900390625,-8435.2529296875,"Epi_SecA","#E69F00"
"bhhlpadh-1",-8.67262024333787,1.02073026136953,7799.443359375,-8481.814453125,"Epi_SecA","#E69F00"
"bhhmamnd-1",-4.10919708659959,3.39815366701681,7808.10791015625,-8422.2978515625,"Epi_SecA","#E69F00"
"bhhmdoll-1",-2.79645437648606,3.53951442675192,7804.25634765625,-8420.412109375,"Epi_SecA","#E69F00"
"bhhmnckn-1",-5.31633181026292,-3.05132662816447,7814.478515625,-8480.970703125,"Epi_SecB","#56B4E9"
"bhhmnpoi-1",-1.07075554778886,-2.21337544484537,7810.234375,-8490.90625,"Epi_SecB","#56B4E9"
"bhhmodib-1",-7.98669475963426,0.339146230979745,7821.50927734375,-8495.9150390625,"Epi_SecA","#E69F00"
"bhhmojdb-1",-6.87909264018846,-1.02789866490763,7821.89208984375,-8487.0380859375,"Epi_SecA","#E69F00"
"bhhmpchd-1",-6.14713711192918,-1.59557652039927,7829.314453125,-8478.0791015625,"Epi_SecA","#E69F00"
"bhhmpljb-1",-4.57911390712571,-3.15260088010233,7821.2177734375,-8470.4775390625,"Epi_SecB","#56B4E9"
"bhhnafab-1",-8.10870594432664,-0.117378070340569,7827.3056640625,-8428.4697265625,"Epi_SecA","#E69F00"
"bhhnbind-1",-8.77813095500779,-0.216556313769038,7821.24853515625,-8456.18359375,"Epi_SecA","#E69F00"
"bhhnclhh-1",-8.35492653301072,-0.0281310634176092,7824.32177734375,-8438.2783203125,"Epi_SecA","#E69F00"
"bhhncmbc-1",-6.29294151714158,2.34372079805929,7744.81494140625,-8448.5390625,"Epi_SecA","#E69F00"
"bhhngcep-1",-8.70267338207078,1.84708536104757,7759.4072265625,-8448.08203125,"Epi_SecA","#E69F00"
"bhhnjdgj-1",-7.43804401805711,2.46432102160055,7792.76025390625,-8417.1435546875,"Epi_SecA","#E69F00"
"bhhnkmde-1",-7.17063421657395,-1.57167791886729,7787.91845703125,-8451.5556640625,"Epi_SecA","#E69F00"
"bhhnlkkn-1",-8.07001060893846,0.708234195276086,7794.80810546875,-8442.1806640625,"Epi_SecA","#E69F00"
"bhhnngmp-1",-8.53403896739793,1.56122386889059,7792.775390625,-8426.923828125,"Epi_SecA","#E69F00"
"bhhobnph-1",-8.38447613170457,2.35151446299154,7751.15283203125,-8424.166015625,"Epi_SecA","#E69F00"
"bhhocobm-1",-8.34428638866258,2.323008660837,7750.27197265625,-8437.375,"Epi_SecA","#E69F00"
"bhhoddkl-1",-8.85570282390428,2.12786782221395,7765.0986328125,-8436.4599609375,"Epi_SecA","#E69F00"
"bhhoimfn-1",-7.61233562877488,2.48911989168722,7770.744140625,-8430.607421875,"Epi_SecA","#E69F00"
"bhholkln-1",-8.14009231975389,0.221072856946771,7761.68310546875,-8350.2783203125,"Epi_SecA","#E69F00"
"bhhonejm-1",-6.01450247218919,2.69340599016744,7754.24951171875,-8376.501953125,"Epi_SecA","#E69F00"
"bhhoohno-1",-7.26186985423875,-1.22643065019053,7762.12548828125,-8367.6279296875,"Epi_SecA","#E69F00"
"bhhpbjdn-1",-1.64879388263536,-2.19658886952799,7759.68359375,-8402.8603515625,"Epi_SecA","#E69F00"
"bhhpfaho-1",-8.35314602306199,1.79323399500448,7783.92236328125,-8410.43359375,"Epi_SecA","#E69F00"
"bhhphino-1",-7.68739456584764,2.08219302134115,7778.021484375,-8386.677734375,"Epi_SecA","#E69F00"
"bhhplaaa-1",-7.55095524242234,-1.43786668343943,7791.69140625,-8391.7119140625,"Epi_SecA","#E69F00"
"bhhpnffe-1",-4.06856340816331,-3.1744335846464,7786.4052734375,-8346.140625,"Epi_SecB","#56B4E9"
"bhhpngim-1",-7.44898647716355,-1.31323837800425,7789.525390625,-8357.8916015625,"Epi_SecA","#E69F00"
"bhiafokl-1",4.66941719600844,-5.59002792401713,7773.24853515625,-8304.71484375,"Mesenchymal","#F0E442"
"bhiahlpb-1",-1.8376349871428,-3.53344642682474,7827.30322265625,-8301.521484375,"Epi_SecB","#56B4E9"
"bhialadn-1",-2.96000499179673,-0.764655704931434,7629.52392578125,-8102.22021484375,"Epi_SecA","#E69F00"
"bhialmob-1",-3.45086712291551,-1.22555875344675,7634.6328125,-8098.85107421875,"Epi_SecA","#E69F00"
"bhibbgjn-1",3.36753016063857,-1.46131240888041,7645.623046875,-8102.935546875,"Mesenchymal","#F0E442"
"bhibcndh-1",-6.57261318614793,1.36925912336904,7659.1923828125,-8128.845703125,"Epi_SecA","#E69F00"
"bhibdpbl-1",-6.08583874156785,1.46221507029134,7653.95947265625,-8139.603515625,"Epi_SecA","#E69F00"
"bhibeepb-1",-4.58113998821092,-3.01325571103495,7644.6162109375,-8123.1845703125,"Epi_SecA","#E69F00"
"bhibfgbk-1",-4.7570595209868,0.296867583556954,7634.37548828125,-8138.60009765625,"Epi_SecA","#E69F00"
"bhibfkmn-1",-2.79492444446397,1.49661589102346,7645.77197265625,-8138.130859375,"Epi_SecA","#E69F00"
"bhibhghh-1",-3.68674797466111,-0.473493601516898,7636.42578125,-8128.08203125,"Epi_SecA","#E69F00"
"bhibkjgk-1",4.97581821033645,-4.94063531918925,7658.740234375,-8113.2626953125,"Mesenchymal","#F0E442"
"bhibkjpo-1",-4.14129585674119,-2.07803380055826,7643.7861328125,-8115.0126953125,"Epi_SecA","#E69F00"
"bhiblcmp-1",4.74955754825759,-5.5595027164976,7652.70947265625,-8120.7900390625,"Mesenchymal","#F0E442"
"bhiblfmf-1",-3.60037989070726,-0.765935953096564,7634.61474609375,-8117.85791015625,"Epi_SecA","#E69F00"
"bhiboifi-1",-0.25927705219102,0.781753961606805,7629.0390625,-8394.62890625,"Epi_SecA","#E69F00"
"bhibokmd-1",-4.37393516948533,-0.782430227235969,7626.16455078125,-8414.3232421875,"Epi_SecA","#E69F00"
"bhicehng-1",-4.47156948497605,-1.10665738149088,7625.857421875,-8399.990234375,"Epi_SecA","#E69F00"
"bhicfplg-1",-1.86049885204148,-0.0878484908911244,7635.6181640625,-8404.6142578125,"Epi_SecA","#E69F00"
"bhiclcaf-1",9.5740590626924,2.19029248194296,7661.6572265625,-8399.1884765625,"Mesenchymal","#F0E442"
"bhicmaff-1",10.5109935338228,1.8823827548464,7664.8095703125,-8553.5283203125,"Mesenchymal","#F0E442"
"bhicmdci-1",6.54140906879592,-2.0256675438444,7696.25732421875,-8596.0859375,"NK cell","#007756"
"bhicpdld-1",7.13527064869094,-1.77737140221995,7694.08544921875,-8604.8984375,"Mesenchymal","#F0E442"
"bhidbada-1",-4.7828745310576,-1.07804780764979,7616.89501953125,-8454.9287109375,"Epi_SecA","#E69F00"
"bhidgkim-1",-2.41823715617967,0.461369399591271,7618.4130859375,-8433.7958984375,"Epi_SecA","#E69F00"
"bhidhbij-1",-3.77900976589036,-0.717133815721686,7614.5625,-8441.876953125,"Epi_SecA","#E69F00"
"bhidlaai-1",-3.96696705272508,-0.70089214606684,7618.4921875,-8467.4189453125,"Epi_SecA","#E69F00"
"bhidliak-1",-3.1857442324431,-0.982585962251838,7606.90771484375,-8513.48046875,"Epi_SecA","#E69F00"
"bhidmkio-1",-3.36119884898973,2.84452593760092,7617.59814453125,-8522.35546875,"Epi_SecA","#E69F00"
"bhidphla-1",-3.25627655437303,3.45744288401205,7612.73876953125,-8490.0546875,"Epi_SecA","#E69F00"
"bhieaolm-1",-4.1466907923491,1.14802670912344,7610.833984375,-8498.5986328125,"Epi_SecA","#E69F00"
"bhiehhpa-1",-2.71784371784043,-0.424145575002845,7616.255859375,-8412.7783203125,"Epi_SecA","#E69F00"
"bhiepejl-1",-2.33234185626817,0.176537458463494,7618.32373046875,-8425.220703125,"Epi_SecA","#E69F00"
"bhifaeio-1",-2.44503921916795,-0.88635825677317,7612.72802734375,-8422.943359375,"Epi_SecA","#E69F00"
"bhifegng-1",-2.71034354617906,-0.494094307855781,7620.14990234375,-8416.9794921875,"Epi_SecA","#E69F00"
"bhiffhfl-1",-0.152283317354442,2.06049287752706,7611.4755859375,-8397.041015625,"Epi_SecA","#E69F00"
"bhifindd-1",-3.64521974971604,-0.58903479142588,7617.07861328125,-8405.607421875,"Epi_SecA","#E69F00"
"bhiflkap-1",-3.20355982234788,0.90075535015661,7619.41259765625,-8398.8837890625,"Epi_SecA","#E69F00"
"bhifohea-1",-5.18979257991624,0.241193626685922,7611.5478515625,-8335.4580078125,"Epi_SecA","#E69F00"
"bhifponn-1",-2.63247270038438,-0.562024320797141,7635.53515625,-8362.8837890625,"Epi_SecA","#E69F00"
"bhigdhlo-1",-3.48467535426927,-0.237293954328711,7632.41259765625,-8354.4609375,"Epi_SecA","#E69F00"
"bhigeimj-1",-3.67737049510789,-0.911740119890388,7637.1953125,-8339.51953125,"Epi_SecA","#E69F00"
"bhighlmk-1",-2.88900703838182,0.0311697168787165,7620.31982421875,-8374.03515625,"Epi_SecA","#E69F00"
"bhigjadh-1",-4.32975429942918,-0.498390461639579,7617.798828125,-8388.111328125,"Epi_SecA","#E69F00"
"bhignedl-1",-4.57863134792161,0.1288589580496,7614.41796875,-8381.5185546875,"Epi_SecA","#E69F00"
"bhihaaie-1",-2.95618934085679,0.153180201216523,7644.8505859375,-8349.095703125,"Epi_SecA","#E69F00"
"bhihcbei-1",6.34720998356032,1.70634293989736,7702.73681640625,-8377.3779296875,"Mesenchymal","#F0E442"
"bhihdpdh-1",10.9769635731904,2.10335791544515,7693.69287109375,-8351.912109375,"Pericyte_SM","#0072B2"
"bhihhngb-1",10.7878957326143,0.505323116346185,7689.83544921875,-8361.4658203125,"Mesenchymal","#F0E442"
"bhihjlie-1",-2.654593414572,-1.40993165536326,7612.68994140625,-8252.5966796875,"Epi_SecA","#E69F00"
"bhihknlj-1",-6.44800085475755,1.14710045294363,7636.72900390625,-8261.8193359375,"Epi_SecA","#E69F00"
"bhihmeed-1",-4.84346432140184,-1.53876995606821,7620.4443359375,-8246.1123046875,"Epi_SecA","#E69F00"
"bhihmhoj-1",-3.71839136531663,-0.306684817508872,7641.42138671875,-8273.126953125,"Epi_SecA","#E69F00"
"bhihngbc-1",-7.13137573650193,1.71068263487417,7641.53759765625,-8309.802734375,"Epi_SecA","#E69F00"
"bhihoknp-1",-6.00470871379686,1.36545098261434,7642.67236328125,-8284.349609375,"Epi_SecA","#E69F00"
"bhiiebco-1",-4.75398725917649,0.322060797973458,7630.2119140625,-8279.0537109375,"Epi_SecA","#E69F00"
"bhiigfpj-1",11.1348386342256,-0.89457928700846,7663.9033203125,-8276.712890625,"Mesenchymal","#F0E442"
"bhiihgkc-1",8.6522856290071,-4.38906776471537,7656.36669921875,-8269.2529296875,"Plasma cell","#005685"
"bhiiidjn-1",-5.10442537715745,0.670569304986779,7644.3798828125,-8148.1494140625,"Epi_SecA","#E69F00"
"bhiilehn-1",-3.67495817592454,-1.82599031491679,7637.77490234375,-8161.35888671875,"Epi_SecA","#E69F00"
"bhijbgkm-1",-4.55796904018235,0.922372703119103,7630.00048828125,-8150.16064453125,"Epi_SecA","#E69F00"
"bhijeejk-1",-5.43265337398362,2.07911861376363,7618.7724609375,-8197.7236328125,"Epi_SecA","#E69F00"
"bhijefcf-1",-4.51022238185716,0.0625258429487391,7626.85595703125,-8220.1279296875,"Epi_SecA","#E69F00"
"bhijfgko-1",-5.0152472918303,0.053955007954423,7626.55712890625,-8204.17578125,"Epi_SecA","#E69F00"
"bhijigmn-1",-4.10136360576463,-0.611465986208137,7635.51953125,-8180.24169921875,"Epi_SecA","#E69F00"
"bhijjpji-1",-6.04928345134568,0.879110757871453,7630.921875,-8192.06640625,"Epi_SecA","#E69F00"
"bhijnfgd-1",-5.05324930599046,0.277132604881112,7624.716796875,-8183.90576171875,"Epi_SecA","#E69F00"
"bhijnndd-1",-1.84480089595628,-0.15639863474768,7637.50244140625,-8167.2568359375,"Epi_SecA","#E69F00"
"bhijpmkm-1",3.51377254078078,-2.37437355084818,7648.36328125,-8169.1806640625,"Mesenchymal","#F0E442"
"bhikbmog-1",-2.21858925273729,-1.0099244670431,7638.6279296875,-8172.56005859375,"Epi_SecA","#E69F00"
"bhikelob-1",-5.23202652385545,-0.5518290655176,7619.53369140625,-8094.97705078125,"Epi_SecA","#E69F00"
"bhikfcbj-1",-1.97133464267564,-0.34888243241709,7622.87255859375,-8107.3017578125,"Epi_SecA","#E69F00"
"bhikhfld-1",-6.51676506450486,1.90061736540395,7608.9638671875,-8106.8154296875,"Epi_SecA","#E69F00"
"bhikjegg-1",-5.37844080379319,1.91924965815145,7610.2080078125,-8098.8017578125,"Epi_SecA","#E69F00"
"bhiknjlb-1",-3.28924412181687,0.313866440816705,7619.71728515625,-8112.71875,"Epi_SecA","#E69F00"
"bhilbkmk-1",-1.68438000133348,0.424858991666619,7614.2431640625,-8115.8681640625,"Epi_SecA","#E69F00"
"bhildfmf-1",-2.00695390155625,-0.328889469937499,7620.5673828125,-8123.9970703125,"Epi_SecA","#E69F00"
"bhilfamg-1",-4.65689272334886,0.07038353817064,7626.9375,-8129.04150390625,"Epi_SecA","#E69F00"
"bhilgfkn-1",-3.50762457301927,-0.727023120359595,7614.70458984375,-8122.3994140625,"Epi_SecA","#E69F00"
"bhilhfmi-1",-3.84871572902513,-0.993378158048804,7626.50146484375,-8115.9736328125,"Epi_SecA","#E69F00"
"bhilhmfp-1",1.27995997020888,2.49077451662618,7617.5849609375,-8134.6572265625,"Epi_SecA","#E69F00"
"bhilkebn-1",-3.22686690738511,0.461035136743371,7630.47119140625,-8123.01025390625,"Epi_SecA","#E69F00"
"bhilmmfe-1",-3.02492899349046,-1.55470346970957,7628.30126953125,-7802.84814453125,"Epi_SecA","#E69F00"
"bhilndih-1",-2.06251449039292,-0.251142572001632,7611.208984375,-7815.26806640625,"Epi_SecA","#E69F00"
"bhimbdkh-1",-3.14950794627977,-1.0939128355543,7621.064453125,-7808.98095703125,"Epi_SecA","#E69F00"
"bhimdgil-1",-2.85046142986131,1.69431734518606,7618.72021484375,-7842.296875,"Epi_SecA","#E69F00"
"bhimfhef-1",0.287460439893483,1.20843565897543,7631.8046875,-7899.029296875,"Epi_Cil","#009E73"
"bhimpfnb-1",-0.399853057173015,0.93384290175039,7623.521484375,-7869.66552734375,"Epi_SecA","#E69F00"
"bhinefad-1",-2.61843461444688,-0.6742356376211,7628.763671875,-7821.86474609375,"Epi_SecA","#E69F00"
"bhinjmfe-1",-2.24438876560044,-0.207352797822173,7634.52587890625,-7832.220703125,"Epi_SecA","#E69F00"
"bhinngmi-1",-2.74211449077439,-0.85745405717295,7623.02197265625,-7832.9736328125,"Epi_SecA","#E69F00"
"bhiofanb-1",-3.72590441158128,-0.471884812549766,7617.56640625,-7821.99658203125,"Epi_SecA","#E69F00"
"bhiogdpk-1",6.73716884205031,0.609565918012445,7695.57421875,-8016.65234375,"Mesenchymal","#F0E442"
"bhiojlcc-1",-4.17509884288621,-0.255529950694259,7661.369140625,-8030.29296875,"Epi_SecA","#E69F00"
"bhiokoab-1",-4.37435049465013,-0.796615536646064,7653.83935546875,-8022.3857421875,"Epi_SecA","#E69F00"
"bhiomfdj-1",-3.58026499202562,0.217304979129617,7664.478515625,-8042.4345703125,"Epi_SecA","#E69F00"
"bhipinig-1",-2.02398890903306,0.996732000871484,7670.7197265625,-8066.7783203125,"Epi_SecA","#E69F00"
"bhipinok-1",-3.20811004093003,-0.831575329736884,7656.70703125,-8057.68798828125,"Epi_SecA","#E69F00"
"bhipjcgo-1",-2.93123049190354,0.0478205575187846,7661.9755859375,-8051.587890625,"Epi_SecA","#E69F00"
"bhipkbjb-1",-5.07028669765306,0.339046870036904,7654.39306640625,-8043.52685546875,"Epi_SecA","#E69F00"
"bhipoogi-1",-3.76909822871995,-0.511403496698554,7653.19921875,-8090.84326171875,"Epi_SecA","#E69F00"
"bhjaefpg-1",-1.4371337359221,0.104626048966233,7663.576171875,-8096.83056640625,"Epi_SecA","#E69F00"
"bhjahkpm-1",-4.44786018779588,0.69566786722738,7656.3642578125,-8084.76123046875,"Epi_SecA","#E69F00"
"bhjaibik-1",-5.79510540416551,1.75636291937429,7633.65576171875,-8028.6650390625,"Epi_SecA","#E69F00"
"bhjajako-1",-2.98016757419419,-0.544897820190604,7635.2314453125,-7979.43994140625,"Epi_SecA","#E69F00"
"bhjbdekh-1",-2.62457746913743,0.567528430982415,7631.74365234375,-8003.43994140625,"Epi_SecA","#E69F00"
"bhjbeili-1",-2.4141582911284,0.0323677851398631,7632.22412109375,-8014.78955078125,"Epi_SecA","#E69F00"
"bhjbjnln-1",-2.54136318614793,0.278288189931695,7664.18603515625,-7997.07177734375,"Epi_SecA","#E69F00"
"bhjbmeej-1",-3.18259925296617,0.183172528310601,7665.9833984375,-8009.31103515625,"Epi_SecA","#E69F00"
"bhjbncld-1",-3.44185776164842,-0.164703744785006,7655.7841796875,-8006.265625,"Epi_SecA","#E69F00"
"bhjcbfgf-1",-6.74280495097947,1.65937960581381,7607.2177734375,-7993.9140625,"Epi_SecA","#E69F00"
"bhjccaac-1",-5.11144871166062,1.03285909132559,7612.46728515625,-8002.845703125,"Epi_SecA","#E69F00"
"bhjcfmjg-1",-5.03640121867967,2.56675494150717,7612.39208984375,-8013.17333984375,"Epi_SecA","#E69F00"
"bhjcggkl-1",-2.93945497920823,-0.711065526441749,7654.05908203125,-7983.92138671875,"Epi_SecA","#E69F00"
"bhjcofik-1",-3.22999996593309,-0.919857497648414,7655.99072265625,-7989.50048828125,"Epi_SecA","#E69F00"
"bhjcohll-1",-0.0669488375456344,2.22942221598226,7668.85791015625,-7988.71044921875,"Epi_SecA","#E69F00"
"bimdllia-1",-8.20129436900926,1.88066268400747,7930.50341796875,-8686.48828125,"Epi_SecA","#E69F00"
"bimdnnmo-1",-8.74560207774949,1.59227002100546,7941.4765625,-8701.1513671875,"Epi_SecA","#E69F00"
"bimeablp-1",-8.08382934978318,1.28427768187124,7941.7470703125,-8688.58984375,"Epi_SecA","#E69F00"
"bimeajig-1",-8.14000839641404,0.623963717981164,7974.85546875,-8659.7734375,"Epi_SecA","#E69F00"
"bimeidnd-1",-3.899541801718,-3.6510268406431,7986.3115234375,-8570.7587890625,"Epi_SecB","#56B4E9"
"bimelbgb-1",-2.47015685489488,-3.445137615637,7978.3818359375,-8541.7490234375,"Epi_SecB","#56B4E9"
"bimelbmd-1",-0.0562676852018844,-1.35750650926035,7987.21875,-8555.3916015625,"Epi_SecB","#56B4E9"
"bimfaojl-1",-6.62377638271165,1.92178285555441,7972.0205078125,-8648.9287109375,"Epi_SecA","#E69F00"
"bimfbbml-1",-5.49664825847459,-2.86159860654276,7950.77490234375,-8712.3046875,"Epi_SecA","#E69F00"
"bimfckmn-1",-7.7582163279326,0.407154862447564,7962.85595703125,-8708.64453125,"Epi_SecA","#E69F00"
"bimfheil-1",-6.51557678630662,1.54172885851461,7953.14453125,-8698.6259765625,"Epi_SecA","#E69F00"
"bimfifcm-1",2.80788951465773,-2.66864525838297,7935.349609375,-8548.04296875,"Macrophage","#CC79A7"
"bimfkala-1",-8.5548414652617,2.17561543421346,7940.65625,-8680.7587890625,"Epi_SecA","#E69F00"
"bimfllfn-1",-8.5126804774077,1.06780279116232,7946.64599609375,-8655.9560546875,"Epi_SecA","#E69F00"
"bimjkpnl-1",3.75963097164321,-5.35746347470682,7934.9130859375,-8726.6298828125,"Epi_SecA","#E69F00"
"bimjlkle-1",-7.93009228160691,2.6430119319399,7930.36474609375,-8733.806640625,"Epi_SecA","#E69F00"
"bimjnhgf-1",-8.35506100108934,1.99375045733053,7923.23291015625,-8732.2998046875,"Epi_SecA","#E69F00"
"bimkaofp-1",-5.51214498927903,1.12425506548483,7946.84619140625,-8728.9853515625,"Epi_SecA","#E69F00"
"bimkbnej-1",-8.89823193004441,1.42630351023275,7963.52880859375,-8799.0751953125,"Epi_SecA","#E69F00"
"bimkhnnn-1",-7.29771751811814,-0.975403304533179,7960.77392578125,-8792.595703125,"Epi_SecA","#E69F00"
"bimkklfk-1",-8.56655353954148,1.79381478266317,7932.77392578125,-8777.59375,"Epi_SecA","#E69F00"
"bimldbcd-1",-8.67419571330857,1.64306843714315,7942.22607421875,-8797.4990234375,"Epi_SecA","#E69F00"
"bimlimak-1",-7.72752518108201,1.7767474694689,7953.1787109375,-8789.775390625,"Epi_SecA","#E69F00"
"bimljlgk-1",-8.7732719843657,1.11212039427358,7943.26416015625,-8783.7744140625,"Epi_SecA","#E69F00"
"bimlngpe-1",-9.12303871562791,1.72012031511862,7920.7607421875,-8741.166015625,"Epi_SecA","#E69F00"
"bimmammi-1",-8.42257065227342,1.99197042421896,7925.50146484375,-8750.3369140625,"Epi_SecA","#E69F00"
"bimmeick-1",-7.67964023998094,2.0693739695986,7935.40283203125,-8748.236328125,"Epi_SecA","#E69F00"
"biogcngc-1",-6.68185800960374,-2.20821988149088,7895.44287109375,-8647.451171875,"Epi_SecA","#E69F00"
"biogconj-1",-9.1080755656035,1.4815175576647,7897.76123046875,-8685.927734375,"Epi_SecA","#E69F00"
"biogekhe-1",-8.96783966472459,-0.0359135077754812,7907.2861328125,-8645.056640625,"Epi_SecA","#E69F00"
"biogjcel-1",-8.2046970789702,-0.698791082338508,7899.4384765625,-8657.841796875,"Epi_SecA","#E69F00"
"biogkoem-1",-7.39643043926072,0.833828155561273,7879.1875,-8696.9482421875,"Epi_SecA","#E69F00"
"biognndd-1",-7.08271974971604,0.153800134225671,7850.4150390625,-8712.2802734375,"Epi_SecA","#E69F00"
"biohbaag-1",-9.03377193858934,2.23747098879415,7886.73583984375,-8703.263671875,"Epi_SecA","#E69F00"
"bioheelb-1",-4.63968080928636,0.594362978502099,7873.60986328125,-8668.4765625,"Epi_SecA","#E69F00"
"biohgnoj-1",2.05758195469069,-2.82238232655924,7884.5419921875,-8684.7412109375,"Mesenchymal","#F0E442"
"biohgpna-1",-7.96352810314012,-1.92691182656687,7879.20703125,-8676.3017578125,"Epi_SecA","#E69F00"
"biohmmog-1",-7.35278553417039,2.36040986017782,7879.58740234375,-8771.1201171875,"Epi_SecA","#E69F00"
"bioiamdn-1",-8.51387161662889,1.79527998404104,7868.6103515625,-8784.951171875,"Epi_SecA","#E69F00"
"bioibema-1",-7.15183157375169,-0.896957929567512,7910.49462890625,-8799.90625,"Epi_SecA","#E69F00"
"bioiellm-1",-8.95698303630662,0.473193292184655,7841.150390625,-8776.66796875,"Epi_SecA","#E69F00"
"bioiklle-1",-8.06116146495652,-0.861966903642829,7840.5,-8787.9541015625,"Epi_SecA","#E69F00"
"bioipkcm-1",-8.20782036235643,-0.602355356649573,7899.68359375,-8774.810546875,"Epi_SecA","#E69F00"
"biojfbbl-1",-8.39367241313768,0.215141300721948,7915.857421875,-8788.349609375,"Epi_SecA","#E69F00"
"biojfcgl-1",-7.37793011119676,-0.353176321224387,7898.2177734375,-8786.744140625,"Epi_SecA","#E69F00"
"biojfogi-1",-9.01978058269334,1.09573150114614,7845.0146484375,-8746.6875,"Epi_SecA","#E69F00"
"biojhhhl-1",-7.27463001659227,1.29875922636587,7853.34765625,-8745.8671875,"Epi_SecA","#E69F00"
"biojjmoo-1",-9.21908516338182,1.4039617820223,7855.1416015625,-8721.6103515625,"Epi_SecA","#E69F00"
"biojnbcg-1",-9.04760403087449,1.89861941771108,7897.66162109375,-8728.0625,"Epi_SecA","#E69F00"
"biojpmem-1",-8.50403541972947,1.9510706706484,7911.73046875,-8730.9912109375,"Epi_SecA","#E69F00"
"biokaaag-1",-3.76264471462083,3.65834868387777,7904.5908203125,-8723.34375,"Epi_SecA","#E69F00"
"biokenln-1",-7.69011730602098,1.37759161429006,7831.64794921875,-8748.5048828125,"Epi_SecA","#E69F00"
"biokhgan-1",-6.58447021892381,-1.46712290807169,7837.8759765625,-8766.7900390625,"Epi_SecA","#E69F00"
"biokifdk-1",-7.55185169627977,2.57913411097128,7838.9111328125,-8750.392578125,"Epi_SecA","#E69F00"
"biokjfml-1",-4.44708675792527,3.45370686487753,7874.99462890625,-8723.1962890625,"Epi_SecA","#E69F00"
"biokjllc-1",-8.14847416332078,2.55759346918661,7888.75830078125,-8732.361328125,"Epi_SecA","#E69F00"
"bioknmoa-1",-7.22877067973924,2.59955585436422,7886.82080078125,-8765.3515625,"Epi_SecA","#E69F00"
"biolajbg-1",-6.43944401195359,2.74998152689535,7882.02294921875,-8737.94921875,"Epi_SecA","#E69F00"
"biolcihd-1",-6.63892788341355,-0.597660000757392,7968.22998046875,-8080.85791015625,"Epi_SecA","#E69F00"
"bioldhlk-1",-7.74313873699021,0.658793453737084,7971.92626953125,-8094.0888671875,"Epi_SecA","#E69F00"
"bioleepl-1",-8.63145393779588,2.34920943216879,7972.84912109375,-8062.091796875,"Epi_SecA","#E69F00"
"biolhllg-1",-7.61834949901414,0.0763721658428355,7963.15625,-8071.97314453125,"Epi_SecA","#E69F00"
"biolipoh-1",-6.78995222499681,2.6879726691683,7958.91943359375,-8065.17041015625,"Epi_SecA","#E69F00"
"biolkdbm-1",-8.12091392925096,2.65064013437826,7983.40771484375,-8063.982421875,"Epi_SecA","#E69F00"
"biolmehp-1",-8.99899048259568,0.0353858961303874,7984.0146484375,-8167.626953125,"Epi_SecA","#E69F00"
"biolnjml-1",-6.81683344295335,1.94026792482931,7981.744140625,-8250.798828125,"Epi_SecA","#E69F00"
"biolpmbo-1",-8.85917133739305,2.04337561564047,7991.7900390625,-8227.1513671875,"Epi_SecA","#E69F00"
"biomahnp-1",-8.03131527355027,0.523455504937951,7989.57275390625,-8170.7646484375,"Epi_SecA","#E69F00"
"biomboko-1",-7.26328033855271,1.56521106199819,7976.1787109375,-8145.76123046875,"Epi_SecA","#E69F00"
"biomdgco-1",-7.24222320964646,0.903735642000024,7972.740234375,-8167.85791015625,"Epi_SecA","#E69F00"
"biomhabj-1",-8.35702747752977,-1.40532767339152,7984.1083984375,-8158.16162109375,"Epi_SecA","#E69F00"
"biomkgkd-1",-6.97709555080247,-0.327955614165481,7968.396484375,-8156.43359375,"Epi_SecA","#E69F00"
"biomleah-1",-4.89962953975511,-1.87222182317179,7952.83935546875,-8120.73095703125,"Epi_SecA","#E69F00"
"biommjkk-1",-8.01905483653855,1.69863236383993,7976.18603515625,-8111.419921875,"Epi_SecA","#E69F00"
"biompdpc-1",-7.20142216136766,-0.82792478366297,7961.6689453125,-8121.9794921875,"Epi_SecA","#E69F00"
"bionahle-1",-8.51151031902146,2.09628093676168,7931.95703125,-8288.3837890625,"Epi_SecA","#E69F00"
"bionaigh-1",-7.26732582500291,-0.379186923937018,7990.44580078125,-8290.60546875,"Epi_SecA","#E69F00"
"bioncipc-1",-8.32972950389695,0.359334920211618,7969.78271484375,-8291.48046875,"Epi_SecA","#E69F00"
"biondmif-1",-8.23273510387254,1.24794972376425,7975.23388671875,-8279.8544921875,"Epi_SecA","#E69F00"
"bionhjdd-1",-6.74248356273484,2.12395346598226,7954.806640625,-8281.7080078125,"Epi_SecA","#E69F00"
"bionilhe-1",4.21061902591872,-5.61094152493876,7934.56494140625,-8346.921875,"Mesenchymal","#F0E442"
"bionolgn-1",4.49845009395766,-5.45373355908793,7939.1513671875,-8378.76171875,"Epi_SecB","#56B4E9"
"bioodeaa-1",1.22828652808356,0.337329660220925,7947.646484375,-8370.734375,"Epi_SecA","#E69F00"
"bioofajl-1",4.36406951496291,-4.66898786588114,7918.76953125,-8349.869140625,"Mesenchymal","#F0E442"
"biooilel-1",-7.51222366741014,0.448671762510125,7977.107421875,-8338.2841796875,"Epi_SecA","#E69F00"
"bioojgdg-1",3.47636943409133,-2.20827853246134,7984.2421875,-8511.8095703125,"Macrophage","#CC79A7"
"biookigk-1",3.49953942844558,-2.13827025456827,7985.751953125,-8449.3828125,"Macrophage","#CC79A7"
"biookmld-1",3.8962345654695,0.45920294956762,7964.62451171875,-8498.537109375,"Mesenchymal","#F0E442"
"biooplgk-1",5.44435554096389,-5.18536769910258,7994.62939453125,-8483.4697265625,"T cell","#1C91D4"
"biopbdca-1",-8.82350201061082,1.22897291616995,7965.02587890625,-8302.521484375,"Epi_SecA","#E69F00"
"biopccbl-1",-7.63208336284471,0.578335647149865,7974.5625,-8301.7900390625,"Epi_SecA","#E69F00"
"biopdmee-1",-8.26233143260789,1.60709965662557,7941.91064453125,-8087.3076171875,"Epi_SecA","#E69F00"
"biopfbbc-1",-5.36088270595384,-2.11849414868754,7939.39453125,-8097.04443359375,"Epi_SecA","#E69F00"
"biopgdpi-1",-3.06618589809251,2.68895900683004,7951.93212890625,-8089.556640625,"Epi_SecA","#E69F00"
"biopheme-1",8.23079972812819,0.488512699170892,7946.4443359375,-8217.1416015625,"Mesenchymal","#F0E442"
"biophpbf-1",-9.01989788463426,1.52424943880636,7964.3349609375,-8261.4013671875,"Epi_SecA","#E69F00"
"biopjaef-1",-8.98426002910447,-0.343926634029563,7927.26806640625,-8225.0380859375,"Mesenchymal","#F0E442"
"bioploai-1",-7.92670196941209,0.0323776795108958,7936.81201171875,-8153.3154296875,"Epi_SecA","#E69F00"
"bipaahmg-1",-5.89354175975633,-0.433766628936942,7920.86962890625,-8213.4501953125,"Epi_SecA","#E69F00"
"bipagaai-1",-1.31311864307237,3.4471484466036,7916.80224609375,-8205.6513671875,"Epi_SecA","#E69F00"
"bipaikfe-1",-4.63913340022874,0.133318875594918,7930.56103515625,-8208.5166015625,"Epi_SecA","#E69F00"
"bipajiib-1",-8.5902943079741,-0.567856933311637,7920.1806640625,-8168.267578125,"Epi_SecA","#E69F00"
"bipakcoj-1",-4.7702111666472,-1.89658247991007,7943.9326171875,-8111.90380859375,"Epi_SecA","#E69F00"
"bipakhgf-1",-5.8883580630095,-1.66635226769846,7947.9013671875,-8117.5009765625,"Epi_SecA","#E69F00"
"bipancof-1",-6.48412031581712,1.50355661348898,7869.60888671875,-8217.4150390625,"Epi_SecA","#E69F00"
"bipanfkn-1",-9.13861412456346,1.45260823206503,7870.60595703125,-8235.3017578125,"Epi_SecA","#E69F00"
"bipanhag-1",-8.54946751048875,0.89219570593435,7861.54150390625,-8228.6298828125,"Epi_SecA","#E69F00"
"bipaoboa-1",-8.75289863994432,-0.301124955848868,7876.09619140625,-8226.6923828125,"Epi_SecA","#E69F00"
"bipbdehd-1",-7.91186279704881,-0.719657595590766,7880.36279296875,-8220.4833984375,"Epi_SecA","#E69F00"
"bipbffcj-1",-9.10900349071336,0.713695351644342,7886.24560546875,-8234.462890625,"Epi_SecA","#E69F00"
"bipbmkpa-1",5.96114831516433,-4.27698051495951,7898.30322265625,-8277.8876953125,"T cell","#1C91D4"
"bipbnaco-1",-9.33318561961961,0.665804509683435,7892.66943359375,-8242.7578125,"Epi_SecA","#E69F00"
"bipboljd-1",-9.07891888072801,0.996898297830407,7886.94189453125,-8257.8759765625,"Epi_SecA","#E69F00"
"bipbpenm-1",-9.17620033672166,1.13036966757375,7887.58251953125,-8248.2177734375,"Epi_SecA","#E69F00"
"bipcdoce-1",-6.27317375591111,-1.34260630174082,7912.310546875,-8222.6748046875,"Epi_SecA","#E69F00"
"bipcfdkh-1",6.33708911487746,-3.37974345250529,7914.79931640625,-8253.4365234375,"T cell","#1C91D4"
"bipcjaop-1",-7.40365738323045,2.34332883791525,7903.73291015625,-8243.8203125,"Epi_SecA","#E69F00"
"bipcjjgc-1",-2.9360408251555,1.95938885645467,7910.23291015625,-8238.1943359375,"Epi_SecA","#E69F00"
"bipcmala-1",-6.45952028682542,-2.43941247029703,7853.642578125,-8465.9296875,"Epi_SecA","#E69F00"
"bipdfhae-1",-7.92667240550828,-0.931227739290412,7842.64892578125,-8480.9453125,"Epi_SecA","#E69F00"
"bipdgaji-1",-6.69529385021043,-1.51625239415568,7848.1806640625,-8467.9306640625,"Epi_SecA","#E69F00"
"bipdkleh-1",-3.95649856975389,-3.34977066083353,7833.57373046875,-8466.34765625,"Epi_SecB","#56B4E9"
"bipdligc-1",-6.44780439784837,-1.75089573426646,7909.22265625,-8570.974609375,"Epi_SecA","#E69F00"
"bipdoajp-1",-3.92935270717454,-3.50477110906046,7913.970703125,-8561.666015625,"Epi_SecB","#56B4E9"
"bipdolgj-1",-5.45127624919725,-2.95545661015909,7905.85791015625,-8579.1943359375,"Epi_SecA","#E69F00"
"bipdonbc-1",-2.16437096050096,-3.61675393147867,7827.87841796875,-8563.125,"Epi_SecB","#56B4E9"
"bipegihk-1",-6.39648575237107,-2.90350377126139,7872.97900390625,-8660.0625,"Epi_SecA","#E69F00"
"bipeiieg-1",-3.59861130168748,-3.36872136159342,7854.6279296875,-8544.5341796875,"Epi_SecB","#56B4E9"
"bipeipfh-1",-1.89950389316392,-3.41950761838358,7835.72119140625,-8548.14453125,"Epi_SecB","#56B4E9"
"bipejgfh-1",2.73826127597976,-2.56184279485148,7831.39404296875,-8583.87890625,"Macrophage","#CC79A7"
"bipekpbh-1",-4.24263948848558,-3.30660092397135,7856.72607421875,-8486.296875,"Epi_SecA","#E69F00"
"bipembbp-1",-2.7239613001616,-3.72116982503336,7848.61376953125,-8536.998046875,"Epi_SecB","#56B4E9"
"bipepaae-1",-7.79989284923387,-1.22535895867747,7856.36669921875,-8519.7099609375,"Epi_SecA","#E69F00"
"bipepofa-1",-4.58507532527757,-2.95760690732401,7856.49365234375,-8427.3525390625,"Epi_SecB","#56B4E9"
"bipfbcpb-1",-4.51463980129075,-3.08489834828776,7858.2802734375,-8409.0439453125,"Epi_SecA","#E69F00"
"bipfealp-1",-2.16225547244859,3.36244595484335,7838.99072265625,-8453.7001953125,"Epi_SecA","#E69F00"
"bipfjdbo-1",-5.55558914592576,-2.02555441422861,7866.23974609375,-8436.623046875,"Epi_SecB","#56B4E9"
"bipflfad-1",-4.98116487911058,-2.81534182591837,7864.53369140625,-8473.38671875,"Epi_SecA","#E69F00"
"bipflfej-1",-4.16874927928758,-3.01707088513773,7864.12646484375,-8457.5712890625,"Epi_SecB","#56B4E9"
"bipfmffk-1",-3.8147143786223,-3.42030345960062,7866.87548828125,-8446.3974609375,"Epi_SecA","#E69F00"
"bipgbcln-1",2.60525219986129,-3.09193646474283,7840.60107421875,-8432.7626953125,"Mesenchymal","#F0E442"
"bipgbpce-1",-7.30750793865037,-0.269753481582816,7832.341796875,-8446.9326171875,"Epi_SecA","#E69F00"
"bipgccbf-1",-7.33183903148484,-1.25349461598795,7849.13330078125,-8446.9306640625,"Epi_SecA","#E69F00"
"bipgdaji-1",3.27437334606337,-2.01336490674418,7834.296875,-8435.2001953125,"Mesenchymal","#F0E442"
"bipgfebf-1",-3.11472410610032,-3.22524511380595,7842.35400390625,-8278.4326171875,"Epi_SecA","#E69F00"
"bipgghhn-1",-1.60339564731431,-3.64971005483073,7858.3564453125,-8338.662109375,"Epi_SecB","#56B4E9"
"bipgjiag-1",-2.84439916065049,-4.51876699490946,7863.814453125,-8327.5830078125,"Epi_SecB","#56B4E9"
"bipgkbhh-1",-8.9106068079741,1.67209053473074,7874.791015625,-8253.185546875,"Epi_SecA","#E69F00"
"bipgklbh-1",-7.19125074794603,0.641924683614556,7862.8671875,-8261.0888671875,"Epi_SecA","#E69F00"
"bipglido-1",-5.59278339793992,-2.8594909863035,7859.96923828125,-8308.8759765625,"Epi_SecA","#E69F00"
"bipgmffl-1",-3.20794052532029,-3.55222880406779,7881.88916015625,-8360.9453125,"Epi_SecA","#E69F00"
"biphbmoe-1",-4.21331543376756,-3.24620210690897,7900.8857421875,-8368.9677734375,"Epi_SecA","#E69F00"
"biphdacj-1",-3.56908506801438,-3.4337998585264,7889.30615234375,-8363.369140625,"Epi_SecA","#E69F00"
"biphefie-1",-4.19815821101976,-3.27078878446024,7902.12548828125,-8350.4365234375,"Epi_SecA","#E69F00"
"biphfglf-1",2.21358042308974,-2.90677582784098,7897.46826171875,-8355.3828125,"Macrophage","#CC79A7"
"biphnojn-1",-2.75245255878282,-3.75776803059977,7885.84033203125,-8350.4130859375,"Epi_SecB","#56B4E9"
"bipifgej-1",-6.70740932872605,-0.420140470699485,7909.4833984375,-8306.98828125,"Epi_SecA","#E69F00"
"bipifkjc-1",-4.43251652171922,-3.03015863461893,7900.64208984375,-8320.576171875,"Epi_SecA","#E69F00"
"bipilehn-1",-4.52377075603318,-3.00676428838175,7894.28955078125,-8319.2958984375,"Epi_SecA","#E69F00"
"bipilnmb-1",-8.20803780010057,-0.112179446355517,7899.31494140625,-8308.3740234375,"Epi_SecA","#E69F00"
"bipinnho-1",-8.11255974223924,-0.196602742509063,7902.33837890625,-8302.1171875,"Epi_SecA","#E69F00"
"bipjehno-1",1.17829170176673,1.37321556047994,7916.69921875,-8299.3203125,"Epi_SecA","#E69F00"
"bipjogch-1",0.746408409494041,-0.556183989481147,7877.974609375,-8103.6044921875,"Epi_SecB","#56B4E9"
"bipkaehm-1",-4.85209984233689,-2.90775548978251,7899.35986328125,-8106.31494140625,"Epi_SecA","#E69F00"
"bipkecca-1",-2.71498770168138,-3.10792362256449,7890.69482421875,-8102.11328125,"Epi_SecB","#56B4E9"
"bipkfacf-1",-7.70488781383348,-0.406414474682029,7899.30908203125,-8140.19775390625,"Epi_SecA","#E69F00"
"bipkfifh-1",-2.66980404308152,-4.14417230649393,7849.55029296875,-8145.6181640625,"Epi_SecB","#56B4E9"
"bipkhnce-1",-2.21672624996019,-3.52347862286967,7861.6318359375,-8121.50634765625,"Epi_SecB","#56B4E9"
"bipkhpdh-1",-1.94172043254686,-3.01544940038126,7856.32958984375,-8125.9833984375,"Epi_SecB","#56B4E9"
"bipkiamg-1",-2.2855965559752,-3.23357760472697,7855.69677734375,-8135.7626953125,"Epi_SecB","#56B4E9"
"bipkigfd-1",-8.217910236624,-1.34258114858073,7878.12060546875,-8190.6748046875,"Epi_SecA","#E69F00"
"bipkjell-1",-8.64804310252977,-0.663663263754065,7882.1181640625,-8208.80078125,"Epi_SecA","#E69F00"
"bipkjpld-1",-7.19412178447557,-0.142946261302646,7874.9013671875,-8205.890625,"Epi_SecA","#E69F00"
"bipkklko-1",-7.84284443309617,-1.39720916314524,7905.71826171875,-8209.53515625,"Epi_SecA","#E69F00"
"bipkomdp-1",-6.35379213741136,-1.90516900582712,7901.3720703125,-8228.4189453125,"Epi_SecA","#E69F00"
"bipkplke-1",-8.3322491114409,-0.363645132021125,7891.3984375,-8217.5849609375,"Epi_SecA","#E69F00"
"biplccei-1",-7.60680908611131,1.98295772509176,7901.93994140625,-8218.74609375,"Epi_SecA","#E69F00"
"biplegnk-1",0.278146886321782,2.33579624132711,7889.81787109375,-8207.490234375,"Epi_SecA","#E69F00"
"bipliiln-1",-7.64657921245408,-1.72558474107188,7901.9951171875,-8189.85546875,"Epi_SecA","#E69F00"
"biplkibi-1",-8.04060215404344,-1.74172675176066,7888.3720703125,-8200.3291015625,"Epi_SecA","#E69F00"
"biplmpae-1",-8.46344227245164,-0.23989586098593,7895.826171875,-8194.259765625,"Epi_SecA","#E69F00"
"biplngef-1",-5.43572420528245,-2.38807379765909,7890.896484375,-8172.36328125,"Epi_SecA","#E69F00"
"biplpepj-1",-5.28961128642869,-1.13402366204661,7884.54541015625,-8178.091796875,"Epi_SecA","#E69F00"
"bipmdcpd-1",-8.74029106548143,-0.750125642255958,7892.904296875,-8181.37451171875,"Epi_SecA","#E69F00"
"bipmfcnd-1",4.81824975559401,0.221770886941735,7913.97900390625,-8197.275390625,"Mesenchymal","#F0E442"
"bipmfnap-1",-4.82213158061814,1.10621214346487,7911.2314453125,-8209.9501953125,"Epi_SecA","#E69F00"
"bipmhdif-1",-5.76585335185838,0.985495214029138,7910.5625,-8202.2802734375,"Epi_SecA","#E69F00"
"bipmhgaa-1",-8.58980888774705,2.01501310305196,7909.5322265625,-8182.42724609375,"Epi_SecA","#E69F00"
"bipmkjcd-1",-7.63899654796434,0.0836910052736445,7893.962890625,-8148.7998046875,"Epi_SecA","#E69F00"
"bipmkkde-1",-7.30873817851854,-0.210529010132964,7906.44287109375,-8152.77001953125,"Epi_SecA","#E69F00"
"bipmoodh-1",-7.61848968913865,0.968928579850976,7903.7119140625,-8167.185546875,"Epi_SecA","#E69F00"
"bipndhal-1",-8.12234253337693,-0.719038541750129,7896.2646484375,-8159.57666015625,"Epi_SecA","#E69F00"
"bipnemkf-1",-8.23778099468064,0.1931281133135,7913.87109375,-8160.47998046875,"Epi_SecA","#E69F00"
"bipnhkfa-1",-5.7320727770598,-2.8835674480955,7875.75390625,-8163.1044921875,"Epi_SecA","#E69F00"
"bipnkcmn-1",-7.53637546947312,-0.476747687296088,7886.9013671875,-8163.45068359375,"Epi_SecA","#E69F00"
"bipnmfif-1",-5.41150516918016,-2.81671630902689,7884.95068359375,-8151.142578125,"Epi_SecA","#E69F00"
"bipnpchp-1",-7.81469005992723,2.70654619173605,8011.6494140625,-8053.76611328125,"Epi_SecA","#E69F00"
"bipoagfi-1",-8.7495436136992,2.22524655298788,8002.3203125,-8064.76611328125,"Epi_SecA","#E69F00"
"bipobdim-1",-7.5642351572783,2.96310556368429,7993.43994140625,-8060.36328125,"Epi_SecA","#E69F00"
"bipoelge-1",-8.8770489161284,2.25565875010092,8057.6083984375,-8058.92236328125,"Epi_SecA","#E69F00"
"bipofgjo-1",-7.7822994654448,2.81522787050802,8047.85595703125,-8077.62060546875,"Epi_SecA","#E69F00"
"bipoijlc-1",-7.80497688701463,2.5643576426943,8054.95703125,-8073.8017578125,"Epi_SecA","#E69F00"
"bipojpaf-1",-5.58001560619187,3.27586281733114,8056.88623046875,-8069.2919921875,"Epi_SecA","#E69F00"
"bipomfgf-1",-6.40183252742601,3.13286936716634,8021.291015625,-8054.25390625,"Epi_SecA","#E69F00"
"biponbli-1",-8.3102182810576,-0.0802846526215629,8023.5205078125,-8070.29443359375,"Epi_SecA","#E69F00"
"bippflbg-1",-8.05579323222947,1.71153355078298,8031.39892578125,-8060.39501953125,"Epi_SecA","#E69F00"
"bipphlfh-1",-4.6988696520598,3.58592665628988,8041.6806640625,-8114.0927734375,"Epi_SecA","#E69F00"
"bippkblh-1",-7.79951519420457,2.12532628016073,8031.93896484375,-8122.6416015625,"Epi_SecA","#E69F00"
"bippland-1",-7.88363785198045,-0.734804447130378,8045.201171875,-8122.19091796875,"Epi_SecA","#E69F00"
"bippndpl-1",-7.72361702373338,0.839325968786065,8033.994140625,-8155.14697265625,"Epi_SecA","#E69F00"
"bjaadeem-1",-8.088666385916,0.633554999395196,8017.03662109375,-8167.35400390625,"Epi_SecA","#E69F00"
"bjaahbkg-1",-7.17907280376268,1.94612348513204,8049.75830078125,-8165.4814453125,"Epi_SecA","#E69F00"
"bjaalbaf-1",-8.82840389659715,1.38322091536123,8038.56396484375,-8162.142578125,"Epi_SecA","#E69F00"
"bjaalile-1",-7.6127552454741,0.67240673737127,8046.98193359375,-8156.07373046875,"Epi_SecA","#E69F00"
"bjaannbe-1",-4.7600039904387,-2.84270870252054,8000.7822265625,-8138.197265625,"Epi_SecB","#56B4E9"
"bjabbpkn-1",-8.2158522074492,1.16923976378042,8002.25732421875,-8184.4609375,"Epi_SecA","#E69F00"
"bjabgfhd-1",-7.54919952800584,2.45083773569662,8006.52294921875,-8157.9248046875,"Epi_SecA","#E69F00"
"bjabghln-1",-7.1970328753264,-0.900273378328498,8002.75927734375,-8149.91552734375,"Epi_SecA","#E69F00"
"bjabkfem-1",-8.41486401012254,1.26795304255087,7993.02099609375,-8151.23974609375,"Epi_SecA","#E69F00"
"bjacdjek-1",-8.48751301219773,2.12292945818502,8057.6416015625,-8087.18896484375,"Epi_SecA","#E69F00"
"bjacfagi-1",-5.48593420436692,-0.585457618669684,8064.57275390625,-8098.37451171875,"Epi_SecA","#E69F00"
"bjachknh-1",-8.69744343211961,2.30489623980123,8053.724609375,-8101.37353515625,"Epi_SecA","#E69F00"
"bjacidba-1",-4.08781761577439,-3.148835297064,8076.7958984375,-8125.7919921875,"Epi_SecA","#E69F00"
"bjacplif-1",3.07413297245192,-2.54373704953593,8085.24853515625,-8153.3388671875,"Macrophage","#CC79A7"
"bjademag-1",-3.00720042636705,-3.6732231335203,8074.369140625,-8152.443359375,"Epi_SecB","#56B4E9"
"bjadflbd-1",-7.79628033092332,0.608438496156518,8062.50244140625,-8150.28173828125,"Epi_SecA","#E69F00"
"bjadipbl-1",-2.68928379466844,-3.76642739339274,8073.783203125,-8143.57568359375,"Epi_SecB","#56B4E9"
"bjadkanj-1",-6.3265060847075,-2.63734900517863,8065.43505859375,-8125.9912109375,"Epi_SecA","#E69F00"
"bjadkggj-1",-4.16907543590379,2.18999612764913,8069.12060546875,-8104.20556640625,"Epi_SecA","#E69F00"
"bjadkigf-1",-7.21303934505296,0.522988025708978,8058.83447265625,-8107.78662109375,"Epi_SecA","#E69F00"
"bjadlblf-1",-5.10937637737107,-3.11728560491007,8073.43212890625,-8119.73046875,"Epi_SecA","#E69F00"
"bjadlnoc-1",-7.37146706035447,-0.48533132238787,8061.5322265625,-8117.16796875,"Epi_SecA","#E69F00"
"bjadmcoa-1",-6.0996503298552,-2.15471326871317,8068.88671875,-8111.45166015625,"Epi_SecA","#E69F00"
"bjadnbai-1",-6.94028419902635,-1.62319933934611,8080.03466796875,-8112.33642578125,"Epi_SecA","#E69F00"
"bjadpibj-1",-8.23760075023484,2.16364109949667,8000.7109375,-8083.09521484375,"Epi_SecA","#E69F00"
"bjaeaian-1",-7.90406078746629,0.6864581747492,8008.07275390625,-8093.42529296875,"Epi_SecA","#E69F00"
"bjaecged-1",-8.16576618602586,2.08161676363546,8011.3193359375,-8081.20654296875,"Epi_SecA","#E69F00"
"bjaecnbd-1",-0.549348539617778,3.09388649897176,8025.83447265625,-8102.34716796875,"Epi_SecA","#E69F00"
"bjaedjhc-1",-8.3273491328032,1.14060700373251,8030.48876953125,-8116.60302734375,"Epi_SecA","#E69F00"
"bjaefcgk-1",4.02093892643142,0.133576993509118,8030.453125,-8108.05810546875,"Epi_SecA","#E69F00"
"bjaeoiaa-1",-8.15235180309129,0.0895093424757167,7992.7568359375,-8105.68408203125,"Epi_SecA","#E69F00"
"bjaeoope-1",-7.48512024333787,-0.0937392880745077,8002.646484375,-8115.7568359375,"Epi_SecA","#E69F00"
"bjaephni-1",-8.26920647075486,2.47745860056478,8014.953125,-8106.38818359375,"Epi_SecA","#E69F00"
"bjafdkgo-1",-7.90127319743943,2.53521693186361,8018.86962890625,-8084.8359375,"Epi_SecA","#E69F00"
"bjaffgel-1",-8.76431316783738,2.22003996805746,8036.79248046875,-8097.7900390625,"Epi_SecA","#E69F00"
"bjafgbhd-1",-8.55064911296678,2.32678544954855,8024.89404296875,-8092.044921875,"Epi_SecA","#E69F00"
"bjafhcen-1",-8.27998871257615,2.41772807077963,8039.40380859375,-8088.0771484375,"Epi_SecA","#E69F00"
"bjafhlgp-1",-7.76605743816209,-0.750092978910621,8164.95263671875,-8693.0859375,"Epi_SecA","#E69F00"
"bjaflccg-1",-7.45071834972215,0.945597652955834,8133.96728515625,-8700.8125,"Epi_SecA","#E69F00"
"bjaflcjn-1",-4.4674186175139,-2.18731438680094,8145.19580078125,-8704.4091796875,"Epi_SecA","#E69F00"
"bjafmndh-1",-3.58220476558519,2.44267785982687,8144.55078125,-8698.3662109375,"Epi_SecA","#E69F00"
"bjafoalg-1",-8.35915321758104,-0.90289717479151,8154.18798828125,-8693.2236328125,"Epi_SecA","#E69F00"
"bjafpccf-1",-7.59741157939744,1.21015620665151,8161.6181640625,-8727.4541015625,"Epi_SecA","#E69F00"
"bjagaadm-1",-3.47135395458055,2.44390714602071,8178.447265625,-8755.0234375,"Epi_SecA","#E69F00"
"bjagachj-1",-7.12315887859178,-0.241503353552039,8154.1962890625,-8772.119140625,"Epi_SecA","#E69F00"
"bjagaeda-1",5.01173167774367,-5.41391098065775,8154.306640625,-8781.09375,"Mesenchymal","#F0E442"
"bjagccla-1",-1.51575416972947,1.85103285746175,8175.86376953125,-8761.921875,"Epi_SecA","#E69F00"
"bjagjhig-1",-6.47260422160936,-1.12292944951456,8166.23486328125,-8766.4296875,"Epi_SecA","#E69F00"
"bjahadbi-1",-7.66162914684129,-1.21652602715891,8130.27783203125,-8727.4794921875,"Epi_SecA","#E69F00"
"bjahdhfb-1",4.66115527698684,-5.51595747037333,8065.33642578125,-8773.796875,"Mesenchymal","#F0E442"
"bjahggko-1",-6.58636660030198,-0.241656164960082,8117.8271484375,-8786.193359375,"Epi_SecA","#E69F00"
"bjahhnhc-1",-2.33081979205918,-1.5399690823118,8092.3330078125,-8782.615234375,"Epi_SecA","#E69F00"
"bjbcalgi-1",-2.6779157583983,-3.04380642934244,8033.77001953125,-8793.5703125,"Epi_SecA","#E69F00"
"bjbcfhap-1",-3.48823875835252,-3.30699193044108,8038.80615234375,-8799.4853515625,"Epi_SecA","#E69F00"
"bjbcnjjj-1",-8.5657524531157,1.74901819662649,8168.36181640625,-8324.5908203125,"Epi_SecA","#E69F00"
"bjbcpbnc-1",-7.58832210948777,0.955469016595666,8151.9619140625,-8366.001953125,"Epi_SecA","#E69F00"
"bjbcpldc-1",-7.7880949442656,1.98251045183737,8140.490234375,-8352.416015625,"Epi_SecA","#E69F00"
"bjbddhco-1",-7.53046745708299,0.371598367257897,8154.208984375,-8352.6171875,"Epi_SecA","#E69F00"
"bjbdgppa-1",-8.7777418558867,-0.934884126619513,8140.04248046875,-8399.6005859375,"Epi_SecA","#E69F00"
"bjbdhbaf-1",-8.21515507152391,-0.257221083478148,8143.947265625,-8408.142578125,"Epi_SecA","#E69F00"
"bjbdpgbe-1",-5.76160997798753,-1.42875921292704,8150.8525390625,-8395.2744140625,"Epi_SecA","#E69F00"
"bjbeboog-1",-8.25080818584275,0.382981990142648,8090.0361328125,-8383.705078125,"Epi_SecA","#E69F00"
"bjbegmpi-1",-7.76623482158494,0.800233189626519,8095.4765625,-8425.171875,"Epi_SecA","#E69F00"
"bjbehgoh-1",-7.93125481059861,1.28221512274343,8087.91552734375,-8421.0400390625,"Epi_SecA","#E69F00"
"bjbehmep-1",-7.54918236186814,0.0386465384205027,8093.1025390625,-8394.35546875,"Epi_SecA","#E69F00"
"bjbemclp-1",-6.79983181407762,-1.55279433293741,8086.45263671875,-8332.568359375,"Epi_SecA","#E69F00"
"bjbeogep-1",-8.21289867809129,0.916848783059899,8127.03466796875,-8354.58203125,"Epi_SecA","#E69F00"
"bjbepplj-1",-8.09555572917771,0.95396340326864,8119.1337890625,-8344.26171875,"Epi_SecA","#E69F00"
"bjbfdaek-1",-6.26479525020433,-0.294116313890632,8127.2783203125,-8337.4375,"Epi_SecA","#E69F00"
"bjbfdlnf-1",3.19570928165603,-1.88106846375864,8040.84814453125,-8613.7451171875,"Macrophage","#CC79A7"
"bjbfielj-1",5.59647374698806,-4.84629308743876,8064.087890625,-8621.1806640625,"T cell","#1C91D4"
"bjbflhid-1",-2.06340212276292,-2.88769375844401,8026.33203125,-8622.9287109375,"Epi_SecB","#56B4E9"
"bjbflool-1",-1.46737451007676,-2.69726454778116,8033.87890625,-8618.765625,"Epi_SecB","#56B4E9"
"bjbgakjf-1",-2.80258221080613,-3.62300216718119,8008.65869140625,-8708.3798828125,"Epi_SecB","#56B4E9"
"bjbgaknb-1",3.91108351299453,-1.07027625604075,8042.42724609375,-8714.7578125,"Macrophage","#CC79A7"
"bjbgihgc-1",-3.97450966289354,-4.47333681149882,8015.447265625,-8712.90625,"Epi_SecB","#56B4E9"
"bjbgmdci-1",-4.10061544826341,-4.28753768964213,8023.2060546875,-8713.3564453125,"Epi_SecB","#56B4E9"
"bjbgmpam-1",1.25292690941977,-2.74443828626078,8069.97265625,-8644.400390625,"Epi_SecB","#56B4E9"
"bjbgogln-1",-5.94635004451585,-1.33721589608591,8108.787109375,-8669.279296875,"Epi_SecA","#E69F00"
"bjbhbfoj-1",-2.71581167629075,-3.14009558720988,8079.65283203125,-8679.2001953125,"Epi_SecB","#56B4E9"
"bjbhcpdm-1",-4.08957714488816,-3.56054794354838,8014.306640625,-8673.576171875,"Epi_SecB","#56B4E9"
"bjbhdacg-1",-3.25343889644456,-3.48161470456522,8020.93310546875,-8687.013671875,"Epi_SecB","#56B4E9"
"bjbhepkh-1",-4.41147751262498,-0.539361472562964,8006.3203125,-8673.7314453125,"Epi_SecA","#E69F00"
"bjbhiedd-1",-7.66117233684373,1.64735889868337,8101.46875,-8542.9453125,"Epi_SecA","#E69F00"
"bjbhijbp-1",-6.29056686809373,0.0453690780838175,8100.46435546875,-8562.6123046875,"Epi_SecA","#E69F00"
"bjbhjikk-1",-5.01196808269334,-2.92578517957133,8105.44580078125,-8558.9189453125,"Epi_SecA","#E69F00"
"bjbhkhna-1",-7.81903690746141,0.192724798484628,8100.42626953125,-8553.4609375,"Epi_SecA","#E69F00"
"bjbhnafc-1",-1.68217605998826,-2.54854070706766,8065.55810546875,-8580.248046875,"Epi_SecB","#56B4E9"
"bjbhnakf-1",-7.89990276744676,0.170408044620339,8091.2314453125,-8543.037109375,"Epi_SecA","#E69F00"
"bjbhodfo-1",-7.86859459331346,0.740267817540948,8088.92626953125,-8557.55859375,"Epi_SecA","#E69F00"
"bjbholed-1",3.47224932262587,-3.01186620755595,8081.099609375,-8550.0263671875,"Macrophage","#CC79A7"
"bjbhpdop-1",-7.63788074901414,-0.0919837072445856,8184.4111328125,-8553.55859375,"Epi_SecA","#E69F00"
"bjbhppkp-1",-5.69459766795945,3.10478961901266,8195.0224609375,-8560.4853515625,"Epi_SecA","#E69F00"
"bjbifdmm-1",-7.8016151850493,1.19402695135671,8193.212890625,-8547.5283203125,"Epi_SecA","#E69F00"
"bjbifeod-1",-6.70201343944383,1.89076602892477,8188.134765625,-8540.7939453125,"Epi_SecA","#E69F00"
"bjbilled-1",-8.39942593028855,1.48956108526785,8180.00830078125,-8539.021484375,"Epi_SecA","#E69F00"
"bjbiocbg-1",-8.85535950115037,1.60423970655996,8182.88232421875,-8595.1005859375,"Epi_SecA","#E69F00"
"bjbjhobo-1",6.363482051584,-4.55306922955912,8178.2119140625,-8668.61328125,"T cell","#1C91D4"
"bjbjjcce-1",5.96796947071242,-5.07476579709452,8184.5986328125,-8624.60546875,"T cell","#1C91D4"
"bjbjjjjj-1",7.87534528324294,-1.79656576676768,8189.87890625,-8604.779296875,"Mesenchymal","#F0E442"
"bjbjjofj-1",-8.15899700572801,-1.23239373727244,8174.515625,-8572.23046875,"Epi_SecA","#E69F00"
"bjbjohcm-1",-8.62052483012986,1.53192198710043,8173.984375,-8584.3369140625,"Epi_SecA","#E69F00"
"bjbjpfgk-1",-8.05590671947312,0.729054276510064,8185.9892578125,-8575.90234375,"Epi_SecA","#E69F00"
"bjblcdah-1",-7.36737102916551,1.55789649920065,8153.326171875,-8574.615234375,"Epi_SecA","#E69F00"
"bjblgmno-1",-4.99132675578904,2.48964059786398,8162.32373046875,-8576.5595703125,"Epi_SecA","#E69F00"
"bjblhjja-1",-8.37420315196824,1.27719533876974,8163.82958984375,-8567.037109375,"Epi_SecA","#E69F00"
"bjbljdmb-1",-7.53553623607469,0.0192252366383715,8132.2041015625,-8572.603515625,"Epi_SecA","#E69F00"
"bjblkiel-1",-7.28840679576707,-0.969807441667731,8128.35693359375,-8684.6171875,"Epi_SecA","#E69F00"
"bjblkkfb-1",-5.14893240382981,-2.53083622022074,8116.7421875,-8672.5126953125,"Epi_SecA","#E69F00"
"bjbllkam-1",-6.66838354518724,0.63180774883825,8128.16748046875,-8597.0849609375,"Epi_SecA","#E69F00"
"bjblneae-1",-5.90245241573167,2.68439901308614,8133.427734375,-8587.9482421875,"Epi_SecA","#E69F00"
"bjblopfm-1",-5.71693224361253,-0.560349102453406,8126.6533203125,-8540.9404296875,"Epi_SecA","#E69F00"
"bjbmadpk-1",-4.98139471462083,1.86020350889761,8157.5458984375,-8560.904296875,"Epi_SecA","#E69F00"
"bjbmbhkf-1",-3.27247185161424,-0.189676064387973,8120.69091796875,-8545.0185546875,"Epi_SecA","#E69F00"
"bjbmhcjm-1",-6.89007229259324,-1.86209463639658,8127.12060546875,-8430.3984375,"Epi_SecA","#E69F00"
"bjbmhijp-1",-7.95248646190477,1.06950819925863,8104.4130859375,-8446.4208984375,"Epi_SecA","#E69F00"
"bjbmkfpb-1",-5.01918930461717,-2.92606889768046,8101.19580078125,-8437.138671875,"Epi_SecA","#E69F00"
"bjbmknhp-1",-7.559951252249,1.7283437295397,8103.0966796875,-8431.173828125,"Epi_SecA","#E69F00"
"bjbmnobh-1",-8.61768192699266,0.707259897752587,8097.36083984375,-8489.65234375,"Epi_SecA","#E69F00"
"bjbnaedh-1",-7.38000721385789,0.938474182649438,8121.90869140625,-8515.513671875,"Epi_SecA","#E69F00"
"bjbnajdn-1",-6.51526350429368,-1.4568244175474,8112.61083984375,-8505.1064453125,"Epi_SecA","#E69F00"
"bjbnbaoa-1",-6.67101425578904,1.93056667284567,8088.33935546875,-8457.9775390625,"Epi_SecA","#E69F00"
"bjbnhlge-1",-5.44409222057176,1.46779323057729,8111.63720703125,-8470.259765625,"Epi_SecA","#E69F00"
"bjbnjell-1",-6.6724328463347,-0.487307007745917,8100.49462890625,-8468.9599609375,"Epi_SecA","#E69F00"
"bjbnkbbm-1",-6.91836065700364,-0.421491499380286,8096.78662109375,-8461.361328125,"Epi_SecA","#E69F00"
"bjbnlcgh-1",10.5737605626314,0.12251791791517,8171.67041015625,-8469.2705078125,"Mesenchymal","#F0E442"
"bjbnmmgn-1",-6.78469461849046,2.94775379137594,8173.21826171875,-8528.865234375,"Epi_SecA","#E69F00"
"bjbnnmhi-1",11.2782111699312,-0.494756157831367,8179.27392578125,-8450.2978515625,"Mesenchymal","#F0E442"
"bjboaoca-1",-7.04921192577195,2.22891819910604,8156.92626953125,-8524.349609375,"Epi_SecA","#E69F00"
"bjboapgh-1",-8.11197895458055,1.62283099131185,8146.85009765625,-8526.126953125,"Epi_SecA","#E69F00"
"bjbpadph-1",9.07233672687697,-4.31305133862894,8150.23681640625,-8497.751953125,"Plasma cell","#005685"
"bjbpcgmh-1",-5.06223816325975,-2.90844666524332,8079.9541015625,-8191.6123046875,"Epi_SecA","#E69F00"
"bjbpefnc-1",-3.5601806109221,-3.11753308339518,8083.5244140625,-8168.16796875,"Epi_SecA","#E69F00"
"bjbpfhad-1",-3.34537071636033,-4.07848083539408,8081.85400390625,-8179.26220703125,"Epi_SecB","#56B4E9"
"bjbpjlbp-1",-4.78145164897752,-2.92560588879984,8082.49658203125,-8200.1904296875,"Epi_SecA","#E69F00"
"bjbpldgn-1",-4.23652119090867,-3.00959360165995,8059.36669921875,-8224.08984375,"Epi_SecA","#E69F00"
"bjbplppd-1",5.67880015918898,-4.49758207364481,8078.349609375,-8259.859375,"T cell","#1C91D4"
"bjcaadnj-1",-7.54645103862596,-0.37850793762606,8060.2490234375,-8237.20703125,"Epi_SecA","#E69F00"
"bjcaagpa-1",-4.70156235149217,-2.14158999486368,8053.091796875,-8230.9091796875,"Epi_SecA","#E69F00"
"bjcagfdd-1",-7.30704349925828,-0.368482943014319,8073.11279296875,-8230.4072265625,"Epi_SecA","#E69F00"
"bjcaglac-1",-4.69803041866136,-3.0059879974882,8056.40966796875,-8209.2353515625,"Epi_SecA","#E69F00"
"bjcahcof-1",-4.12096495082688,-3.02720891995829,8056.25048828125,-8218.912109375,"Epi_SecA","#E69F00"
"bjcahnph-1",-6.81122869899583,1.35901391939718,8062.5,-8213.419921875,"Epi_SecA","#E69F00"
"bjcaiohd-1",-7.13687509944749,2.84464920000631,8075.77197265625,-8189.1982421875,"Epi_SecA","#E69F00"
"bjcanjno-1",-4.29898733547044,-3.67250573201578,8066.87109375,-8313.7900390625,"Epi_SecB","#56B4E9"
"bjcapppl-1",-7.76015419414354,0.338911060853784,8059.3232421875,-8343.83203125,"Epi_SecA","#E69F00"
"bjcbdpfe-1",-6.57732576778245,1.88165319399435,8069.35009765625,-8344.2958984375,"Epi_SecA","#E69F00"
"bjcbfghm-1",-8.45999473979783,0.894154672189538,8083.037109375,-8338.427734375,"Epi_SecA","#E69F00"
"bjcbhnca-1",-7.04956335475755,-0.894605095819648,8073.2900390625,-8332.240234375,"Epi_SecA","#E69F00"
"bjccbogg-1",-6.81256861141038,1.2419300122698,8047.53369140625,-8442.7802734375,"Epi_SecA","#E69F00"
"bjcchbda-1",-7.74915260722947,2.19093382792074,8069.5341796875,-8459.564453125,"Epi_SecA","#E69F00"
"bjcchiam-1",-8.9299635355742,0.955625776811425,8062.96728515625,-8448.8056640625,"Epi_SecA","#E69F00"
"bjccicce-1",-8.26830906322312,0.234498892589395,8062.3466796875,-8359.896484375,"Epi_SecA","#E69F00"
"bjccnkkn-1",-7.70614952495408,2.19232404665548,8080.4462890625,-8371.6005859375,"Epi_SecA","#E69F00"
"bjcdacgg-1",-8.15377849986863,1.23110902742941,8069.38134765625,-8370.1494140625,"Epi_SecA","#E69F00"
"bjcdinic-1",-7.52590126445604,0.490081672235314,8058.51171875,-8351.83203125,"Epi_SecA","#E69F00"
"bjcdjbop-1",-6.99027056148362,-0.555365349487479,8055.9755859375,-8373.0869140625,"Epi_SecA","#E69F00"
"bjcdkgpm-1",-5.0351414149077,-2.95215618176859,8043.6474609375,-8387.451171875,"Epi_SecB","#56B4E9"
"bjcdldbo-1",-6.14133257320237,-2.15953504605692,8051.9599609375,-8379.7041015625,"Epi_SecA","#E69F00"
"bjceaoip-1",-8.17293495586229,1.73825061754781,8013.32861328125,-8229.2333984375,"Epi_SecA","#E69F00"
"bjceccpo-1",-4.07756752422166,-4.0033925728361,8036.4677734375,-8235.8642578125,"Epi_SecA","#E69F00"
"bjcehlkp-1",-3.42531818797898,-4.42923175855082,8039.48681640625,-8226.9560546875,"Epi_SecA","#E69F00"
"bjceieol-1",-5.80480808666062,-3.00142085118693,8035.9775390625,-8516.2021484375,"Epi_SecA","#E69F00"
"bjceoejd-1",-7.4601845209868,-1.21815096898478,8049.3193359375,-8519.29296875,"Epi_SecA","#E69F00"
"bjceogjf-1",-7.3010401194365,1.48259461359579,8047.33056640625,-8510.0166015625,"Epi_SecA","#E69F00"
"bjcepelo-1",-7.46153397014451,-0.98561977906626,8040.82763671875,-8506.1923828125,"Epi_SecA","#E69F00"
"bjcfdnni-1",3.31725245067763,-1.78240155740183,7992.1943359375,-8525.95703125,"Macrophage","#CC79A7"
"bjcfefeg-1",3.6897817189424,-1.70785760445994,8003.28076171875,-8474.9296875,"Macrophage","#CC79A7"
"bjcfjijo-1",3.42135124752211,-2.71402632756632,7995.75439453125,-8512.2353515625,"Macrophage","#CC79A7"
"bjcgcojg-1",-4.82536882808519,-2.9065645889799,8011.31396484375,-8304.0625,"Epi_SecB","#56B4E9"
"bjcgebfd-1",-1.94192857196641,-3.01016056104105,8002.4921875,-8391.607421875,"Epi_SecB","#56B4E9"
"bjcgejao-1",2.87543349811721,-2.74281703992289,7988.81982421875,-8368.5576171875,"Macrophage","#CC79A7"
"bjcgfpbi-1",5.28615956852126,-5.27437698407572,7989.763671875,-8355.2685546875,"T cell","#1C91D4"
"bjcghdgl-1",-6.65094704082322,-1.69710862203043,8015.06298828125,-8281.4951171875,"Epi_SecA","#E69F00"
"bjcgidjd-1",-3.5127968256743,-2.69812166257304,8003.1728515625,-8295.5615234375,"Epi_SecA","#E69F00"
"bjcgkbdg-1",-3.10838884761644,-3.40252172513407,8020.234375,-8294.4658203125,"Epi_SecB","#56B4E9"
"bjcglhjg-1",-7.97286552837205,-0.444031949476417,8005.46435546875,-8285.228515625,"Epi_SecA","#E69F00"
"bjcgmgma-1",-9.01378483226609,1.4513672633608,8012.05859375,-8263.9462890625,"Epi_SecA","#E69F00"
"bjchakck-1",-6.94457907131028,-0.763411755994971,8005.19873046875,-8275.4150390625,"Epi_SecA","#E69F00"
"bjchcoih-1",-6.98728842189622,0.0558446689088984,8019.45703125,-8271.978515625,"Epi_SecA","#E69F00"
"bjchegia-1",-2.77131814410997,-3.60203730626505,8043.3876953125,-8187.20458984375,"Epi_SecB","#56B4E9"
"bjchflhi-1",-7.45358223369432,0.372628901763742,8044.8251953125,-8205.033203125,"Epi_SecA","#E69F00"
"bjchhhcm-1",-5.5447883074553,0.451627437635247,8041.34814453125,-8171.97802734375,"Epi_SecA","#E69F00"
"bjchnigc-1",-6.70825857570481,1.37202716307241,8049.47021484375,-8177.23583984375,"Epi_SecA","#E69F00"
"bjciamel-1",-6.91495842387986,1.6464927239855,8051.0224609375,-8189.17724609375,"Epi_SecA","#E69F00"
"bjcihdic-1",-7.92257923534227,-0.656071062521155,8038.173828125,-8196.443359375,"Epi_SecA","#E69F00"
"bjcihllj-1",-8.23265594890428,1.954032306238,7997.86083984375,-8218.1376953125,"Epi_SecA","#E69F00"
"bjcijngc-1",-8.34327549388719,0.74211037592489,8005.3095703125,-8211.9404296875,"Epi_SecA","#E69F00"
"bjcikahe-1",-9.23589558055711,1.65141892866689,8004.0859375,-8222.5732421875,"Epi_SecA","#E69F00"
"bjciofgp-1",-6.80717367580247,1.89422250227529,8029.6513671875,-8204.078125,"Epi_SecA","#E69F00"
"bjcjebao-1",-8.47558540752244,1.48558068708975,8025.14404296875,-8218.671875,"Epi_SecA","#E69F00"
"bjcjgkhp-1",-7.96380371501756,1.78938925699789,8014.99365234375,-8210.365234375,"Epi_SecA","#E69F00"
"bjcjhikf-1",-7.42541832378221,0.102039654417817,8014.4443359375,-8176.6513671875,"Epi_SecA","#E69F00"
"bjcjipdj-1",-7.13844389369798,0.299283866449182,8019.302734375,-8195.80859375,"Epi_SecA","#E69F00"
"bjcjjkmp-1",-8.34658665111375,0.295491401716058,8014.91357421875,-8186.3642578125,"Epi_SecA","#E69F00"
"bjcjlahe-1",-2.46741098811937,-3.47309481664103,8107.1103515625,-8137.70849609375,"Epi_SecB","#56B4E9"
"bjcjligm-1",-2.04233569553208,-3.30716311498087,8178.27294921875,-8105.50390625,"Epi_SecB","#56B4E9"
"bjcjlmpd-1",2.43332045623946,-2.40236341519755,8133.23583984375,-8180.0068359375,"Mesenchymal","#F0E442"
"bjcjomdo-1",3.59159236499953,-0.0940266860719615,8115.72216796875,-8121.6181640625,"Epi_SecB","#56B4E9"
"bjckcaie-1",-2.6401776736052,-3.61978804631632,8113.8173828125,-8131.22412109375,"Epi_SecB","#56B4E9"
"bjckdcon-1",-3.98623508861375,-3.33969151540201,8091.08447265625,-8161.24951171875,"Epi_SecB","#56B4E9"
"bjckdodg-1",-4.15092081477952,-3.28809320493143,8092.8857421875,-8186.40234375,"Epi_SecB","#56B4E9"
"bjckegpa-1",-4.24533457210374,-3.45933258099955,8101.99365234375,-8177.06005859375,"Epi_SecA","#E69F00"
"bjckfffd-1",-4.88125891139817,-3.23811947865885,8093.4296875,-8169.95263671875,"Epi_SecA","#E69F00"
"bjckmhpc-1",-3.93479484966111,-3.52933728261393,8099.18701171875,-8126.60546875,"Epi_SecB","#56B4E9"
"bjckomml-1",-3.22695893695665,-4.01298152966898,8101.875,-8154.41796875,"Epi_SecB","#56B4E9"
"bjclajmk-1",-2.80624670436692,-3.5937553600828,8098.16748046875,-8139.23681640625,"Epi_SecB","#56B4E9"
"bjclbppp-1",-7.46611923625779,1.81826544241506,8172.39501953125,-8251.2421875,"Epi_SecA","#E69F00"
"bjclgfgn-1",-7.7990230982573,1.22230387167532,8164.89453125,-8289.3447265625,"Epi_SecA","#E69F00"
"bjcljfoi-1",-7.99054188182664,0.726755206151788,8175.3232421875,-8277.037109375,"Epi_SecA","#E69F00"
"bjclkmip-1",-8.43725437572312,0.30405444340307,8166.90576171875,-8262.0205078125,"Epi_SecA","#E69F00"
"bjcmadkb-1",-8.90376324107957,1.89186227755148,8174.84033203125,-8298.3125,"Epi_SecA","#E69F00"
"bjcmgbbj-1",-8.02133125713182,1.31347382502157,8167.98046875,-8311.4873046875,"Epi_SecA","#E69F00"
"bjcmgbcf-1",-6.50162739208055,2.61184847788412,8165.92041015625,-8300.736328125,"Epi_SecA","#E69F00"
"bjcmgblo-1",-6.01176685741258,-2.17476093335551,8109.43994140625,-8290.3095703125,"Epi_SecA","#E69F00"
"bjcmhidn-1",-5.27285665920091,-3.13904988332194,8098.6259765625,-8304.1376953125,"Epi_SecA","#E69F00"
"bjcmmndd-1",-7.27621120860887,-0.725191886858161,8106.14404296875,-8298.7783203125,"Epi_SecA","#E69F00"
"bjcmoheo-1",-7.10466188838792,-0.153194162384685,8139.61083984375,-8286.9013671875,"Epi_SecA","#E69F00"
"bjcmoigm-1",-4.90347093990159,2.5046767039736,8148.564453125,-8287.80859375,"Epi_SecA","#E69F00"
"bjcncffk-1",-7.73438591411424,0.31328848437864,8139.1669921875,-8275.537109375,"Epi_SecA","#E69F00"
"bjcoanoo-1",5.29217534610915,-5.4685898975889,8149.787109375,-8241.8720703125,"T cell","#1C91D4"
"bjcocanb-1",-7.31765407970262,-0.756145651773627,8115.36669921875,-8246.572265625,"Epi_SecA","#E69F00"
"bjcoccgg-1",-7.06892580440354,-1.01042818589609,8100.13818359375,-8282.3662109375,"Epi_SecA","#E69F00"
"bjcoicbd-1",-7.24195904186082,-0.0180717216293172,8124.62060546875,-8251.572265625,"Epi_SecA","#E69F00"
"bjcojnfc-1",-7.82445568492723,1.72737503485281,8137.77880859375,-8234.5380859375,"Epi_SecA","#E69F00"
"bjcoknpm-1",-8.29024643352342,1.58370387987692,8120.5556640625,-8235.6103515625,"Epi_SecA","#E69F00"
"bjcopkdp-1",-7.78100819042039,0.0616462721069499,8108.47412109375,-8232.4453125,"Epi_SecA","#E69F00"
"bjcpanco-1",-3.31428665569139,-3.92658769650858,8099.9697265625,-8196.0732421875,"Epi_SecB","#56B4E9"
"bjcpdcai-1",-2.63607329776597,-4.31424200101298,8090.94677734375,-8209.3173828125,"Epi_SecB","#56B4E9"
"bjcpejhj-1",-3.58931345393968,-3.70098888440531,8094.037109375,-8199.068359375,"Epi_SecB","#56B4E9"
"bjcpfamn-1",-3.78137535503221,-3.53343402905863,8089.04443359375,-8197.3828125,"Epi_SecB","#56B4E9"
"bjcpfbam-1",-6.97447199275804,-1.26710736318033,8111.697265625,-8218.5888671875,"Epi_SecA","#E69F00"
"bjcphhgh-1",-7.31892532756639,-2.0447173075239,8119.30322265625,-8223.9833984375,"Epi_SecA","#E69F00"
"bjcpinnk-1",3.08983498165297,-2.46029865308207,8100.544921875,-8220.3916015625,"Macrophage","#CC79A7"
"bjcpkelb-1",-7.09287113597703,-1.36817371411722,8146.6484375,-8209.7705078125,"Epi_SecA","#E69F00"
"bjcpokpm-1",-4.56211418559861,-3.38070737882059,8131.1826171875,-8197.9560546875,"Epi_SecB","#56B4E9"
"bjcppcif-1",-8.01984733989549,-0.524807240204032,8128.38330078125,-8213.03515625,"Epi_SecA","#E69F00"
"bjdaaapo-1",-8.17626137187791,-0.427295263246711,8136.96044921875,-8204.6708984375,"Epi_SecA","#E69F00"
"bjdahdgf-1",-7.49932140758348,1.86105275587637,8173.919921875,-8213.6904296875,"Epi_SecA","#E69F00"
"bjdbnbid-1",-8.07751697948289,2.50304043726522,7874.23193359375,-7761.0009765625,"Epi_SecA","#E69F00"
"bjdcanam-1",-5.62422842433763,3.35488212542135,7871.7705078125,-7782.05224609375,"Epi_SecA","#E69F00"
"bjdcccal-1",-8.83525032451463,2.13993108706075,7879.43896484375,-7771.830078125,"Epi_SecA","#E69F00"
"bjdcdlkb-1",-7.50682587077928,2.94481385187704,7885.39453125,-7758.1044921875,"Epi_SecA","#E69F00"
"bjdcfejd-1",-8.90751499584031,1.72294271425802,7884.92578125,-7789.44091796875,"Epi_SecA","#E69F00"
"bjdcgnof-1",-6.7411207621367,3.07162154154379,7876.70849609375,-7797.59130859375,"Epi_SecA","#E69F00"
"bjdcndcf-1",-8.28194088390184,1.50097191767294,7914.59521484375,-7784.39794921875,"Epi_SecA","#E69F00"
"bjdcpdlh-1",-8.82669109752488,2.21492708162863,7905.72412109375,-7776.158203125,"Epi_SecA","#E69F00"
"bjdcpolg-1",-8.55608601024461,1.4750511689623,7891.90087890625,-7777.87890625,"Epi_SecA","#E69F00"
"bjddacpf-1",-3.93167013576341,3.57377970652181,7889.1982421875,-7765.83837890625,"Epi_SecA","#E69F00"
"bjddficc-1",-8.30307144573045,0.608028952642266,7896.23046875,-7761.1669921875,"Epi_SecA","#E69F00"
"bjddgfan-1",-4.98852676799607,3.45223296122152,7918.62451171875,-7769.88671875,"Epi_SecA","#E69F00"
"bjddgogi-1",-7.97693104198289,1.86715531782705,7909.75341796875,-7765.431640625,"Epi_SecA","#E69F00"
"bjdeenco-1",-8.63857979228807,2.52034080462057,7867.20166015625,-7760.17236328125,"Epi_SecA","#E69F00"
"bjdefjaj-1",-9.09473938396287,1.22859597639639,7864.3955078125,-7781.982421875,"Epi_SecA","#E69F00"
"bjdehiei-1",-6.38484138896775,3.31711662249166,7866.662109375,-7773.72314453125,"Epi_SecA","#E69F00"
"bjdejkpe-1",-6.69002289226365,2.22986376719076,7862.984375,-7751.890625,"Epi_SecA","#E69F00"
"bjdeklim-1",-5.67434448650193,3.12685883478719,7856.568359375,-7752.62548828125,"Epi_SecA","#E69F00"
"bjdempbp-1",-8.88434166362596,1.92624724344808,7844.6611328125,-7754.447265625,"Epi_SecA","#E69F00"
"bjdenagk-1",-8.13535160472703,2.46437585787374,7838.181640625,-7772.8701171875,"Epi_SecA","#E69F00"
"bjdfaamp-1",-8.3992018168242,2.24138367609579,7854.52734375,-7766.7978515625,"Epi_SecA","#E69F00"
"bjdfgggp-1",-8.7535252039702,0.28456089334089,7834.2802734375,-7759.2412109375,"Epi_SecA","#E69F00"
"bjdhejaj-1",-8.18379349162889,1.66584289507467,7949.23779296875,-7823.45166015625,"Epi_SecA","#E69F00"
"bjdhgnan-1",-7.33083195140672,1.82612228827078,7955.2880859375,-7838.0576171875,"Epi_SecA","#E69F00"
"bjdhiodd-1",-8.57680744579148,1.93412054018575,7931.6787109375,-7822.52197265625,"Epi_SecA","#E69F00"
"bjdhljco-1",-6.45762581279588,3.30822813944418,7922.5390625,-7890.06298828125,"Epi_SecA","#E69F00"
"bjdhnppc-1",-3.91716713359666,3.6280611796816,7938.05712890625,-7887.38525390625,"Epi_SecA","#E69F00"
"bjdhojoi-1",-7.16239256313157,2.94503438906271,7931.71044921875,-7890.7724609375,"Epi_SecA","#E69F00"
"bjdiccbj-1",-6.35637850215745,2.26426709131796,7947.5498046875,-7865.73095703125,"Epi_SecA","#E69F00"
"bjdidbli-1",-2.57292456081224,3.63329375223715,7917.8564453125,-7882.91015625,"Epi_SecA","#E69F00"
"bjdifona-1",-6.32257503917527,3.14773858027059,7929.953125,-7876.8466796875,"Epi_SecA","#E69F00"
"bjdihbhd-1",-8.15090031078172,0.828399126096551,7949.177734375,-7878.2841796875,"Epi_SecA","#E69F00"
"bjdiifpl-1",-4.93461937358689,3.66569388346273,7922.412109375,-7875.98974609375,"Epi_SecA","#E69F00"
"bjdilfck-1",-7.67652363231492,1.99619615511495,7932.43359375,-7846.0771484375,"Epi_SecA","#E69F00"
"bjdimfie-1",-8.7011980479033,1.66777801947195,7938.86083984375,-7851.6162109375,"Epi_SecA","#E69F00"
"bjdimfpe-1",-5.90245718410325,1.74626219706136,7946.86181640625,-7842.91796875,"Epi_SecA","#E69F00"
"bjdimjek-1",-8.25404495647264,0.252414141460244,7940.9609375,-7906.583984375,"Epi_SecA","#E69F00"
"bjdineal-1",-6.70760626247239,3.02488625483114,7951.00830078125,-7922.75146484375,"Epi_SecA","#E69F00"
"bjdioccg-1",-4.5577802126677,3.62602794603903,7941.0546875,-7915.24755859375,"Epi_SecA","#E69F00"
"bjdjabof-1",0.796073394882559,3.21722329096395,7932.3271484375,-7910.84716796875,"Epi_SecA","#E69F00"
"bjdjbffp-1",-6.70650572231126,1.93688452677328,7924.05126953125,-8064.62939453125,"Epi_SecA","#E69F00"
"bjdjejnh-1",-5.96202034404588,3.48165882067281,7932.5869140625,-8064.4873046875,"Epi_SecA","#E69F00"
"bjdjhbkk-1",-6.56202120235276,-2.57653700871866,7926.77294921875,-8082.35791015625,"Epi_SecA","#E69F00"
"bjdjjgdi-1",-9.0872482722075,2.11179721788961,7941.11669921875,-8059.38623046875,"Epi_SecA","#E69F00"
"bjdjnakn-1",-5.50513643672776,0.0421901090582057,7956.16455078125,-8079.7666015625,"Epi_SecA","#E69F00"
"bjdjnbfn-1",-8.14566654613328,2.35929811434347,7947.6943359375,-8070.53369140625,"Epi_SecA","#E69F00"
"bjdjoiii-1",-8.41413921764207,1.21949613527853,7936.76708984375,-8037.4697265625,"Epi_SecA","#E69F00"
"bjdkckni-1",-8.95582718303514,1.84846103624899,7932.869140625,-8049.052734375,"Epi_SecA","#E69F00"
"bjdkedcl-1",-6.24398035457444,3.33421981768209,7953.88525390625,-8039.20556640625,"Epi_SecA","#E69F00"
"bjdkeiak-1",-3.98611778667283,2.88975418047506,7963.5380859375,-7896.873046875,"Epi_SecA","#E69F00"
"bjdkgfbn-1",-7.87240356853318,2.72352993921835,7990.0029296875,-7922.578125,"Epi_SecA","#E69F00"
"bjdkghfn-1",-8.89921802928758,2.20055354075033,7977.8447265625,-7921.05126953125,"Epi_SecA","#E69F00"
"bjdkkgdi-1",-7.90594524791551,2.76803911165792,7974.90673828125,-7910.109375,"Epi_SecA","#E69F00"
"bjdkldkk-1",-8.84081501415086,2.20391190485555,7971.806640625,-7900.07763671875,"Epi_SecA","#E69F00"
"bjdklgkb-1",5.89148765155959,-3.7146836475889,7961.36083984375,-7931.0146484375,"Mesenchymal","#F0E442"
"bjdknfbc-1",3.74589663097548,-5.47015583081644,7969.5166015625,-7933.341796875,"Epi_SecA","#E69F00"
"bjdkocdd-1",8.85313563892531,-5.16612112088602,7968.51220703125,-7944.1376953125,"Plasma cell","#005685"
"bjdlbdne-1",-8.38030285289598,2.57157051996786,7990.431640625,-7959.12646484375,"Epi_SecA","#E69F00"
"bjdliomk-1",8.44081740925002,-3.35257732434672,7952.228515625,-7978.3623046875,"Plasma cell","#005685"
"bjdljaej-1",-9.16370911052537,2.11579335169393,7959.4990234375,-7915.1669921875,"Epi_SecA","#E69F00"
"bjdloejd-1",-1.15795869281602,3.57331431345541,7962.84912109375,-7904.40234375,"Epi_SecA","#E69F00"
"bjdmdaii-1",-7.62956852367234,-0.933122749761756,7970.361328125,-7842.099609375,"Epi_SecA","#E69F00"
"bjdmgkkl-1",-7.03254742076707,0.361043546958749,7984.5390625,-7854.119140625,"Epi_SecA","#E69F00"
"bjdmkane-1",-4.34240765025926,2.68844736055929,7970.77490234375,-7854.64453125,"Epi_SecA","#E69F00"
"bjdmmeio-1",-9.23643917491746,1.60607064203817,7978.7021484375,-7878.5009765625,"Epi_SecA","#E69F00"
"bjdmppim-1",-6.90426582744432,0.495651428266351,7978.57080078125,-7892.693359375,"Epi_SecA","#E69F00"
"bjdnbgoe-1",-8.14531940868211,-0.033941245959218,7992.28564453125,-7890.6748046875,"Epi_SecA","#E69F00"
"bjdndajf-1",-7.85204357555223,-0.799365218118842,7984.8427734375,-7884.5595703125,"Epi_SecA","#E69F00"
"bjdneggi-1",-9.06308121135545,1.97308838800985,7982.044921875,-7866.1767578125,"Epi_SecA","#E69F00"
"bjdnehbd-1",-8.01814026286912,-1.02795660062235,7969.72802734375,-7871.3212890625,"Epi_SecA","#E69F00"
"bjdnihad-1",-8.45486111095262,1.34552252726156,7960.94189453125,-7867.0625,"Epi_SecA","#E69F00"
"bjdnpghd-1",-1.33383101871324,3.21404755549032,7974.1904296875,-7862.54736328125,"Epi_SecA","#E69F00"
"bjdoapgf-1",-8.22006554057908,-0.0401203961531476,7984.26025390625,-7832.0478515625,"Epi_SecA","#E69F00"
"bjdodcbj-1",-5.0396933024199,2.95059168772299,7968.93017578125,-7818.109375,"Epi_SecA","#E69F00"
"bjdoegof-1",-8.62420124461961,0.642942492528741,7987.046875,-7819.416015625,"Epi_SecA","#E69F00"
"bjdofafh-1",-7.99322933605027,0.970457677408044,7978.45703125,-7818.24365234375,"Epi_SecA","#E69F00"
"bjdohbnf-1",-8.24833149364305,2.2570120139559,7842.12109375,-7781.021484375,"Epi_SecA","#E69F00"
"bjdohdod-1",-7.73931831767869,2.89775288538534,7852.037109375,-7791.39013671875,"Epi_SecA","#E69F00"
"bjdoieda-1",-8.21856636455369,2.81496394114095,7851.80224609375,-7782.60205078125,"Epi_SecA","#E69F00"
"bjdoincc-1",8.85458427021193,3.63190973238546,7851.92333984375,-7838.6787109375,"Endothelial","#D55E00"
"bjdonhnf-1",-2.23329634120774,3.56491816477377,7840.41015625,-7846.2109375,"Mesenchymal","#F0E442"
"bjdonljc-1",10.0086808736055,0.675321583314721,7835.47119140625,-7836.81201171875,"Epi_SecA","#E69F00"
"bjdopcnl-1",-4.03510279109788,3.6868933482607,7872.1201171875,-7841.7275390625,"Epi_SecA","#E69F00"
"bjdpdiim-1",-8.44229549815965,1.81444979147512,7868.52392578125,-7795.80517578125,"Epi_SecA","#E69F00"
"bjdpebni-1",-8.06442589214158,0.615740601583306,7862.94921875,-7811.5947265625,"Epi_SecA","#E69F00"
"bjdpedae-1",-8.56463570049119,2.16967213587362,7860.416015625,-7793.01611328125,"Epi_SecA","#E69F00"
"bjdphogc-1",-7.9976601069243,2.84887493090231,7852.55322265625,-8027.818359375,"Epi_SecA","#E69F00"
"bjdpiffp-1",-5.20692820003343,3.48839748339254,7843.98779296875,-8037.283203125,"Epi_SecA","#E69F00"
"bjdpjlpn-1",4.60851007053542,-5.62985813184183,7850.92724609375,-8035.79541015625,"Mesenchymal","#F0E442"
"bjdplhhk-1",-5.73843616893602,3.41910613016683,7843.7041015625,-8032.04296875,"Epi_SecA","#E69F00"
"bjdpmfjj-1",-3.53345770290208,-2.56811773343485,7901.62744140625,-8089.57080078125,"Epi_SecA","#E69F00"
"bjdpplfj-1",-3.63630527904344,-1.95210194154185,7906.041015625,-8094.6591796875,"Epi_SecA","#E69F00"
"bjeabahk-1",-1.77884072711778,-2.104077692465,7895.11572265625,-8087.02490234375,"Epi_SecB","#56B4E9"
"bjeackjg-1",-5.51702541759324,2.53693473772604,7841.39404296875,-8053.73681640625,"Epi_SecA","#E69F00"
"bjeadchm-1",-1.35994381358934,-1.67219936414164,7877.4638671875,-8055.17724609375,"Epi_SecB","#56B4E9"
"bjeahpij-1",-0.639576858785869,-2.58090292973917,7876.1318359375,-8071.3603515625,"Epi_SecB","#56B4E9"
"bjeaihif-1",-1.42705077579332,-3.10008346600931,7852.1923828125,-8051.56689453125,"Epi_SecB","#56B4E9"
"bjeajchm-1",-8.23834270885301,2.45209229425985,7904.7509765625,-8057.24560546875,"Epi_SecA","#E69F00"
"bjealalb-1",-5.12081379344773,-2.66996752782267,7910.40234375,-8084.84423828125,"Epi_SecA","#E69F00"
"bjealcjm-1",-5.61533493449998,-1.70789348645609,7896.0576171875,-8078.02490234375,"Epi_SecA","#E69F00"
"bjeamhgh-1",-8.07604546001268,2.23393142656881,7882.255859375,-7804.400390625,"Epi_SecA","#E69F00"
"bjebbjgg-1",-8.96126408031297,1.65867281393606,7884.34716796875,-7825.94677734375,"Epi_SecA","#E69F00"
"bjebdanh-1",-8.10789722850633,1.83529830412466,7898.08154296875,-7819.14013671875,"Epi_SecA","#E69F00"
"bjebemcn-1",-8.99639076640916,2.28076756434042,7883.052734375,-7814.6015625,"Epi_SecA","#E69F00"
"bjebkgnb-1",-8.49649662425828,2.23270500139791,7897.2197265625,-7833.57470703125,"Epi_SecA","#E69F00"
"bjebllbk-1",-6.64572090556932,2.36037028269369,7882.3388671875,-7844.32568359375,"Epi_SecA","#E69F00"
"bjeboapm-1",-6.23199934413743,3.14561379389364,7881.470703125,-7833.271484375,"Epi_SecA","#E69F00"
"bjebpcgj-1",-7.58319038799119,2.81767714457113,7917.01318359375,-7818.54833984375,"Epi_SecA","#E69F00"
"bjecapbj-1",-8.4881271784575,2.46569407419759,7918.1845703125,-7863.49609375,"Epi_SecA","#E69F00"
"bjechdbp-1",-8.2089580958159,2.19496071772176,7918.095703125,-7837.72509765625,"Epi_SecA","#E69F00"
"bjeckihj-1",-8.57925934245896,2.47579372362692,7917.3984375,-7846.19189453125,"Epi_SecA","#E69F00"
"bjecmdek-1",-8.65825504710984,1.95497072176534,7915.1123046875,-7829.994140625,"Epi_SecA","#E69F00"
"bjeggdhk-1",-7.28202766826463,0.817306224866693,7980.81298828125,-7761.06396484375,"Epi_SecA","#E69F00"
"bjegiden-1",-8.36345810344529,2.38877284960348,7981.10498046875,-7770.25537109375,"Epi_SecA","#E69F00"
"bjegljii-1",-6.119916385916,-2.25647151036661,7991.49951171875,-7763.76220703125,"Epi_SecA","#E69F00"
"bjegnmgg-1",-8.41244835307908,2.58294094042379,7988.0595703125,-7782.01025390625,"Epi_SecA","#E69F00"
"bjegnmhh-1",-8.90634960582566,1.3036257071932,7988.23046875,-7803.66357421875,"Epi_SecA","#E69F00"
"bjegpbmh-1",-7.94154018810105,1.33097911314565,7978.46533203125,-7796.265625,"Epi_SecA","#E69F00"
"bjegpgep-1",-9.07278294017625,2.10911691622335,7978.2958984375,-7785.65576171875,"Epi_SecA","#E69F00"
"bjehdibe-1",-9.21597046306443,1.78742480711538,7934.359375,-7755.2490234375,"Epi_SecA","#E69F00"
"bjehgild-1",-8.19636673381639,2.27470577196676,7928.8564453125,-7777.69384765625,"Epi_SecA","#E69F00"
"bjehgljo-1",-7.69807190349412,1.99469054178793,7933.4248046875,-7770.43896484375,"Epi_SecA","#E69F00"
"bjehhmgj-1",-8.11742443492723,0.438409153981988,7940.78564453125,-7763.275390625,"Epi_SecA","#E69F00"
"bjehjajj-1",-7.592572635916,-0.657633598283942,7925.77685546875,-7763.5439453125,"Epi_SecA","#E69F00"
"bjeicbai-1",-8.75352425029588,2.26246273951132,7926.8642578125,-7789.96728515625,"Epi_SecA","#E69F00"
"bjeiegjl-1",-8.70135445049119,1.47651386694509,7943.70263671875,-7806.85107421875,"Epi_SecA","#E69F00"
"bjeiggfp-1",-5.69126552989793,3.17076552347738,7929.18115234375,-7802.986328125,"Epi_SecA","#E69F00"
"bjeiimfi-1",-7.56340546062303,1.54125166372854,7935.4775390625,-7803.80029296875,"Epi_SecA","#E69F00"
"bjeikmnb-1",-8.6528810923369,0.965895537896935,7933.51318359375,-7794.28759765625,"Epi_SecA","#E69F00"
"bjeioldm-1",-7.50990433147264,-0.276398356393989,7949.63037109375,-7782.92724609375,"Epi_SecA","#E69F00"
"bjeipddi-1",1.78994136402297,-2.8225516037504,7965.728515625,-7782.7802734375,"Epi_SecA","#E69F00"
"bjeipnko-1",0.114089959356068,3.30646098093588,7943.14208984375,-7780.90625,"Epi_SecA","#E69F00"
"bjejbbpb-1",-6.70758385112596,-0.46217765970629,7946.73974609375,-7752.86669921875,"Epi_SecA","#E69F00"
"bjejbdfd-1",-8.25631756236863,-0.322117220000442,7968.8994140625,-7771.2314453125,"Epi_SecA","#E69F00"
"bjejdckh-1",-7.92748779704881,-0.157880883053954,7962.07470703125,-7763.2578125,"Epi_SecA","#E69F00"
"bjekbnhj-1",-8.50027794292283,-0.0756707874546604,7959.66650390625,-7774.3369140625,"Epi_SecA","#E69F00"
"bjekdega-1",-7.82467026164842,0.862255816026513,7951.26220703125,-7770.3505859375,"Epi_SecA","#E69F00"
"bjekeejk-1",-8.32023567607713,-0.43142517967623,7950.07080078125,-7762.33740234375,"Epi_SecA","#E69F00"
"bjfamoah-1",-2.28860873630357,-3.48318898244303,8158.1572265625,-7820.1513671875,"Epi_SecB","#56B4E9"
"bjfbefdm-1",-6.55015844753099,-1.92962717576426,8133.0732421875,-7864.4609375,"Epi_SecA","#E69F00"
"bjfbgjkc-1",-2.46058482578111,-3.18422472043436,8146.8369140625,-7855.00048828125,"Epi_SecB","#56B4E9"
"bjfbhjlh-1",-3.50474781444383,-3.50852095647257,8137.64697265625,-7851.05078125,"Epi_SecB","#56B4E9"
"bjfbjjmi-1",-2.56679148128343,-3.66370641751688,8149.38330078125,-7830.40625,"Epi_SecB","#56B4E9"
"bjfbkicd-1",-4.94406122615647,-2.82296430631083,8114.3623046875,-7842.25537109375,"Epi_SecA","#E69F00"
"bjfbnkcl-1",-6.81997723033738,-1.16623508496683,8123.3447265625,-7863.75048828125,"Epi_SecA","#E69F00"
"bjfbooem-1",-4.11076778819871,-2.93598830266398,8123.11474609375,-7856.1494140625,"Epi_SecA","#E69F00"
"bjfcagbn-1",-4.42980522563768,-3.29310953183573,8123.48583984375,-7847.27587890625,"Epi_SecA","#E69F00"
"bjfccjpj-1",-4.68378824642015,-2.80132090611857,8120.0634765625,-7824.31591796875,"Epi_SecA","#E69F00"
"bjfccmdi-1",-3.82469934871507,-3.39014279408854,8107.23388671875,-7828.71875,"Epi_SecA","#E69F00"
"bjfcfmoj-1",-3.57179397991014,-3.47539889378947,8101.6923828125,-7823.77783203125,"Epi_SecB","#56B4E9"
"bjfcgaki-1",-7.11397976329637,-1.03018712563914,8113.4677734375,-7959.45751953125,"Epi_SecA","#E69F00"
"bjfchamg-1",-2.41657275607896,-3.49588000340861,8112.591796875,-8037.73486328125,"Epi_SecB","#56B4E9"
"bjfcimpf-1",-2.55950874736619,-3.50247942967814,8112.2490234375,-8029.10009765625,"Epi_SecB","#56B4E9"
"bjfcllej-1",4.34965067455459,-5.12430631680887,8121.169921875,-8025.26708984375,"Epi_SecB","#56B4E9"
"bjfdbeeg-1",-3.92208237102342,-3.3105796532194,8123.4501953125,-8099.23193359375,"Epi_SecA","#E69F00"
"bjfdcbke-1",-2.21900576999498,-3.18841421170634,8114.7998046875,-8098.9736328125,"Epi_SecB","#56B4E9"
"bjfdcplf-1",-6.63198942592454,-1.49602639241617,8088.77197265625,-8107.37744140625,"Epi_SecA","#E69F00"
"bjfddeng-1",3.05121307918715,-2.55179774327677,8117.96435546875,-8047.3330078125,"Mesenchymal","#F0E442"
"bjfddgfp-1",-2.3104247515471,-3.33045494122904,8118.873046875,-8093.77978515625,"Epi_SecA","#E69F00"
"bjfdikid-1",-3.85895294597459,-3.32140886350077,8112.0166015625,-8082.00439453125,"Epi_SecB","#56B4E9"
"bjfdjlma-1",2.15844147751021,-2.835034723715,8137.8876953125,-7906.21630859375,"Mesenchymal","#F0E442"
"bjfdleik-1",-2.82634920528245,-4.24132310910624,8141.357421875,-7955.98291015625,"Epi_SecB","#56B4E9"
"bjfdmcba-1",4.56369691440749,-5.34243166013163,8151.865234375,-7930.6884765625,"Mesenchymal","#F0E442"
"bjfdomel-1",4.73387246677565,-5.38832532926005,8152.48486328125,-7918.63525390625,"T cell","#1C91D4"
"bjfegpic-1",-4.21134180476976,-2.3248082356016,8090.33837890625,-7945.5634765625,"Epi_SecB","#56B4E9"
"bjfegpjh-1",-6.73196882655931,-1.5098873333494,8109.21875,-7947.55810546875,"Epi_SecA","#E69F00"
"bjfehdfe-1",0.0550888116090287,-3.04755818410319,8105.36962890625,-7938.41015625,"Epi_SecB","#56B4E9"
"bjffafba-1",-4.94403690746141,-2.39209329648417,8096.88623046875,-7933.158203125,"Epi_SecA","#E69F00"
"bjffdegk-1",-3.4816460078032,-3.1363567070524,8133.068359375,-7943.5712890625,"Epi_SecA","#E69F00"
"bjffgjfh-1",2.87160306522536,-2.80739724202555,8121.59521484375,-7944.2958984375,"Macrophage","#CC79A7"
"bjffhiad-1",-7.918744510916,0.850635234876458,8125.44921875,-7932.45068359375,"Epi_SecA","#E69F00"
"bjffhooc-1",-7.01113886287522,0.667650763555352,8116.80712890625,-7912.71142578125,"Epi_SecA","#E69F00"
"bjfflgda-1",-5.84440798213792,-1.50858652158182,8102.68017578125,-7925.439453125,"Epi_SecA","#E69F00"
"bjffploc-1",-7.55057377269578,1.75920522646505,8109.9423828125,-7920.130859375,"Epi_SecA","#E69F00"
"bjfgaekk-1",-5.47199768474412,-2.94399272962015,8093.783203125,-7869.82080078125,"Epi_SecA","#E69F00"
"bjfgbban-1",-5.08999819209886,-3.44719874425333,8092.76708984375,-7888.30712890625,"Epi_SecA","#E69F00"
"bjfgdnkg-1",-4.21856827190232,-3.46220290227335,8100.6279296875,-7885.54248046875,"Epi_SecA","#E69F00"
"bjfgemcp-1",-4.6341814463408,-3.5325707153837,8089.60205078125,-7881.6611328125,"Epi_SecA","#E69F00"
"bjfgggdk-1",-1.60644454410386,-2.88603412671488,8145.9052734375,-7883.66650390625,"Epi_SecB","#56B4E9"
"bjfghejf-1",-1.98744458606553,-3.46474778218668,8157.4765625,-7890.40185546875,"Epi_SecB","#56B4E9"
"bjfgholn-1",-2.30436939647508,-3.62259375615519,8148.73583984375,-7889.73583984375,"Epi_SecA","#E69F00"
"bjfgigmm-1",-4.70925611903978,-3.24700176282328,8120.53271484375,-7876.35009765625,"Epi_SecA","#E69F00"
"bjfglkcc-1",-7.69133419444871,-0.709938462213691,8123.93994140625,-7885.39892578125,"Epi_SecA","#E69F00"
"bjfglnfj-1",-2.8877329294951,-3.6108041958372,8118.96923828125,-7883.232421875,"Epi_SecA","#E69F00"
"bjfgmini-1",-6.8971437876494,-0.728280241922553,8050.68310546875,-7791.1259765625,"Epi_SecA","#E69F00"
"bjfgmngp-1",-8.00737518718553,0.891331438585107,8046.27783203125,-7802.453125,"Epi_SecA","#E69F00"
"bjfhbacn-1",-7.28904385021043,2.73285282091696,8057.896484375,-7801.18212890625,"Epi_SecA","#E69F00"
"bjfhchgp-1",-5.64499992778611,-2.60444485707682,8084.74609375,-7800.01513671875,"Epi_SecA","#E69F00"
"bjfhdcja-1",-7.22960705211473,-1.52826082272929,8070.41064453125,-7798.20556640625,"Epi_SecA","#E69F00"
"bjfhdjea-1",-7.42861599376512,2.68589652018148,8062.41943359375,-7900.85986328125,"Epi_SecA","#E69F00"
"bjfhefij-1",-7.58138508251023,-1.01870542331141,8070.82177734375,-7935.71826171875,"Epi_SecA","#E69F00"
"bjfhendk-1",-7.28483433177781,-1.03275322480601,8079.20556640625,-7931.36865234375,"Epi_SecA","#E69F00"
"bjfhfaak-1",-8.43034595897508,1.547218684717,8063.1298828125,-7911.88720703125,"Epi_SecA","#E69F00"
"bjfhnoli-1",-3.93431372096849,-2.54815232320231,8080.36767578125,-7872.380859375,"Epi_SecA","#E69F00"
"bjfhpdea-1",-8.01403088023973,-0.724071200327094,8056.74609375,-7891.62255859375,"Epi_SecA","#E69F00"
"bjfhpdip-1",-3.55085844447923,-2.61165058179301,8079.12060546875,-7878.24951171875,"Epi_SecA","#E69F00"
"bjfidpei-1",-6.28993267467332,-2.40806376500529,8051.1455078125,-7880.8740234375,"Epi_SecA","#E69F00"
"bjfiepef-1",-5.60476869991136,-3.05904447598856,8060.11962890625,-7836.4150390625,"Epi_SecA","#E69F00"
"bjfifeih-1",-4.82860321452928,-3.12755786939066,8046.81640625,-7851.20361328125,"Epi_SecB","#56B4E9"
"bjfifmii-1",-8.40028614452195,1.02793658213217,8068.4384765625,-7844.6435546875,"Epi_SecA","#E69F00"
"bjfiklpd-1",-4.79664844920945,1.28394306139547,8051.08642578125,-7837.40771484375,"Epi_SecA","#E69F00"
"bjfimcnm-1",-9.07646412303758,1.44762599901754,8051.4453125,-7812.76025390625,"Epi_SecA","#E69F00"
"bjfimgao-1",4.79161410877395,-5.67045986218851,8048.61279296875,-7819.5908203125,"T cell","#1C91D4"
"bjfjdgin-1",-8.23986954143357,0.509088103338067,8061.01611328125,-7811.91943359375,"Epi_SecA","#E69F00"
"bjfjklmo-1",-7.76122898509812,2.68412387804586,8025.478515625,-7925.81005859375,"Epi_SecA","#E69F00"
"bjfjknhe-1",-8.59558624675584,2.48695767359335,8020.40576171875,-7967.2783203125,"Epi_SecA","#E69F00"
"bjfjmhaj-1",-7.66066688945604,0.735211793943231,8043.55517578125,-7969.072265625,"Epi_SecA","#E69F00"
"bjfjpoio-1",-7.99535412242723,0.643694583936517,8027.8642578125,-7941.3798828125,"Epi_SecA","#E69F00"
"bjfjppom-1",-8.15980286052537,0.709950034185235,8034.61962890625,-7930.06787109375,"Epi_SecA","#E69F00"
"bjfkdfbd-1",4.56350498745131,-5.55577814145487,7993.68310546875,-7974.3681640625,"T cell","#1C91D4"
"bjfkejnp-1",-9.06430191448045,2.08606088594991,8022.00146484375,-7978.20556640625,"Epi_SecA","#E69F00"
"bjfkenac-1",-7.54369778087449,2.93207180933553,8007.5224609375,-7973.98046875,"Epi_SecA","#E69F00"
"bjfkfbao-1",3.73629980632949,-5.31349956555765,8007.56884765625,-7940.46044921875,"Epi_SecA","#E69F00"
"bjfkfcfa-1",-6.53034204891038,3.30759633020956,8013.27392578125,-7963.455078125,"Epi_SecA","#E69F00"
"bjfkfpbe-1",-8.45764583995652,1.70015502409536,8018.43017578125,-7954.7080078125,"Epi_SecA","#E69F00"
"bjfkheem-1",-8.46658653667283,1.56720459894735,8008.693359375,-7953.43798828125,"Epi_SecA","#E69F00"
"bjfkklli-1",-8.8890642588408,1.62504387335378,8017.01513671875,-7944.1796875,"Epi_SecA","#E69F00"
"bjflfnbe-1",-7.29181808879686,-0.949014301733191,7993.73046875,-7855.97412109375,"Epi_SecA","#E69F00"
"bjfljldo-1",-7.07354301860643,-1.44205534024637,8013.74609375,-7864.896484375,"Epi_SecA","#E69F00"
"bjfllpjp-1",-3.47113127162767,3.09718931154806,7992.875,-7877.859375,"Epi_SecA","#E69F00"
"bjflnaii-1",-7.87681812694383,-0.236101146177466,8007.759765625,-7857.69677734375,"Epi_SecA","#E69F00"
"bjflonfj-1",-9.01221699168992,1.44276631311971,8004.79052734375,-7870.78857421875,"Epi_SecA","#E69F00"
"bjfmecpn-1",-7.7427830164702,2.48860466913778,7995.51025390625,-7865.533203125,"Epi_SecA","#E69F00"
"bjfmibnb-1",-5.90569872310472,3.20912826494772,8019.5849609375,-7920.53076171875,"Epi_SecA","#E69F00"
"bjfmigkb-1",-8.20029777934861,2.49033654169637,8018.51513671875,-7933.677734375,"Epi_SecA","#E69F00"
"bjfminii-1",-6.76254314830613,3.01468456224996,8010.27978515625,-7932.06591796875,"Epi_SecA","#E69F00"
"bjfmknne-1",2.22394126007247,2.80169451670248,8010.54541015625,-7922.85693359375,"Epi_SecA","#E69F00"
"bjfmmlaf-1",-7.07134909084153,-0.993264372781928,8037.88330078125,-7870.93798828125,"Epi_SecA","#E69F00"
"bjfmolco-1",-5.59814638545823,-1.66581940217417,8034.10302734375,-7875.3349609375,"Epi_SecA","#E69F00"
"bjfmpngk-1",-8.1499809687407,1.75713670687277,8023.01513671875,-7801.64404296875,"Epi_SecA","#E69F00"
"bjfnafcb-1",-8.23758739879441,1.16396797136862,8023.37255859375,-7812.0146484375,"Epi_SecA","#E69F00"
"bjfnbhbf-1",-7.22001547267747,-0.964967365698035,8034.658203125,-7805.9287109375,"Epi_SecA","#E69F00"
"bjfnbkjc-1",-5.8103928034575,-2.35296833081644,8023.31689453125,-7842.42822265625,"Epi_SecA","#E69F00"
"bjfnbmji-1",-4.83651823451829,-3.00862276120585,8037.31884765625,-7834.56787109375,"Epi_SecA","#E69F00"
"bjfncgbe-1",-6.57120603969407,2.2039319320162,8022.36767578125,-7821.53076171875,"Epi_SecA","#E69F00"
"bjfncgcm-1",-8.26002830913377,0.450473134084527,8014.4541015625,-7834.068359375,"Epi_SecA","#E69F00"
"bjfneaac-1",-7.75723499706102,1.84749973253805,8010.658203125,-7823.5693359375,"Epi_SecA","#E69F00"
"bjfnimph-1",-7.32376617839646,-0.766429002718146,7999.80322265625,-7812.67333984375,"Epi_SecA","#E69F00"
"bjfnmefc-1",-7.51769108226609,-1.00588154359263,7994.89453125,-7834.87109375,"Epi_SecA","#E69F00"
"bjfnmopa-1",-7.31674522807908,-0.80368744893473,8001.51025390625,-7827.13037109375,"Epi_SecA","#E69F00"
"bjfnnodm-1",-8.40491146495652,-0.489137943224128,8008.11767578125,-7811.89697265625,"Epi_SecA","#E69F00"
"bjfpbpkd-1",-8.49266857555223,0.229907695813958,7999.8173828125,-7751.19189453125,"Epi_SecA","#E69F00"
"bjfpffmo-1",-5.69416231563401,-2.8060949997465,7997.92724609375,-7765.2373046875,"Epi_SecA","#E69F00"
"bjfpgogi-1",-7.55639500072312,-1.03006118102473,8009.99609375,-7764.56201171875,"Epi_SecA","#E69F00"
"bjfpmbcp-1",-4.84460873058152,-3.56723153157633,8015.490234375,-7752.76708984375,"Epi_SecA","#E69F00"
"bjfpmkbo-1",-7.8295988505156,-0.635708566145118,8010.54638671875,-7784.42236328125,"Epi_SecA","#E69F00"
"bjfpngnn-1",-7.91654056957078,0.760151032968347,7995.419921875,-7794.32861328125,"Epi_SecA","#E69F00"
"bjgadfem-1",-7.10441011836839,-0.482660974697288,8005.60009765625,-7795.62841796875,"Epi_SecA","#E69F00"
"bjgahnhl-1",-5.34371466090989,3.45961273150045,8042.66845703125,-7755.93994140625,"Epi_SecA","#E69F00"
"bjgaimkp-1",-8.37514728954148,0.984595779939477,8043.642578125,-7772.4228515625,"Epi_SecA","#E69F00"
"bjgaklpe-1",-6.96803707530809,2.32129300074178,8029.83251953125,-7770.009765625,"Epi_SecA","#E69F00"
"bjgbehli-1",-7.83086342265916,0.098899100585763,8026.26806640625,-7761.8779296875,"Epi_SecA","#E69F00"
"bjgbfpmj-1",-5.8229717676909,3.34946573214132,8020.12548828125,-7768.9248046875,"Epi_SecA","#E69F00"
"bjgbhoil-1",-8.51580471446824,0.717127685113732,8031.1884765625,-7750.91796875,"Epi_SecA","#E69F00"
"bjgbidkl-1",-6.01142067363572,-2.3593267159025,8093.9375,-7755.41015625,"Epi_SecA","#E69F00"
"bjgcdbhh-1",-1.54585570743394,-2.58166968388956,8155.99169921875,-7790.958984375,"Epi_SecB","#56B4E9"
"bjgcdgih-1",-2.65691084316087,-3.57407247586649,8165.24560546875,-7792.751953125,"Epi_SecB","#56B4E9"
"bjgchdom-1",-2.16139430454087,-3.21649348302286,8164.67431640625,-7805.58740234375,"Epi_SecB","#56B4E9"
"bjgcjhkp-1",-0.893861359861613,-3.32696353955668,8104.06640625,-7774.943359375,"Epi_SecA","#E69F00"
"bjgcmehf-1",-7.42818111827684,-0.592025424675162,8094.78759765625,-7792.626953125,"Epi_SecA","#E69F00"
"bjgcnmeb-1",2.71502440521407,-3.10478031201762,8100.65234375,-7784.33837890625,"Mesenchymal","#F0E442"
"bjgdojkg-1",-6.67604107311082,-2.18094455762308,8058.4501953125,-7761.73193359375,"Epi_SecA","#E69F00"
"bjgeacln-1",-4.07650989940477,-4.01401555104655,8078.54052734375,-7776.2236328125,"Epi_SecA","#E69F00"
"bjgealic-1",-6.49162287166429,-1.32627927823466,8059.95263671875,-7772.16357421875,"Epi_SecA","#E69F00"
"bjgebbon-1",-7.17816204479051,-1.76791727109354,8079.1064453125,-7765.87158203125,"Epi_SecA","#E69F00"
"bjiiedmi-1",-4.86312574794603,-1.07918923659724,8197.2607421875,-8094.43408203125,"Epi_SecA","#E69F00"
"bjiifnbm-1",-1.65275687625718,-2.94699132008951,8182.60595703125,-8119.25244140625,"Epi_SecB","#56B4E9"
"bjiiggkc-1",-4.5635494654448,-1.44113719029825,8203.7490234375,-8119.4208984375,"Epi_SecA","#E69F00"
"bjiigiif-1",-4.41203112056565,-2.12457119985026,8188.80810546875,-8100.0712890625,"Epi_SecA","#E69F00"
"bjiigmin-1",-8.8157057230742,0.116121430559938,8193.94140625,-8217.802734375,"Epi_SecA","#E69F00"
"bjiihaoj-1",-8.20171207835984,1.27808547453481,8179.26318359375,-8249.2841796875,"Epi_SecA","#E69F00"
"bjiihpio-1",-7.88907379558396,1.68684721426565,8179.302734375,-8233.146484375,"Epi_SecA","#E69F00"
"bjiiiaoj-1",-8.36219448497605,1.30075169043142,8187.7861328125,-8228.568359375,"Epi_SecA","#E69F00"
"bjiiidfo-1",-7.55810779979539,2.16456926302511,8198.619140625,-8236.908203125,"Epi_SecA","#E69F00"
"bjiiifhk-1",-7.50189251354051,2.52971971468527,8206.716796875,-8220.755859375,"Epi_SecA","#E69F00"
"bjiiijen-1",-3.45148319652391,-1.47213840051096,8192.23828125,-8203.7158203125,"Epi_SecA","#E69F00"
"bjiijiao-1",-3.1486610834868,-2.38607751889628,8182.60009765625,-8195.498046875,"Epi_SecA","#E69F00"
"bjiilkao-1",-8.06078380992723,1.61349463896352,8204.3359375,-8208.5625,"Epi_SecA","#E69F00"
"bjiimbgi-1",-1.01112729957414,0.75065380768377,8182.5634765625,-8205.76953125,"Epi_SecA","#E69F00"
"bjijbeno-1",-5.96783108165574,1.22344613508779,8253.677734375,-8664.056640625,"Epi_SecA","#E69F00"
"bjijbjne-1",-5.71162504604173,-0.470600988105948,8280.685546875,-8640.3564453125,"Epi_SecA","#E69F00"
"bjijhkfc-1",-5.85852331569505,2.77836025194723,8270.59375,-8646.595703125,"Epi_SecA","#E69F00"
"bjijkglb-1",-5.90517324855638,0.325443599983041,8260.5869140625,-8669.7333984375,"Epi_SecA","#E69F00"
"bjijpehf-1",-6.72568029811692,0.669471506639306,8253.154296875,-8698.9443359375,"Epi_SecA","#E69F00"
"bjikcnoi-1",2.57592886039901,2.79239905314047,8363.1630859375,-8761.537109375,"Epi_SecA","#E69F00"
"bjikgggd-1",-6.17491907527757,1.159847383066,8273.6953125,-8698.869140625,"Epi_SecA","#E69F00"
"bjikhepp-1",-5.92009157588792,0.703759376569573,8263.337890625,-8700.783203125,"Epi_SecA","#E69F00"
"bjikhhkl-1",-8.010954326895,0.989722733064477,8240.599609375,-8692.482421875,"Epi_SecA","#E69F00"
"bjikkfmb-1",6.04729466983962,-4.5594969944517,8241.5029296875,-8759.140625,"T cell","#1C91D4"
"bjikkkkf-1",6.49706321308303,-4.42367612882059,8227.75,-8750.2509765625,"T cell","#1C91D4"
"bjikohie-1",-7.50054401805711,0.251528863473718,8244.22265625,-8684.7783203125,"Epi_SecA","#E69F00"
"bjilgaln-1",-6.69443935802293,1.84963643984396,8240.724609375,-8678.806640625,"Epi_SecA","#E69F00"
"bjilhpka-1",-5.63418192317796,1.77934122519094,8237.142578125,-8684.9384765625,"Epi_SecA","#E69F00"
"bjilnikl-1",2.0472560460298,-2.90469538731974,8315.6416015625,-8565.875,"Epi_SecB","#56B4E9"
"bjilpbpk-1",2.03369002887893,-2.84980594678324,8315.58203125,-8604.7265625,"Macrophage","#CC79A7"
"bjimefnb-1",0.178254717084645,-2.90580236478251,8311.849609375,-8594.3828125,"Epi_SecA","#E69F00"
"bjimjfkn-1",2.35505991527724,-2.90267908139628,8316.634765625,-8584.3876953125,"Macrophage","#CC79A7"
"bjimkdlc-1",-3.80004448345018,-3.33928906484049,8325.6318359375,-8559.7158203125,"Epi_SecB","#56B4E9"
"bjimmcgi-1",4.62981753894973,-5.37918245358866,8317.1591796875,-8574.9853515625,"T cell","#1C91D4"
"bjimmjla-1",-6.2055777972014,2.77597773508627,8282.939453125,-8574.9306640625,"Epi_SecA","#E69F00"
"bjimmpfa-1",-5.364958233145,2.93870628313619,8270.76171875,-8591.5107421875,"Epi_SecA","#E69F00"
"bjimndph-1",-3.23299736430955,2.68155587153036,8270.7919921875,-8581.6787109375,"Epi_SecA","#E69F00"
"bjimpgkd-1",-5.24231237819505,-1.51010155244273,8296.08203125,-8594.666015625,"Epi_SecA","#E69F00"
"bjimpnlo-1",-4.94493097713304,0.564001385732476,8294.1728515625,-8634.587890625,"Epi_SecA","#E69F00"
"bjincdkb-1",-6.37930483272386,-0.0835391202430086,8295.3896484375,-8628.3525390625,"Epi_SecA","#E69F00"
"bjinciep-1",-6.38490337779832,2.85870516733724,8306.3125,-8595.09375,"Epi_SecA","#E69F00"
"bjinknin-1",-6.80350012233567,0.642156605287377,8302.744140625,-8584.1708984375,"Epi_SecA","#E69F00"
"bjinnapc-1",-7.30874580791307,2.34798372225363,8300.06640625,-8571.9248046875,"Epi_SecA","#E69F00"
"bjinonld-1",10.7188716466157,-1.91412329240244,8200.9833984375,-8566.7607421875,"Mesenchymal","#F0E442"
"bjioabhh-1",-8.53155273845506,0.925172571702783,8194.3017578125,-8582.671875,"Epi_SecA","#E69F00"
"bjiochen-1",1.83951561996627,-2.86796032948893,8282.19921875,-8377.6953125,"Mesenchymal","#F0E442"
"bjiokejl-1",-4.63501591136766,-3.80732667012614,8327.6416015625,-8414.2900390625,"Epi_SecB","#56B4E9"
"bjionadn-1",-6.86716408183885,0.985599402948205,8284.18359375,-8405.8642578125,"Epi_SecA","#E69F00"
"bjionoff-1",-5.21133751323533,-1.08157699866694,8282.23046875,-8397.3095703125,"Epi_SecA","#E69F00"
"bjiopmlg-1",-5.06065029552293,-1.57065534158152,8287.67578125,-8388.623046875,"Epi_SecA","#E69F00"
"bjipaehb-1",-4.27355760982347,-2.01772617860239,8292.8017578125,-8381.8662109375,"Epi_SecA","#E69F00"
"bjipajna-1",-5.59419769695115,-0.542012150720771,8311.345703125,-8502.66796875,"Epi_SecA","#E69F00"
"bjipfifb-1",-6.35271782329393,-0.243523325161155,8314.1591796875,-8515.0673828125,"Epi_SecA","#E69F00"
"bjiphfhk-1",-6.55595011165452,-0.395998145775016,8322.33984375,-8511.673828125,"Epi_SecA","#E69F00"
"bjiphppo-1",-4.10060686519456,-1.38073789639872,8321.515625,-8503.8779296875,"Epi_SecA","#E69F00"
"bjipkbeo-1",-5.99709219386888,-1.39119565053385,8289.3935546875,-8450.41015625,"Epi_SecA","#E69F00"
"bjiplfii-1",-6.5206126635344,-0.339144911007102,8306.810546875,-8450.4169921875,"Epi_SecA","#E69F00"
"bjiplije-1",-6.32669825008226,0.64119255976278,8294.2333984375,-8459.5322265625,"Epi_SecA","#E69F00"
"bjipoekm-1",-5.89963240077806,-0.255408193306144,8268.7041015625,-8392.0869140625,"Epi_SecA","#E69F00"
"bjipoffp-1",12.1592469746797,0.285882060094659,8210.9423828125,-8447.2802734375,"Mesenchymal","#F0E442"
"bjjaddnb-1",-6.2922625010283,2.30360925631124,8259.2314453125,-8416.810546875,"Epi_SecA","#E69F00"
"bjjagmlm-1",-6.33213180949998,-0.857358391718085,8257.1103515625,-8408.1416015625,"Epi_SecA","#E69F00"
"bjjaheic-1",-4.66127962520433,3.45004976229269,8268.5234375,-8407.642578125,"Epi_SecA","#E69F00"
"bjjamdkl-1",-7.0594367449553,1.41843748526174,8270.6787109375,-8402.001953125,"Epi_SecA","#E69F00"
"bjjbbkni-1",-6.9052004282744,1.11906016306478,8275.8662109375,-8325.55078125,"Epi_SecA","#E69F00"
"bjjbeghi-1",-7.23263115337205,2.13664353327352,8266.4326171875,-8348.306640625,"Epi_SecA","#E69F00"
"bjjbgdfa-1",-4.21909803798509,-2.65692364736002,8301.0029296875,-8337.974609375,"Epi_SecA","#E69F00"
"bjjbhdil-1",-6.96398443630052,2.01319444613058,8273.064453125,-8337.4970703125,"Epi_SecA","#E69F00"
"bjjbhkoj-1",-7.06142086437059,0.14967531399328,8305.8486328125,-8256.23828125,"Epi_SecA","#E69F00"
"bjjbjida-1",-6.99117893627,0.811208848520104,8292.697265625,-8252.419921875,"Epi_SecA","#E69F00"
"bjjbkich-1",-7.47402901103807,1.95920932726461,8250.3134765625,-8372.935546875,"Epi_SecA","#E69F00"
"bjjcagkd-1",-7.37489075115037,1.40692973570425,8251.6240234375,-8386.935546875,"Epi_SecA","#E69F00"
"bjjcdodi-1",-6.68663305690599,0.864622835679833,8259.6298828125,-8390.2744140625,"Epi_SecA","#E69F00"
"bjjchckb-1",-6.26149029186082,1.75272369818289,8261.046875,-8377.2421875,"Epi_SecA","#E69F00"
"bjjciiff-1",-6.53263468196702,2.66668022112447,8240.9697265625,-8363.8203125,"Epi_SecA","#E69F00"
"bjjciofl-1",6.10618215152907,-4.93172227902811,8235.494140625,-8298.3447265625,"T cell","#1C91D4"
"bjjcldim-1",-6.54274696758104,2.57345736460287,8250.3994140625,-8352.3583984375,"Epi_SecA","#E69F00"
"bjjcoebb-1",-5.91904587199998,2.414237384363,8250.244140625,-8345.2890625,"Epi_SecA","#E69F00"
"bjjcofmb-1",-7.11069101741624,1.15681755976278,8254.939453125,-8336.98046875,"Epi_SecA","#E69F00"
"bjjcohaf-1",-7.57180160930467,1.54898262457449,8258.2451171875,-8323.6669921875,"Epi_SecA","#E69F00"
"bjjdahdk-1",-3.33721966197801,0.330190156265084,8233.8076171875,-7969.37548828125,"Epi_SecA","#E69F00"
"bjjdcblh-1",-5.70727056911302,-0.0336111815134839,8220.7646484375,-7983.2607421875,"Epi_SecA","#E69F00"
"bjjddbhg-1",4.32885556766677,-5.61123048825663,8222.4091796875,-7973.15234375,"Mesenchymal","#F0E442"
"bjjdecfg-1",-6.15947384288621,0.460985724492852,8228.1552734375,-8038.11572265625,"Epi_SecA","#E69F00"
"bjjdekcp-1",-5.24298424175096,-0.266185547546561,8224.7275390625,-8046.51708984375,"Epi_SecA","#E69F00"
"bjjdhkhf-1",-3.70254845073533,-0.646450336412604,8208.333984375,-8041.3984375,"Epi_SecA","#E69F00"
"bjjdipai-1",-6.37675423076463,-0.690377409891303,8219.2236328125,-8037.51123046875,"Epi_SecA","#E69F00"
"bjjeapep-1",-5.36858219554734,-0.346373345092948,8226.056640625,-7995.7294921875,"Epi_SecA","#E69F00"
"bjjecoca-1",-4.44283766200853,-0.703469272092994,8211.544921875,-8020.708984375,"Epi_SecA","#E69F00"
"bjjedaak-1",-6.39506954601121,0.346268568797891,8215.7490234375,-8008.162109375,"Epi_SecA","#E69F00"
"bjjedkdo-1",-5.15173954418016,-0.702327366308387,8218.8974609375,-8000.09375,"Epi_SecA","#E69F00"
"bjjefkmh-1",-2.5281490748198,-0.809037621454413,8220.666015625,-8055.7978515625,"Epi_SecA","#E69F00"
"bjjeodom-1",-2.11152977397752,0.108824749155824,8214.8515625,-8068.97705078125,"Epi_SecA","#E69F00"
"bjjfcdel-1",-3.03892821719957,-0.527432795004065,8219.8056640625,-8066.72119140625,"Epi_SecA","#E69F00"
"bjjfcnhn-1",-1.85413999011827,-0.234369601444419,8217.2255859375,-8059.32275390625,"Epi_SecA","#E69F00"
"bjjfibng-1",-3.55160612514329,-1.60125970406931,8213.1298828125,-8184.74462890625,"Epi_SecA","#E69F00"
"bjjfieoj-1",-3.22369832446885,-0.705003853277381,8209.1669921875,-8201.064453125,"Epi_SecA","#E69F00"
"bjjfodho-1",5.10050778934646,-5.08387386365336,8219.630859375,-8190.73876953125,"Mesenchymal","#F0E442"
"bjjgcpie-1",-3.84233469417405,-1.42803322835367,8208.4912109375,-8192.8330078125,"Epi_SecA","#E69F00"
"bjjgdhai-1",-4.39287561824632,-1.18491410775584,8212.5146484375,-8166.5439453125,"Epi_SecA","#E69F00"
"bjjgfcba-1",-4.10976309230638,-1.57456957860392,8213.8671875,-8175.61474609375,"Epi_SecA","#E69F00"
"bjjgigla-1",-3.94955009868455,-1.3633938984434,8203.5517578125,-8169.7900390625,"Epi_SecA","#E69F00"
"bjjhbdgp-1",-6.19122833659959,0.653461460634057,8218.4189453125,-8144.8837890625,"Epi_SecA","#E69F00"
"bjjhgejj-1",-4.80533070018602,-0.656048174337562,8218.111328125,-8160.36474609375,"Epi_SecA","#E69F00"
"bjjhjdhh-1",-3.89633268764329,-1.14901649518412,8204.869140625,-8159.80029296875,"Epi_SecA","#E69F00"
"bjjhobck-1",-2.92085403850389,0.356150661273782,8204.6767578125,-8155.05126953125,"Epi_SecA","#E69F00"
"bjjhojhe-1",-4.40800661495042,0.788896088167016,8224.35546875,-8149.4140625,"Epi_SecA","#E69F00"
"bjjiefnm-1",-4.93747419765306,-1.16226362748545,8209.1875,-8149.71728515625,"Epi_SecA","#E69F00"
"bjjiepic-1",-6.3012523119719,0.15685612396795,8215.4921875,-8118.724609375,"Epi_SecA","#E69F00"
"bjjifmbd-1",-4.52792734554124,0.156531070037667,8205.544921875,-8136.4384765625,"Epi_SecA","#E69F00"
"bjjihjlk-1",-5.2595271532805,1.81753540472585,8215.337890625,-8136.4892578125,"Epi_SecA","#E69F00"
"bjjioina-1",-5.08674997737718,-1.12186026139658,8233.908203125,-8117.982421875,"Epi_SecA","#E69F00"
"bjjjeffj-1",-4.81719297817063,-1.26893043084543,8227.0595703125,-8120.79638671875,"Epi_SecA","#E69F00"
"bjjjeobg-1",-4.50119680812669,-1.36841141744059,8211.3955078125,-8083.8330078125,"Epi_SecA","#E69F00"
"bjjjgdop-1",-6.48073572566819,0.98480189280111,8241.888671875,-8095.0068359375,"Epi_SecA","#E69F00"
"bjjjgfhk-1",-4.37299198558641,-1.21331727071207,8219.349609375,-8074.32861328125,"Epi_SecA","#E69F00"
"bjjjgjgn-1",-4.18586487224412,-0.752140160040076,8197.197265625,-8037.8251953125,"Epi_SecA","#E69F00"
"bjjjhkee-1",-6.03845161845994,-0.623396869138892,8188.14990234375,-8059.146484375,"Epi_SecA","#E69F00"
"bjjjkdkj-1",-5.23157782008958,-0.185371476546939,8206.6787109375,-8053.18017578125,"Epi_SecA","#E69F00"
"bjjjkiab-1",-6.47507900646043,0.228278104825799,8197.0869140625,-8051.22265625,"Epi_SecA","#E69F00"
"bjjjnfpo-1",-5.5950812762053,-1.02211010022562,8203.759765625,-8040.41748046875,"Epi_SecA","#E69F00"
"bjjjomij-1",-4.43537325313401,-1.98810433907908,8207.5771484375,-8067.72119140625,"Epi_SecA","#E69F00"
"bjjkalap-1",-4.57230038097215,-1.58362149758738,8206.8837890625,-8075.95556640625,"Epi_SecA","#E69F00"
"bjjkbbgk-1",-4.66935629298997,-0.679037149385627,8201.1591796875,-8009.12109375,"Epi_SecA","#E69F00"
"bjjkelaf-1",-5.57464212825608,-0.197072032229121,8205.2490234375,-8028.23291015625,"Epi_SecA","#E69F00"
"bjjkenjn-1",-4.85272211482835,-1.05426519675654,8206.5595703125,-8012.2080078125,"Epi_SecA","#E69F00"
"bjjkhbkm-1",-5.15628666332078,-0.833578463033851,8200.4375,-8061.84765625,"Epi_SecA","#E69F00"
"bjjkjfpa-1",-5.70558208873582,-0.433765615657981,8202.880859375,-8083.6220703125,"Epi_SecA","#E69F00"
"bjjlfgod-1",-5.21765083720994,-2.21839725537699,8194.203125,-8066.6552734375,"Epi_SecA","#E69F00"
"bjjlflin-1",-6.2311167185576,-1.35822200341624,8256.8544921875,-7990.08740234375,"Epi_SecA","#E69F00"
"bjjlgbam-1",-5.32830376079393,-0.660706754163917,8257.7998046875,-8002.62255859375,"Epi_SecA","#E69F00"
"bjjlmiaa-1",-4.74399132182908,0.394068334861581,8249.94140625,-7997.29833984375,"Epi_SecA","#E69F00"
"bjjmbnkb-1",-2.03704709461045,-2.83805167241495,8293.7314453125,-8144.61474609375,"Epi_SecA","#E69F00"
"bjjmdpdb-1",2.7825723225801,-2.95701300664347,8285.318359375,-8232.1328125,"Macrophage","#CC79A7"
"bjjmfbgn-1",-3.55951828410936,-2.450428839163,8290.060546875,-8177.138671875,"Epi_SecA","#E69F00"
"bjjmkael-1",-4.16256517818284,-1.53974973721903,8286.5966796875,-8165.78173828125,"Epi_SecA","#E69F00"
"bjjnfadf-1",-5.53184122493577,-0.716220434145148,8260.84375,-8013.50244140625,"Epi_SecA","#E69F00"
"bjjngnff-1",-5.32414574077439,-0.762167389825995,8247.1962890625,-8029.6123046875,"Epi_SecA","#E69F00"
"bjjnkglh-1",11.5940127904146,1.65463793711263,8277.5771484375,-8023.56298828125,"Mesenchymal","#F0E442"
"bjjnpdnj-1",-5.03428310802293,-0.462203200296576,8250.615234375,-8022.36669921875,"Epi_SecA","#E69F00"
"bjjnpifc-1",-4.95824236324144,-1.03019582791727,8247.0341796875,-8013.029296875,"Epi_SecA","#E69F00"
"bjjoapho-1",-5.41102451732469,-0.108424407751377,8204,-7831.39990234375,"Epi_SecA","#E69F00"
"bjjociij-1",-1.008348650244,1.83318508104879,8198.37890625,-7882.0927734375,"Epi_SecA","#E69F00"
"bjjoeifb-1",-4.21022171428514,-1.27151083512705,8189.39013671875,-7880.36865234375,"Epi_SecA","#E69F00"
"bjjohckd-1",-4.68871635845018,-0.607890005544837,8199.6796875,-7839.17431640625,"Epi_SecA","#E69F00"
"bjjohfad-1",7.84324508258986,-5.34053957028788,8279.625,-7844.39794921875,"Epi_SecA","#E69F00"
"bjjoljmb-1",8.845566325876,-4.98024427457255,8305.4287109375,-7812.984375,"Plasma cell","#005685"
"bjjonblf-1",-6.04634184291673,-0.457338686422523,8289.77734375,-7866.9111328125,"Epi_SecA","#E69F00"
"bjjopccf-1",-7.2582516138823,0.66760892109472,8280.498046875,-7861.57373046875,"Epi_SecA","#E69F00"
"bjjoplji-1",-6.77407307079148,-0.0884527115571157,8288.6904296875,-7854.3818359375,"Epi_SecA","#E69F00"
"bjjpachf-1",-5.0359296267302,-1.47830640836161,8275.0966796875,-7855.77587890625,"Epi_SecA","#E69F00"
"bjjpahdc-1",-7.10808700969529,1.54412866072256,8260.029296875,-7870.8564453125,"Epi_SecA","#E69F00"
"bjjpbpio-1",-6.2340259020598,-0.90255629582804,8264.90625,-7860.9970703125,"Epi_SecA","#E69F00"
"bjjpelka-1",-5.01139969280076,-0.439782853559669,8198.7294921875,-7798.1982421875,"Epi_SecA","#E69F00"
"bjjpifbb-1",8.56613879749465,-5.27548515363138,8213.763671875,-7813.31982421875,"Plasma cell","#005685"
"bjjpjleb-1",-5.25382894923997,-1.5462939695875,8201.01953125,-7807.5107421875,"Epi_SecA","#E69F00"
"bjjpkkam-1",-5.5005611841948,0.464209024473016,8189.546875,-7799.1982421875,"Epi_SecA","#E69F00"
"bjjpnjab-1",-5.55350536754441,-1.29204189343851,8286.1923828125,-7906.88427734375,"Epi_SecA","#E69F00"
"bjkacclj-1",-7.12480539729905,0.636898819967095,8284.267578125,-7917.11376953125,"Epi_SecA","#E69F00"
"bjkaempi-1",-7.65074963023973,0.457995419069116,8292.80859375,-7916.740234375,"Epi_SecA","#E69F00"
"bjkalpim-1",-6.53485674312425,0.449026886983697,8299.130859375,-7910.03369140625,"Epi_SecA","#E69F00"
"bjkamohd-1",-5.63635439327073,-0.443088825182136,8301.0234375,-8042.2958984375,"Epi_SecA","#E69F00"
"bjkaodcn-1",-4.4871301119597,-1.56055628819865,8318.4462890625,-8059.81396484375,"Epi_SecA","#E69F00"
"bjkbamnp-1",-6.26613087108445,-0.620722170309241,8305.35546875,-8057.5322265625,"Epi_SecA","#E69F00"
"bjkbcnbg-1",-4.41748899867845,0.130780641599481,8309.228515625,-8048.40771484375,"Epi_SecA","#E69F00"
"bjkbddao-1",-4.09782785823655,-1.3982568935911,8304.7529296875,-7993.8681640625,"Epi_SecA","#E69F00"
"bjkbghij-1",-4.3168477480681,-0.58839836283129,8240.2783203125,-8046.28369140625,"Epi_SecA","#E69F00"
"bjkbgoml-1",-4.9088921015532,-0.745616610483344,8241.6875,-8039.20458984375,"Epi_SecA","#E69F00"
"bjkbmahg-1",-4.50929302623582,1.08881426291067,8249.73046875,-8037.49560546875,"Epi_SecA","#E69F00"
"bjkbnfja-1",-4.75672192027879,-0.589361514286216,8299.45703125,-8031.759765625,"Epi_SecA","#E69F00"
"bjkbokia-1",-3.93296379497361,-0.870061035589393,8306.4970703125,-8010.87646484375,"Epi_SecA","#E69F00"
"bjkcccie-1",-2.76700300624681,-2.17452394528788,8310.728515625,-8070.7900390625,"Epi_SecA","#E69F00"
"bjkcddgm-1",-5.4615592425139,-1.49365341229838,8302.5947265625,-8093.69091796875,"Epi_SecA","#E69F00"
"bjkcfgoa-1",-4.84630484035325,-2.70298945470255,8304.044921875,-8084.181640625,"Epi_SecA","#E69F00"
"bjkcgiol-1",-6.80387014797044,0.385436241193597,8298.54296875,-8074.83935546875,"Epi_SecA","#E69F00"
"bjkchkoi-1",-3.3936619227202,-1.23493361039561,8193.5302734375,-7890.09765625,"Epi_SecA","#E69F00"
"bjkcjhjf-1",-4.50265211513353,-1.25685202641886,8197.59765625,-7918.20166015625,"Epi_SecA","#E69F00"
"bjkcliil-1",-4.70138925960374,-1.03880649371546,8196.62890625,-7907.623046875,"Epi_SecA","#E69F00"
"bjkcnjmc-1",-3.75475878169847,-1.24279367490214,8192.1484375,-7898.88232421875,"Epi_SecA","#E69F00"
"bjkdbdhk-1",4.66537314006972,-5.59921896024149,8198.21484375,-7964.7958984375,"T cell","#1C91D4"
"bjkddcac-1",-5.66369480541062,-1.46558808846873,8189.21337890625,-8085.0966796875,"Epi_SecA","#E69F00"
"bjkdfhig-1",-5.53786081722093,-2.26027667088908,8190.0107421875,-8073.68798828125,"Epi_SecA","#E69F00"
"bjkdhini-1",-4.21813339641404,-1.59079658551615,8203.8603515625,-7995.17138671875,"Epi_SecA","#E69F00"
"bjkdoccm-1",-4.97385878017259,-0.920646961168464,8189.93017578125,-7967.85546875,"Epi_SecA","#E69F00"
"bjkdpeif-1",-5.64083761623216,-0.212148833409961,8194.0439453125,-7930.8017578125,"Epi_SecA","#E69F00"
"bjkefojp-1",-3.91187471797776,-1.69576060338419,8190.79931640625,-7952.171875,"Epi_SecA","#E69F00"
"bjkegeci-1",-4.90267652919603,-1.24607669873637,8197.2138671875,-7941.6572265625,"Epi_SecA","#E69F00"
"bjkehfoh-1",-6.84244913509202,-0.13037594346803,8297.2724609375,-7880.962890625,"Epi_SecA","#E69F00"
"bjkehgao-1",-3.99986500194383,-1.49585806889933,8287.1689453125,-7899.345703125,"Epi_SecA","#E69F00"
"bjkeimlm-1",4.50689344951796,-5.55240642590922,8295.3154296875,-7896.3955078125,"Mesenchymal","#F0E442"
"bjkekjhi-1",-6.37540573528123,-0.424302543834861,8288.55859375,-7889.9443359375,"Epi_SecA","#E69F00"
"bjkekkjl-1",-6.5593752329619,2.50656092600424,8302.3681640625,-7901.923828125,"Epi_SecA","#E69F00"
"bjkenfef-1",-6.02261633327317,2.60196721987325,8302.8251953125,-7896.5302734375,"Epi_SecA","#E69F00"
"bjkeodon-1",-5.12645096233201,1.95740187601644,8273.0224609375,-7896.7294921875,"Epi_SecA","#E69F00"
"bjkepeje-1",-5.51246876170945,0.0506411387165232,8278.796875,-7899.30517578125,"Epi_SecA","#E69F00"
"bjkfbgmj-1",-7.33915657451463,0.0445306791504069,8278.2548828125,-7886.87109375,"Epi_SecA","#E69F00"
"bjkfipce-1",-6.9018291895659,1.85126746134359,8259.357421875,-7879.78759765625,"Epi_SecA","#E69F00"
"bjkfmdff-1",-6.61299795558763,2.49896610216696,8268.1396484375,-7889.9208984375,"Epi_SecA","#E69F00"
"bjkfoelb-1",-5.63293260982347,-1.15331399007242,8266.3896484375,-7899.7001953125,"Epi_SecA","#E69F00"
"bjkfoida-1",-8.32566112926316,1.32406342463094,8258.451171875,-7888.970703125,"Epi_SecA","#E69F00"
"bjkgfbga-1",-3.46570105007005,-0.824296648935492,8328.37890625,-7769.67578125,"Epi_SecA","#E69F00"
"bjkgfcng-1",-3.42883104732347,-0.0611906865100221,8330.6240234375,-7754.95849609375,"Epi_SecA","#E69F00"
"bjkggdla-1",-3.64425081661058,0.178877387805764,8324.3857421875,-7764.60009765625,"Epi_SecA","#E69F00"
"bjkgifno-1",-4.18551010539842,-0.372259493307288,8335.0244140625,-7763.5244140625,"Epi_SecA","#E69F00"
"bjkglkfa-1",-4.35808128764939,-0.950807686285193,8319.8603515625,-7755.564453125,"Epi_SecA","#E69F00"
"bjkhlobg-1",-4.44427008083177,-1.43103253407877,8369.1748046875,-8099.5,"Epi_SecA","#E69F00"
"bjkhpjdb-1",-6.01249260356736,-0.972787197069343,8350.9443359375,-8111.1328125,"Epi_SecA","#E69F00"
"bjkhppkk-1",-6.0808309977324,1.04045176939565,8372.3046875,-8109.431640625,"Epi_SecA","#E69F00"
"bjkicbmd-1",-6.65202564647508,0.267985407872979,8356.671875,-8117.79052734375,"Epi_SecA","#E69F00"
"bjkidnpe-1",-4.96793837001634,-2.13596260114115,8375.50390625,-8154.58642578125,"Epi_SecA","#E69F00"
"bjkigbpp-1",-6.12380976131272,-1.08422803445261,8363.0419921875,-8155.3359375,"Epi_SecA","#E69F00"
"bjkihifk-1",-5.28272814205003,-1.39174675507944,8375.1923828125,-8130.853515625,"Epi_SecA","#E69F00"
"bjkihlni-1",-7.06027693202806,0.219706897302453,8365.6474609375,-8125.47412109375,"Epi_SecA","#E69F00"
"bjkijgeg-1",-3.79415602138353,3.42009437517721,8380.3564453125,-8115.65673828125,"Epi_SecA","#E69F00"
"bjkikngi-1",-3.53630823543382,-1.32274162335795,8334.3876953125,-7773.9609375,"Epi_SecA","#E69F00"
"bjkimdbd-1",-4.16491932323289,-0.153746894882138,8332.3125,-7790.63623046875,"Epi_SecA","#E69F00"
"bjkimipf-1",-4.60409635951829,-0.955921645597632,8336.22265625,-7782.9150390625,"Epi_SecA","#E69F00"
"bjkjcmdc-1",2.18177156994033,-2.32996356053751,8327.458984375,-7777.01708984375,"Epi_SecA","#E69F00"
"bjkjghif-1",-3.98883146694017,-2.52187525792521,8313.150390625,-8000.96142578125,"Epi_SecA","#E69F00"
"bjkjijpl-1",8.78173881122756,-5.09690582318705,8318.7705078125,-7943.423828125,"Plasma cell","#005685"
"bjkjpabf-1",-1.8093568747313,-2.14767634435099,8346.5654296875,-8084.6982421875,"Epi_SecA","#E69F00"
"bjkjpknp-1",-0.627124733236552,-0.806681569055732,8347.0078125,-8077.8916015625,"Epi_SecB","#56B4E9"
"bjkkcjjj-1",-3.02536053111863,-3.25788962407511,8313.4501953125,-7986.2216796875,"Epi_SecA","#E69F00"
"bjkkcnaa-1",-4.4360203211577,3.09832108454305,8330.71875,-7811.83984375,"Epi_SecA","#E69F00"
"bjkkgoop-1",-5.66397661617112,-2.88985216184061,8307.072265625,-7888.85693359375,"Epi_SecA","#E69F00"
"bjkkogel-1",-5.86553854396653,1.00752902464468,8341.74609375,-7818.716796875,"Epi_SecA","#E69F00"
"bjkkpdpa-1",-3.08857411792588,0.117653031512086,8341.0322265625,-7799.46142578125,"Epi_SecA","#E69F00"
"bjkkpelp-1",-5.61338991573167,0.0332960529764338,8335.7080078125,-7806.021484375,"Epi_SecA","#E69F00"
"bjklgaap-1",-4.59666532924485,0.149400253458802,8345.6591796875,-7805.3984375,"Epi_SecA","#E69F00"
"bjklhiom-1",-5.84535021236253,1.05413890318472,8363.865234375,-7823.3984375,"Epi_SecA","#E69F00"
"bjkljjfh-1",-4.9306845133574,-0.16973026408356,8365.453125,-7839.85498046875,"Epi_SecA","#E69F00"
"bjklllgk-1",-5.41583103587937,1.22465002970297,8353.23046875,-7837.72900390625,"Epi_SecA","#E69F00"
"bjkmaloe-1",-4.98284811427903,-0.00458904667299551,8349.6591796875,-7826.6806640625,"Epi_SecA","#E69F00"
"bjkmccdl-1",-0.932947701719524,-0.164448435739692,8349.6044921875,-7888.25830078125,"Epi_SecA","#E69F00"
"bjkmiffn-1",-3.74563497951341,0.13681911365587,8364.912109375,-7892.43359375,"Epi_SecA","#E69F00"
"bjkmlcfg-1",-3.60920805385423,-1.44687926335734,8351.2822265625,-7894.5537109375,"Epi_SecA","#E69F00"
"bjkmmhli-1",-2.9129478400023,-1.34055554433268,8354.7021484375,-7901.50244140625,"Epi_SecA","#E69F00"
"bjkmnkmp-1",-3.71914953639817,-0.594856436685737,8348.931640625,-7880.79833984375,"Epi_SecA","#E69F00"
"bjkmpkdo-1",-4.38839287212205,1.96286714510519,8343.55078125,-7865.474609375,"Mesenchymal","#F0E442"
"bjknbcpi-1",-4.18928617885423,-0.144070185110982,8353.1435546875,-7870.9306640625,"Epi_SecA","#E69F00"
"bjknfknk-1",-5.26824373653245,0.546877805753533,8347.1484375,-7764.263671875,"Epi_SecA","#E69F00"
"bjkniplc-1",-6.62488836696458,1.12459958033163,8346.2685546875,-7752.58203125,"Epi_SecA","#E69F00"
"bjknjfbn-1",-4.60727066448045,-1.19743036790293,8343.751953125,-7774.41552734375,"Epi_SecA","#E69F00"
"bjkofiko-1",-5.17446894100022,0.797873322530572,8354.1396484375,-7751.05224609375,"Epi_SecA","#E69F00"
"bjlcdljd-1",-4.4341139261992,-0.316586147383864,8190.6806640625,-7757.1357421875,"Epi_SecA","#E69F00"
"bjlcdmam-1",-4.58160204341722,-0.33755160434645,8195.2509765625,-7754.302734375,"Epi_SecA","#E69F00"
"bjlcgnhh-1",-4.75850195339036,-0.829318817094977,8231.630859375,-7775.79345703125,"Epi_SecA","#E69F00"
"bjlchhef-1",-6.95187086513353,0.895236258073632,8232.859375,-7791.2373046875,"Epi_SecA","#E69F00"
"bjlchhkf-1",-8.28518623760057,0.430905584855859,8235.6298828125,-7782.44189453125,"Epi_SecA","#E69F00"
"bjlcjhco-1",-2.2036086981566,-0.792781467870887,8197.48828125,-7767.07373046875,"Epi_SecA","#E69F00"
"bjlcjjef-1",-4.15149397304368,-1.37458931966227,8197.626953125,-7785.68408203125,"Epi_SecA","#E69F00"
"bjlcklml-1",-2.15773362567735,-2.4261323170225,8185.59130859375,-7785.42333984375,"Epi_SecB","#56B4E9"
"bjlcloch-1",-3.95628542354417,-1.37820946736735,8198.6025390625,-7774.6474609375,"Epi_SecA","#E69F00"
"bjlcoljf-1",-5.78950924327684,-1.24379252953928,8245.5595703125,-7771.31884765625,"Epi_SecA","#E69F00"
"bjlcpaie-1",-5.56409162929368,-1.36657464070719,8230.9853515625,-7756.8427734375,"Epi_SecA","#E69F00"
"bjlonfea-1",-3.83062977245164,1.34609747366506,8362.1650390625,-7922.5830078125,"Epi_SecA","#E69F00"
"bjlookdo-1",-5.04219145229173,0.675450388952081,8363.6982421875,-7936.25927734375,"Epi_SecA","#E69F00"
"bjlpabil-1",-6.78221077373338,1.42943549589712,8371.3955078125,-7941.12109375,"Epi_SecA","#E69F00"
"bjlpcnhl-1",-5.06394953182054,0.587328557534997,8358.974609375,-7929.681640625,"Epi_SecA","#E69F00"
"bjlpdhah-1",6.18079143116164,-4.9693976597349,8317.21484375,-7936.9658203125,"T cell","#1C91D4"
"bjlpkfag-1",-4.84137911250901,-0.0720551194111661,8363.9921875,-7953.44677734375,"Epi_SecA","#E69F00"
"bjlpmicp-1",-4.99766725948167,-0.854266043142493,8356.802734375,-7945.9345703125,"Epi_SecA","#E69F00"
"bjlpmlbo-1",-4.24010319164109,-0.222896735505279,8394.935546875,-7995.49267578125,"Epi_SecA","#E69F00"
"bjlpnogk-1",-4.90665049007249,0.140503172441308,8404.681640625,-8009.15576171875,"Epi_SecA","#E69F00"
"bjlpoiia-1",-5.21241421153855,-0.142576246843751,8398.66796875,-8002.32373046875,"Epi_SecA","#E69F00"
"bjmabaaf-1",-3.78417343547654,-0.729327376321967,8406.7216796875,-7936.11083984375,"Epi_SecA","#E69F00"
"bjmafkmn-1",-4.9812182848723,1.15033913092214,8397.873046875,-7950.5244140625,"Epi_SecA","#E69F00"
"bjmagelg-1",-2.68874759128404,1.12642801241476,8392.2275390625,-7943.2060546875,"Epi_SecA","#E69F00"
"bjmajoho-1",-3.71814102580857,0.592458967729394,8395.6962890625,-7963.291015625,"Epi_SecA","#E69F00"
"bjmakigk-1",4.9026027257173,-5.53442966504496,8363.11328125,-7969.90087890625,"Mesenchymal","#F0E442"
"bjmamafl-1",-4.45788855007005,0.537782256170098,8370.5234375,-7958.2646484375,"Epi_SecA","#E69F00"
"bjmamlhk-1",-4.6903337900908,0.352886114879434,8382.83203125,-7977.35888671875,"Epi_SecA","#E69F00"
"bjmaochc-1",-2.72741455486131,-0.18992117358845,8391.5185546875,-7972.42724609375,"Epi_SecA","#E69F00"
"bjmaokeo-1",-5.51204008510423,1.41388583616811,8386.6650390625,-7964.5185546875,"Epi_SecA","#E69F00"
"bjmbambd-1",4.65307527134108,-5.33616125150126,8382.3447265625,-7912.33740234375,"Mesenchymal","#F0E442"
"bjmbeppi-1",-3.22897285869432,-1.0790435628454,8390.599609375,-7923.65771484375,"Epi_SecA","#E69F00"
"bjmbfldi-1",4.84261422702956,-5.57351886792582,8383.947265625,-7919.81689453125,"T cell","#1C91D4"
"bjmbjgll-1",3.73800736019301,-5.36319696469706,8377.48828125,-7916.67626953125,"Epi_SecA","#E69F00"
"bjmbonen-1",-3.71619839122605,-2.21741592450541,8421.0703125,-8536.2734375,"Epi_SecA","#E69F00"
"bjmcaiog-1",-5.75277180126023,-0.729684646562751,8441.2177734375,-8507.3212890625,"Epi_SecA","#E69F00"
"bjmcdplh-1",-2.85318154743028,-0.437487806514914,8427.4765625,-8532.556640625,"Epi_SecB","#56B4E9"
"bjmcibgd-1",-4.23776287486863,-1.54733228249949,8428.8564453125,-8513.7783203125,"Epi_SecA","#E69F00"
"bjmciclo-1",-3.62824577739549,-2.30366599126261,8422.0078125,-8507.419921875,"Epi_SecA","#E69F00"
"bjmcikbl-1",-5.0041675036223,-0.789899404482062,8447.2109375,-8491.5595703125,"Epi_SecA","#E69F00"
"bjmcomai-1",2.5220388705461,2.66815674738485,8414.0029296875,-8741.46484375,"Epi_SecA","#E69F00"
"bjmcpnkp-1",4.17402868816542,3.57318485216696,8414.2548828125,-8748.83984375,"Epi_SecA","#E69F00"
"bjmdbahc-1",2.19470506260085,3.0825244231661,8406.84375,-8747.5068359375,"Epi_SecA","#E69F00"
"bjmdbbnn-1",-4.35251469066453,-3.14980780644816,8419.677734375,-8690.3603515625,"Epi_SecA","#E69F00"
"bjmdcoja-1",-7.33082050731492,1.6932399316271,8447.7822265625,-8707.2255859375,"Epi_SecA","#E69F00"
"bjmddmlh-1",-8.05754894664598,1.69690645174581,8447.0048828125,-8701.591796875,"Epi_SecA","#E69F00"
"bjmdfhli-1",-5.8488072817595,-2.30513631863993,8411.099609375,-8702.6572265625,"Epi_SecA","#E69F00"
"bjmdjaki-1",0.198728256913899,1.91312301592428,8362.220703125,-8742.3994140625,"Epi_SecA","#E69F00"
"bjmdlebb-1",1.24982120940375,2.72371018366415,8402.5361328125,-8741.7333984375,"Epi_SecA","#E69F00"
"bjmdpocl-1",-4.70577520778489,-3.2084969238798,8418.6103515625,-8711.806640625,"Epi_SecA","#E69F00"
"bjmebbja-1",-3.28052849223924,-3.23622953458231,8423.96875,-8633.7451171875,"Epi_SecB","#56B4E9"
"bjmedeck-1",-3.21112245967698,-3.84746872945231,8436.0439453125,-8661.9482421875,"Epi_SecB","#56B4E9"
"bjmedphb-1",-4.27914184978318,-3.49193584485453,8417.3818359375,-8642.2353515625,"Epi_SecB","#56B4E9"
"bjmeeiko-1",-4.5543040697844,-1.94618749185007,8391.3798828125,-8634.3857421875,"Epi_SecA","#E69F00"
"bjmegjdo-1",2.84249692508864,-2.53647100491923,8424.896484375,-8544.1943359375,"Macrophage","#CC79A7"
"bjmejmei-1",-6.58880609920335,-1.43544768853586,8434.5361328125,-8573.2001953125,"Epi_SecA","#E69F00"
"bjmejnoe-1",-4.16261000087571,-1.91673337979716,8421.23046875,-8552.123046875,"Epi_SecA","#E69F00"
"bjmekeen-1",-6.37066311290574,0.237295542522256,8419.97265625,-8219.427734375,"Epi_SecA","#E69F00"
"bjmelcep-1",-5.17805857112718,-2.70124637647074,8414.37890625,-8267.30078125,"Epi_SecA","#E69F00"
"bjmemkno-1",-3.29680437496019,-2.83062445683878,8405.134765625,-8261.96484375,"Epi_SecB","#56B4E9"
"bjmepind-1",-2.53843111446214,-2.67689048810404,8397.5947265625,-8254.3564453125,"Epi_SecB","#56B4E9"
"bjmffgbn-1",-6.63845056941819,1.07797909216482,8412.681640625,-8225.9423828125,"Epi_SecA","#E69F00"
"bjmfgffn-1",-5.12323564937425,0.224807683988397,8404.7607421875,-8223.2373046875,"Epi_SecA","#E69F00"
"bjmfkggf-1",-6.42490429332566,-1.05053758187693,8431.0107421875,-8276.318359375,"Epi_SecA","#E69F00"
"bjmfngkn-1",-3.90562385967088,-2.74681365056437,8450.6064453125,-8306.990234375,"Epi_SecA","#E69F00"
"bjmfpmlc-1",-3.25049347331834,-2.90080105824869,8427.826171875,-8289.1142578125,"Epi_SecB","#56B4E9"
"bjmgaofo-1",-5.75509256770921,0.329998110099618,8442.2734375,-8233.8701171875,"Epi_SecA","#E69F00"
"bjmgdfcp-1",-6.5684437220366,1.53995180563528,8420.3681640625,-8049.14990234375,"Epi_SecA","#E69F00"
"bjmgjhbp-1",-6.34360308101487,0.927137260003869,8426.044921875,-8040.900390625,"Epi_SecA","#E69F00"
"bjmglaio-1",-4.88720745494676,1.39063883261282,8425.7412109375,-8032.2294921875,"Epi_SecA","#E69F00"
"bjmgldnj-1",-0.493354148176433,3.2160271449526,8427.337890625,-8058.79052734375,"Epi_SecA","#E69F00"
"bjmgnkpm-1",-3.76140541484666,-0.595939751104529,8426.3876953125,-8013.08154296875,"Epi_SecA","#E69F00"
"bjmgnmee-1",-3.9954456751616,0.00811367915469843,8414.0888671875,-8008.12353515625,"Epi_SecA","#E69F00"
"bjmgnpmf-1",-4.82475275447679,0.0295079170306368,8402.2041015625,-8022.12744140625,"Epi_SecA","#E69F00"
"bjmgojjm-1",-3.81370682170701,0.57443869547445,8412.212890625,-8022.0634765625,"Epi_SecA","#E69F00"
"bjmhcmhl-1",-4.09346765926194,0.064960856600587,8412.353515625,-8013.35546875,"Epi_SecA","#E69F00"
"bjmhedbh-1",-6.44801802089524,-0.369536335901435,8388.4697265625,-8167.91845703125,"Epi_SecA","#E69F00"
"bjmhhbke-1",6.36090617725539,-3.78944718404215,8401.5546875,-8137.732421875,"T cell","#1C91D4"
"bjmhidam-1",-6.48213715007615,-0.0796686311672286,8388.5625,-8189.8896484375,"Epi_SecA","#E69F00"
"bjmhjedl-1",-5.35064787319017,0.339211080833261,8400.0703125,-8032.330078125,"Epi_SecA","#E69F00"
"bjmhmodl-1",-5.52110809734178,1.93592131571371,8412.380859375,-8044.41748046875,"Epi_SecA","#E69F00"
"bjmhophf-1",-6.24847454479051,0.948511485620324,8410.78125,-8036.2421875,"Epi_SecA","#E69F00"
"bjmiajek-1",5.15690856525588,-4.93252384229105,8425.9013671875,-7940.2578125,"Mesenchymal","#F0E442"
"bjmiappa-1",-4.26787704875779,-0.655044014887031,8427.3359375,-7953.79638671875,"Epi_SecA","#E69F00"
"bjmicjnn-1",-3.99557108333421,-1.52936577363413,8424.9404296875,-7949.34033203125,"Epi_SecA","#E69F00"
"bjmiclla-1",-4.39061588695359,-0.515488292411979,8418.0556640625,-7943.8203125,"Epi_SecA","#E69F00"
"bjmifkld-1",-4.14796251705003,-0.736573274568732,8415.806640625,-8002.0166015625,"Epi_SecA","#E69F00"
"bjmilplf-1",-4.13678736141038,0.518060271306817,8414.5615234375,-7994.916015625,"Epi_SecA","#E69F00"
"bjmjeppf-1",-4.11509985378099,-1.1307312206785,8428.828125,-7977.03369140625,"Epi_SecA","#E69F00"
"bjmjfcgp-1",-3.20643038204026,0.57461917833883,8421.6865234375,-7961.9111328125,"Epi_SecA","#E69F00"
"bjmjhgoe-1",-2.6517800753386,1.10447693304617,8433.640625,-7969.625,"Epi_SecA","#E69F00"
"bjmjjpna-1",-1.9114567702086,0.976072434945886,8433.431640625,-7963.125,"Epi_SecA","#E69F00"
"bjmjobli-1",-5.37405151775193,-0.546712125972922,8395.521484375,-7802.50048828125,"Epi_SecA","#E69F00"
"bjmjpooc-1",-4.69679874828172,0.545204643770043,8384.0146484375,-7830.47021484375,"Epi_SecA","#E69F00"
"bjmkckpj-1",-4.10939592769456,0.0656290544708415,8391.8994140625,-7827.63623046875,"Epi_SecA","#E69F00"
"bjmkcoil-1",-6.70618099620652,1.27587211565572,8392.4375,-7814.2783203125,"Epi_SecA","#E69F00"
"bjmkehpf-1",-4.42572588374925,-0.356240327791388,8357.7431640625,-7849.25390625,"Epi_SecA","#E69F00"
"bjmkhdhp-1",-1.91710323741746,0.0290845750411196,8355.015625,-7886.51025390625,"Epi_SecA","#E69F00"
"bjmkihfe-1",0.574793600532292,-2.36288773579996,8361.4384765625,-7868.01171875,"Epi_SecA","#E69F00"
"bjmkjkdk-1",-4.92612261226487,-0.0762472984800891,8355.7919921875,-7861.455078125,"Epi_SecA","#E69F00"
"bjmkoong-1",-4.60312933376145,0.569112245603387,8349.1357421875,-7852.38330078125,"Epi_SecA","#E69F00"
"bjmlfpfe-1",-2.85446638515306,-1.4411549524824,8391.169921875,-7836.853515625,"Epi_SecA","#E69F00"
"bjmlnfii-1",4.68361931392836,-5.61534797711771,8405.6396484375,-7879.4140625,"Mesenchymal","#F0E442"
"bjmlnmmd-1",-5.66295761516404,1.11410904364187,8396.4541015625,-7874.82275390625,"Epi_SecA","#E69F00"
"bjmmfdof-1",-5.29324573924852,0.703442995115106,8403.6875,-7805.95361328125,"Epi_SecA","#E69F00"
"bjmmjgbj-1",-4.84921497752977,0.265784595771615,8418.8544921875,-7819.6796875,"Epi_SecA","#E69F00"
"bjmmjnak-1",-5.09586901119065,-0.360416348413642,8411.4111328125,-7811.3125,"Epi_SecA","#E69F00"
"bjmmnajl-1",-4.93120092799974,-0.427995409206565,8404.8837890625,-7823.9853515625,"Epi_SecA","#E69F00"
"bjmmngcn-1",-5.35971731593919,0.0349157495935603,8400.4072265625,-7833.9677734375,"Epi_SecA","#E69F00"
"bjmmoiij-1",-5.95306772640062,3.18143260912496,8417.6435546875,-7868.82470703125,"Epi_SecA","#E69F00"
"bjmncfpl-1",-8.10520595958543,2.57171309427816,8433.310546875,-7872.224609375,"Epi_SecA","#E69F00"
"bjmnefmk-1",-9.06249470165086,1.64726639227468,8424.404296875,-7877.06982421875,"Epi_SecA","#E69F00"
"bjmniapn-1",-3.17168278148484,0.149231572314088,8417.2568359375,-7829.81982421875,"Epi_SecA","#E69F00"
"bjmnknka-1",-8.51867718150926,0.950000290437524,8435.1416015625,-7860.0654296875,"Epi_SecA","#E69F00"
"bjmohpbl-1",-8.94608539989305,2.18261611895162,8426.509765625,-7865.62939453125,"Epi_SecA","#E69F00"
"bjmokakb-1",-8.22462219646287,1.75059497789938,8429.09375,-7816.53564453125,"Epi_SecA","#E69F00"
"bjmomiba-1",-8.38364452770066,1.00996685461599,8420.6728515625,-7854.78466796875,"Epi_SecA","#E69F00"
"bjnaefoa-1",-3.64487499645066,1.51255703405935,8414.15234375,-7759.9912109375,"Epi_SecA","#E69F00"
"bjnafmol-1",-4.50486845424485,1.10863745646078,8426.5517578125,-7783.15234375,"Epi_SecA","#E69F00"
"bjnaieho-1",-4.6159839098723,-0.16703673018616,8419.0400390625,-7779.19287109375,"Epi_SecA","#E69F00"
"bjnaocmb-1",-4.56227011134935,-0.118441346422847,8420.3779296875,-7769.0849609375,"Epi_SecA","#E69F00"
"bjnaokfc-1",-2.6416129534514,1.27205086187917,8421.5830078125,-7752.2216796875,"Epi_SecA","#E69F00"
"bjnbdobo-1",-4.31861109187913,-0.6208047823469,8427.6494140625,-7757.7666015625,"Epi_SecA","#E69F00"
"bjnbekbp-1",-3.4837645952971,0.583748821779077,8403.240234375,-7774.154296875,"Epi_SecA","#E69F00"
"bjnbelai-1",-2.7990710203917,-0.0605533899227933,8393.826171875,-7778.79345703125,"Epi_SecA","#E69F00"
"bjnbhemm-1",-4.84357971599412,-0.633189197019752,8409.0224609375,-7781.9462890625,"Epi_SecA","#E69F00"
"bjnbpkkp-1",-3.65871376445604,0.47504026131231,8401.1533203125,-7762.5654296875,"Epi_SecA","#E69F00"
"bjncbbog-1",-4.4043983881743,-0.976849074796851,8396.6318359375,-7770.5107421875,"Epi_SecA","#E69F00"
"bjncbkcf-1",-4.03967422893357,-0.74088489575785,8408.0205078125,-7765.96044921875,"Epi_SecA","#E69F00"
"bjnckjnc-1",-4.37472624233079,-0.503184224800284,8354.6611328125,-7758.5078125,"Epi_SecA","#E69F00"
"bjncnded-1",-4.95679516246629,0.513822321458642,8351.736328125,-7785.66796875,"Epi_SecA","#E69F00"
"bjncnhha-1",-4.281546539572,0.251906667514627,8354.2607421875,-7773.3388671875,"Epi_SecA","#E69F00"
"bjncofeh-1",-5.14577288081956,1.90410650209982,8348.6865234375,-7782.00341796875,"Epi_SecA","#E69F00"
"bjndamao-1",-4.55314773967576,0.508842591806237,8357.7626953125,-7765.216796875,"Epi_SecA","#E69F00"
"bjndhcpb-1",-4.8077973788054,-0.552523936466392,8383.873046875,-7766.1279296875,"Epi_SecA","#E69F00"
"bjndiaff-1",-3.92567152431321,0.124591652913873,8389.470703125,-7773.30517578125,"Epi_SecA","#E69F00"
"bjndigod-1",-4.91797394206834,-0.564609106020148,8378.1005859375,-7762.7978515625,"Epi_SecA","#E69F00"
"bjndlijo-1",-4.24378151347947,-1.08518284125727,8379.7421875,-7754.873046875,"Epi_SecA","#E69F00"
"bjnechfd-1",-3.37089151790452,0.36161646680433,8360.28125,-7779.1630859375,"Epi_SecA","#E69F00"
"bjneiohe-1",-4.90847105434251,-0.579752440885718,8369.8662109375,-7770.98095703125,"Epi_SecA","#E69F00"
"bjnejdel-1",-4.79979509761644,-0.962614949182685,8375.8642578125,-7778.30712890625,"Epi_SecA","#E69F00"
"bjnepccj-1",-4.46837753703904,-0.502288903431113,8365.314453125,-7766.22119140625,"Epi_SecA","#E69F00"
"blkhdfag-1",-5.10351604869676,-0.524824793771918,8497.4638671875,-8077.88720703125,"Epi_SecA","#E69F00"
"blkhfakn-1",-6.58183664729905,1.44444394545156,8485.857421875,-8097.486328125,"Epi_SecA","#E69F00"
"blkhgcfo-1",-6.31530708720994,1.27495432333547,8490.673828125,-8092.046875,"Epi_SecA","#E69F00"
"blkhjeca-1",-6.60445684840989,1.31956243948538,8497.3740234375,-8087.12255859375,"Epi_SecA","#E69F00"
"blkibcfe-1",-5.57560772350145,0.0433104379614039,8487.435546875,-8080.5478515625,"Epi_SecA","#E69F00"
"blkicnpm-1",-7.48265976360154,1.59200764135915,8446.04296875,-8251.333984375,"Epi_SecA","#E69F00"
"blkideej-1",-5.21935505321336,-1.81346284909647,8444.4384765625,-8302.5625,"Epi_SecB","#56B4E9"
"blkiffhh-1",-5.10015100887132,-2.02395951314371,8440.421875,-8296.1259765625,"Epi_SecA","#E69F00"
"blkimkbl-1",-4.28762478282762,-2.12848817868632,8440.50390625,-8286.4609375,"Epi_SecA","#E69F00"
"blkjdgfn-1",8.58784013340163,-5.39036905332011,8456.876953125,-8283.7353515625,"Plasma cell","#005685"
"blkjenlh-1",-7.29785198619676,2.05900609926779,8448.671875,-8258.541015625,"Epi_SecA","#E69F00"
"blkjgmgj-1",-5.46551365306687,-0.0929052708682915,8492.30859375,-8108.8017578125,"Epi_SecA","#E69F00"
"blkjihcn-1",-4.63466114452195,3.14490592913229,8484.5283203125,-8104.5625,"Epi_SecA","#E69F00"
"blkjohae-1",-4.87516445567918,-0.893257673219855,8501.6728515625,-8108.9912109375,"Epi_SecA","#E69F00"
"blkjpigf-1",5.65596728870559,-5.25055515332621,8464.0947265625,-8251.0224609375,"T cell","#1C91D4"
"blkkbpii-1",6.19326692173171,-4.43504774136942,8474.6171875,-8290.759765625,"Mesenchymal","#F0E442"
"blkkeapn-1",-6.0457238619597,0.378185991807763,8476.1455078125,-8102.86279296875,"Epi_SecA","#E69F00"
"blkkemak-1",5.53810554096389,-5.3135024265806,8471.90234375,-8266.73828125,"T cell","#1C91D4"
"blkkocdg-1",8.38197618076491,-5.10470258756083,8469.7470703125,-8256.7744140625,"Plasma cell","#005685"
"blkkpbep-1",-7.72178024699998,-0.341382022337134,8481.0517578125,-8562.98046875,"Epi_SecA","#E69F00"
"blkkpmab-1",-5.17391533305955,-1.95125340981882,8468.3447265625,-8625.4765625,"Epi_SecA","#E69F00"
"blkkpmih-1",-6.30056137492967,-1.61294912858408,8479.630859375,-8609.248046875,"Epi_SecA","#E69F00"
"blkldakh-1",-6.28635782649827,-1.45217060609263,8485.1015625,-8583.943359375,"Epi_SecA","#E69F00"
"blkldmkd-1",-8.0245851938994,0.449488405748193,8476.390625,-8576.189453125,"Epi_SecA","#E69F00"
"blkleeib-1",-7.76935810497117,0.724602942033593,8489.34375,-8570.76171875,"Epi_SecA","#E69F00"
"blklefmo-1",-8.25080246379686,0.907451514764611,8509.1875,-8665.8466796875,"Epi_SecA","#E69F00"
"blklikgp-1",-7.25348705699754,2.95742309526998,8512.7470703125,-8677.6162109375,"Epi_SecA","#E69F00"
"blklingk-1",-8.21108669689012,2.51928842501241,8506.857421875,-8673.2138671875,"Epi_SecA","#E69F00"
"blkljgbm-1",-7.71695846965623,1.02395594553549,8492.4140625,-8677.44140625,"Epi_SecA","#E69F00"
"blkmcclk-1",-3.8930139010222,3.2982009692629,8469.33984375,-8678.0791015625,"Epi_SecA","#E69F00"
"blkmgnlh-1",-8.64313263347459,1.54176557497579,8478.8173828125,-8674.158203125,"Epi_SecA","#E69F00"
"blkmhfmi-1",-5.76041311672044,-2.09105789227885,8462.1376953125,-8673.4921875,"Epi_SecA","#E69F00"
"blkmklbb-1",-8.54753059795213,1.75549722151357,8488.505859375,-8668.2080078125,"Epi_SecA","#E69F00"
"blkmliki-1",-4.76706022670579,0.551511172815148,8457.8017578125,-8667.40625,"Epi_SecA","#E69F00"
"blknbenb-1",-8.36638111522508,1.38182759718496,8506.3857421875,-8643.7919921875,"Epi_SecA","#E69F00"
"blkneaba-1",-7.67717594554734,2.42162383036215,8515.0849609375,-8658.4296875,"Epi_SecA","#E69F00"
"blknhjgl-1",-8.47723144939256,1.59934437708456,8500.9052734375,-8659.3017578125,"Epi_SecA","#E69F00"
"blknjhie-1",-7.53346485545945,2.52049196199972,8499.84375,-8648.4892578125,"Epi_SecA","#E69F00"
"blknjmmm-1",-7.21874947002244,0.382844184203927,8525.0439453125,-8603.8583984375,"Epi_SecA","#E69F00"
"blknlbmh-1",-7.89347500255418,-0.186725962297137,8521.5,-8617.8232421875,"Epi_SecA","#E69F00"
"blkoafek-1",-6.83933443477464,-0.335479359463866,8515.533203125,-8602.3681640625,"Epi_SecA","#E69F00"
"blkoaonm-1",-4.41111607005906,-3.61537968678873,8504.259765625,-8602.8310546875,"Epi_SecA","#E69F00"
"blkocogp-1",-5.30249161174607,-2.64819800420206,8517.7763671875,-8574.73046875,"Epi_SecB","#56B4E9"
"blkodebb-1",-6.09742826869798,-1.93296205563944,8514.59765625,-8584.0048828125,"Epi_SecA","#E69F00"
"blkogbjk-1",-5.03219170024705,-2.20914589925211,8508.2763671875,-8576.5830078125,"Epi_SecB","#56B4E9"
"blkoigen-1",-7.24457497051072,1.00966811613638,8485.4912109375,-8500.9951171875,"Epi_SecA","#E69F00"
"blkpafdh-1",-7.91013092449021,0.964281801744287,8481.2626953125,-8527.5380859375,"Epi_SecA","#E69F00"
"blkpckph-1",-7.55095810344529,1.02081716494161,8486.7705078125,-8513.5732421875,"Epi_SecA","#E69F00"
"blkpddki-1",-7.36399502208543,0.136365671320741,8495.474609375,-8532.4443359375,"Epi_SecA","#E69F00"
"blkpekem-1",4.24602346965957,-5.52934276624125,8505.6923828125,-8540.0908203125,"Mesenchymal","#F0E442"
"blkphaea-1",-8.07119984081102,0.312457059188668,8511.2060546875,-8527.9501953125,"Epi_SecA","#E69F00"
"blkphncd-1",4.3806312615602,-5.50782072110575,8492.2431640625,-8542.513671875,"T cell","#1C91D4"
"blkpimnp-1",-7.4019569819243,1.3544913573702,8498.2109375,-8502.728515625,"Epi_SecA","#E69F00"
"blkpjdpa-1",-7.83076519420457,-0.185972418026145,8496.76171875,-8517.7158203125,"Epi_SecA","#E69F00"
"blkpkgbp-1",-7.732314533499,1.39012957052786,8511.0244140625,-8512.4560546875,"Epi_SecA","#E69F00"
"blkplgih-1",5.29222207615065,-4.79927360577982,8510.2919921875,-8356.5224609375,"T cell","#1C91D4"
"blkpmjad-1",-7.03682846477342,-0.143289751694615,8501.7890625,-8391.65625,"Epi_SecA","#E69F00"
"bllaaaid-1",-4.86962837627244,-1.78280829949778,8502.892578125,-8375.69140625,"Epi_SecA","#E69F00"
"bllabfkc-1",-4.07113260677171,-1.88623153729838,8516.3857421875,-8372.6201171875,"Epi_SecA","#E69F00"
"bllandcp-1",-5.70437426021409,-0.378003980354484,8510.0908203125,-8371.3642578125,"Epi_SecA","#E69F00"
"bllapfmf-1",-4.44863218715501,3.09889162020284,8485.09375,-8491.2607421875,"Epi_SecA","#E69F00"
"bllbgiic-1",-6.76061815669847,-0.773669953779395,8466.1005859375,-8504.25,"Epi_SecA","#E69F00"
"bllbkeph-1",-5.48185724666429,-2.11646306081217,8467.3935546875,-8517.8671875,"Epi_SecA","#E69F00"
"bllboink-1",-5.65419907024217,-2.10075366063517,8461.7548828125,-8524.275390625,"Epi_SecA","#E69F00"
"bllbplid-1",-5.16427368572068,-1.57014655633372,8475.400390625,-8507.3916015625,"Epi_SecA","#E69F00"
"bllcalfj-1",-5.42758984020066,-0.636105771497901,8474.3701171875,-8497.42578125,"Epi_SecA","#E69F00"
"bllcepjf-1",-6.547415680197,-0.255941267446692,8469.640625,-8491.9208984375,"Epi_SecA","#E69F00"
"bllcfhjm-1",-4.97047514369798,-1.24836301370066,8479.19140625,-8372.5712890625,"Epi_SecA","#E69F00"
"bllciibe-1",-5.31247276714158,-1.37247192426127,8485.7607421875,-8374.5966796875,"Epi_SecA","#E69F00"
"bllclbpi-1",-6.38719362666917,-2.14096438451212,8473.1357421875,-8369.0537109375,"Epi_SecA","#E69F00"
"bllcljpd-1",-3.87980074336839,-2.74856960339945,8459.5869140625,-8310.671875,"Epi_SecA","#E69F00"
"bllcobil-1",-6.05595440318895,-0.0821179955686287,8467.1328125,-8326.8330078125,"Epi_SecA","#E69F00"
"blldchbn-1",4.97079043934035,-4.94627153439921,8487.66015625,-8324.0166015625,"T cell","#1C91D4"
"blldclho-1",3.31469469616103,-5.20252954526346,8467.5205078125,-8318.734375,"Mesenchymal","#F0E442"
"blldedmf-1",-3.65466112544847,3.00057089762289,8472.1240234375,-8330.572265625,"Epi_SecA","#E69F00"
"blldfnkn-1",-6.09304756572557,-0.357106681303199,8477.5419921875,-8338.626953125,"Epi_SecA","#E69F00"
"blldiodb-1",-5.62577242305589,-0.851277704672034,8467.224609375,-8336.884765625,"Epi_SecA","#E69F00"
"blldncee-1",-5.4331201975615,-4.11443340344828,8455.3603515625,-8360.0810546875,"Epi_SecA","#E69F00"
"blldnden-1",-6.59235424449754,0.254300479455773,8491.228515625,-8360.841796875,"Epi_SecA","#E69F00"
"blldnekf-1",-6.9589900439055,0.461663012071435,8467.2607421875,-8356.392578125,"Epi_SecA","#E69F00"
"blldopjc-1",-6.06129211833787,0.0762541188438578,8460.4208984375,-8354.05078125,"Epi_SecA","#E69F00"
"bllecenc-1",-5.77320188930345,-1.74305367036265,8523.595703125,-8549.9111328125,"Epi_SecB","#56B4E9"
"bllecpdn-1",-7.96666092326951,0.8269491239031,8548.4033203125,-8571.3671875,"Epi_SecA","#E69F00"
"blledbig-1",-7.4832033579619,1.93559873537618,8548.177734375,-8562.0439453125,"Epi_SecA","#E69F00"
"blledjjc-1",-5.36248297145677,2.80232227282125,8531.876953125,-8524.0703125,"Epi_SecA","#E69F00"
"blleekbi-1",-7.58543533733201,-0.11048235310715,8540.03125,-8554.3740234375,"Epi_SecA","#E69F00"
"blleiccj-1",-6.80567163875413,0.761253361268823,8526.6220703125,-8527.33203125,"Epi_SecA","#E69F00"
"bllemmed-1",-8.31701225688768,1.10411251024801,8550.638671875,-8590.3564453125,"Epi_SecA","#E69F00"
"blleoppo-1",-7.99265617778611,1.42064369158346,8562.5,-8584.810546875,"Epi_SecA","#E69F00"
"bllfbcaa-1",-6.94923967769456,1.36296678022939,8551.0341796875,-8579.8671875,"Epi_SecA","#E69F00"
"bllfeiab-1",-8.78767342021775,1.26344883875448,8539.3662109375,-8600.1640625,"Epi_SecA","#E69F00"
"bllffdmn-1",-8.05930084636521,0.832167748971765,8547.9580078125,-8607.4326171875,"Epi_SecA","#E69F00"
"bllfffmj-1",-7.71269077709031,1.515835289522,8561.3935546875,-8602.826171875,"Epi_SecA","#E69F00"
"bllgghoj-1",-8.01770348003221,1.04382300810415,8529.9482421875,-8619.2548828125,"Epi_SecA","#E69F00"
"bllghhpd-1",-8.407119220999,2.40862405733663,8527.4619140625,-8638.39453125,"Epi_SecA","#E69F00"
"bllghmga-1",-8.02997536113572,1.41924584345419,8538.0126953125,-8615.5517578125,"Epi_SecA","#E69F00"
"bllgiagb-1",-8.12471050670457,1.4451211734255,8550.2421875,-8638.07421875,"Epi_SecA","#E69F00"
"bllgjbjk-1",-7.62477535655809,1.737239961191,8552.443359375,-8655.62109375,"Epi_SecA","#E69F00"
"bllgjplh-1",-7.63920254161668,1.41773033575613,8550.28125,-8649.5771484375,"Epi_SecA","#E69F00"
"bllgkcfi-1",-7.44964165141893,2.56270611719686,8556.873046875,-8645.1064453125,"Epi_SecA","#E69F00"
"bllgljmc-1",-8.47523350169969,1.44711626009542,8537.1337890625,-8642.8193359375,"Epi_SecA","#E69F00"
"bllgmfla-1",-7.49428219249559,2.37878668741781,8556.0244140625,-8637.3466796875,"Epi_SecA","#E69F00"
"bllgpcim-1",-8.40241569927049,0.690449778600518,8549.6416015625,-8614.9033203125,"Epi_SecA","#E69F00"
"bllhahmf-1",-7.14761633327317,2.63423788981039,8562.0390625,-8632.8515625,"Epi_SecA","#E69F00"
"bllhdbbj-1",-7.94186157634568,2.18596804575521,8557.115234375,-8628.146484375,"Epi_SecA","#E69F00"
"bllhdljn-1",-8.2740272944243,1.71298993067342,8558.56640625,-8618.572265625,"Epi_SecA","#E69F00"
"blljhnbe-1",-3.15080446651292,-2.87965452237528,8598.494140625,-8307.37890625,"Epi_SecB","#56B4E9"
"blljlkha-1",-5.08722967555833,-1.18046831651133,8588.6474609375,-8334.8994140625,"Epi_SecA","#E69F00"
"blljmken-1",-4.61641067912889,-1.36525940461558,8591.90234375,-8328.2060546875,"Epi_SecA","#E69F00"
"blljnjif-1",-4.26142925670457,-2.09424387975138,8593.03515625,-8320.173828125,"Epi_SecA","#E69F00"
"blljofmf-1",-4.54866785457444,-1.10688268704813,8588.0146484375,-8313.130859375,"Epi_SecA","#E69F00"
"bllkaiif-1",-4.00816339900804,-1.90686749978464,8557.22265625,-8365.1279296875,"Epi_SecA","#E69F00"
"bllkbfai-1",3.49290924617934,-5.27326643033427,8560.0068359375,-8358.552734375,"Epi_SecA","#E69F00"
"bllkcmef-1",-5.20455593517137,-1.18550276322764,8576.658203125,-8311.3671875,"Epi_SecA","#E69F00"
"bllkcnmg-1",3.89415746280837,-2.71126901669901,8573.146484375,-8336.560546875,"Macrophage","#CC79A7"
"bllkcpfh-1",5.59938865253615,-4.87743007703226,8569.73828125,-8327.85546875,"T cell","#1C91D4"
"bllkimjn-1",8.24721437046218,-5.34916889233988,8577.45703125,-8326.328125,"Plasma cell","#005685"
"bllkjobk-1",6.13347678730178,-4.96492206616801,8549.869140625,-8308.990234375,"T cell","#1C91D4"
"blllaofe-1",-5.42572922160936,-0.948451514677222,8588.75390625,-8361.728515625,"Epi_SecA","#E69F00"
"blllbcnf-1",-6.09076971462083,-0.0765167096118287,8574.146484375,-8387.3076171875,"Epi_SecA","#E69F00"
"blllbkdl-1",-4.97828573634935,-1.54185032411021,8562.6318359375,-8371.3193359375,"Epi_SecA","#E69F00"
"blllcond-1",-6.22237533977342,-0.314316342906173,8574.91796875,-8371.556640625,"Epi_SecA","#E69F00"
"blllddim-1",4.1070864731996,-5.39496767087382,8556.392578125,-8399.9677734375,"Mesenchymal","#F0E442"
"blllefkk-1",-4.97851700237107,-3.30036842389506,8554.7392578125,-8425.306640625,"Epi_SecA","#E69F00"
"blllfnjm-1",-4.89252705028367,-1.60731124444407,8566.8232421875,-8415.865234375,"Epi_SecA","#E69F00"
"blllfojd-1",-3.69824881007981,-2.84816276593607,8555.041015625,-8411.02734375,"Epi_SecB","#56B4E9"
"blllklim-1",-2.73505014827562,-2.98398959203165,8563.3984375,-8404.9345703125,"Epi_SecB","#56B4E9"
"blllmdpm-1",-6.44288200786424,-0.0116026954213933,8576.904296875,-8396.5380859375,"Epi_SecA","#E69F00"
"bllmanoc-1",-7.88924164226365,1.47761261896688,8589.3564453125,-8398.4794921875,"Epi_SecA","#E69F00"
"bllmbfng-1",-5.07996649196458,-1.66755258603495,8576.4609375,-8413.818359375,"Epi_SecA","#E69F00"
"bllmjjdh-1",-4.14750093868089,0.344845895334069,8529.70703125,-8379.994140625,"Epi_SecA","#E69F00"
"bllmpbpo-1",-4.90199369838548,-1.33128177686137,8550.2978515625,-8368.0166015625,"Epi_SecA","#E69F00"
"bllnhhhp-1",0.175622754785298,-2.63830911679667,8543.798828125,-8367.0537109375,"Epi_SecA","#E69F00"
"blmaeijg-1",-4.89718002727342,-1.53388297124308,8597.0830078125,-8223.3671875,"Epi_SecA","#E69F00"
"blmafeja-1",-4.55916113307786,-1.33896588845652,8592.4912109375,-8228.0849609375,"Epi_SecA","#E69F00"
"blmaipph-1",-4.74388546397996,-1.56627881093424,8598.2763671875,-8248.33203125,"Epi_SecA","#E69F00"
"blmanmei-1",-3.77072519710374,-1.34528767629069,8599.1279296875,-8231.2421875,"Epi_SecA","#E69F00"
"blmapfmm-1",-5.09000868251634,-1.46755086942118,8596.1796875,-8238.953125,"Epi_SecA","#E69F00"
"blmfpmei-1",5.09602552005935,-4.72078477902811,8557.1396484375,-8245.009765625,"T cell","#1C91D4"
"blmgepfj-1",5.73856072971511,-4.55844842954081,8547.998046875,-8258.9365234375,"T cell","#1C91D4"
"blmgkgof-1",-4.38543743541551,-1.94471358819407,8572.1484375,-8255.44140625,"Epi_SecA","#E69F00"
"blmgkjkf-1",4.61886363575148,-3.25017010732096,8549.69140625,-8250.921875,"Macrophage","#CC79A7"
"blmgmlad-1",-1.9831108515532,-3.38014328046244,8576.130859375,-8278.970703125,"Epi_SecB","#56B4E9"
"blmgmlbm-1",-5.39820331981492,-2.48160111470621,8582.923828125,-8291.138671875,"Epi_SecA","#E69F00"
"blmgoehp-1",6.40190082142043,-4.00962125821512,8542.63671875,-8282.373046875,"Plasma cell","#005685"
"blmhbcaf-1",-4.19456762721849,-2.33504259152811,8581.845703125,-8278.83984375,"Epi_SecA","#E69F00"
"blmhdleg-1",-3.87905353954148,-1.61818837685984,8592.7958984375,-8257.5302734375,"Epi_SecA","#E69F00"
"blmhfcil-1",-3.69245285442186,-2.30514132543009,8590.3720703125,-8275.318359375,"Epi_SecA","#E69F00"
"blmhgadp-1",-4.1657862131865,-2.15300190015238,8599.9287109375,-8271.2939453125,"Epi_SecA","#E69F00"
"blmhojba-1",-4.22885364940477,-2.12967574162882,8599.19921875,-8255.177734375,"Epi_SecA","#E69F00"
"blmieebj-1",-4.73717064311814,-0.844090517000373,8437.4267578125,-7976.64990234375,"Epi_SecA","#E69F00"
"blmifpcp-1",-4.22302526882005,-0.57858567996424,8444.490234375,-7994.29345703125,"Epi_SecA","#E69F00"
"blmiglnb-1",-4.23494524410081,-0.233977358178313,8455.55859375,-7988.37841796875,"Epi_SecA","#E69F00"
"blmimjma-1",-4.34514660289598,-1.09294694228571,8440.8017578125,-7984.03857421875,"Epi_SecA","#E69F00"
"blmiobpi-1",-4.69638151576829,-0.488912041620429,8449.158203125,-7984.7333984375,"Epi_SecA","#E69F00"
"blmjilcd-1",-6.03398270061326,-0.00324764414232534,8457.3935546875,-8052.3056640625,"Epi_SecA","#E69F00"
"blmjlidm-1",-4.83424610545945,0.00546294884282786,8455.654296875,-8069.72900390625,"Epi_SecA","#E69F00"
"blmjpcal-1",-3.80409950664354,-0.493572797016318,8463.0712890625,-8060.69873046875,"Epi_SecA","#E69F00"
"blmkanah-1",-5.44925207546067,-0.52431493564051,8459.6591796875,-8064.8701171875,"Epi_SecA","#E69F00"
"blmkcjlb-1",-5.49888605525804,-0.109471223638471,8448.009765625,-8062.22705078125,"Epi_SecA","#E69F00"
"blmkgcgf-1",-5.26816505840135,-0.830982561544593,8448.4248046875,-8051.9697265625,"Epi_SecA","#E69F00"
"blmkjnam-1",-5.23872894695115,0.619085316224877,8437.7705078125,-8053.76611328125,"Epi_SecA","#E69F00"
"blmkncph-1",-4.93061537196946,1.48874509768087,8441.93359375,-8046.95849609375,"Epi_SecA","#E69F00"
"blmknmpc-1",-5.04811996867967,0.905892316861932,8438.3564453125,-8061.2158203125,"Epi_SecA","#E69F00"
"blmkojgl-1",-4.26136774471116,2.03436792330343,8448.884765625,-8031.771484375,"Epi_SecA","#E69F00"
"blmlacec-1",-6.06720346858812,0.313070897622888,8460.1826171875,-8024.77197265625,"Epi_SecA","#E69F00"
"blmlagob-1",-5.70509476116014,2.30825198130209,8453.626953125,-8034.92333984375,"Epi_SecA","#E69F00"
"blmlapcf-1",-3.37356991222215,0.211019460721795,8447.8994140625,-8021.294921875,"Epi_SecA","#E69F00"
"blmlchmc-1",-3.76943725993943,0.15031050579149,8456.576171875,-7997.03271484375,"Epi_SecA","#E69F00"
"blmldclk-1",-4.80399984767747,-0.453572656349357,8450.4521484375,-8011.7705078125,"Epi_SecA","#E69F00"
"blmleapd-1",-4.52803654125047,-0.969991918043311,8459.0615234375,-8005.83740234375,"Epi_SecA","#E69F00"
"blmlknnb-1",-4.59745926311326,0.619705502553765,8450.5,-8000.09375,"Epi_SecA","#E69F00"
"blmlogpf-1",-4.964887089041,-0.445399071411307,8439.724609375,-8024.43505859375,"Epi_SecA","#E69F00"
"blmmapak-1",-4.8864278261931,0.329761837287728,8439.0048828125,-8041.69677734375,"Epi_SecA","#E69F00"
"blmmbenk-1",-4.99187035014939,1.32188499407369,8435.34765625,-8032.0517578125,"Epi_SecA","#E69F00"
"blmmbkcb-1",-4.71205706050706,1.07474947409231,8439.912109375,-8033.2265625,"Epi_SecA","#E69F00"
"blmmfkhd-1",-5.83123106410813,1.52387404875356,8464.6455078125,-8038.30908203125,"Epi_SecA","#E69F00"
"blmmflon-1",-4.9081768458159,-0.863144333795722,8469.5673828125,-8061.087890625,"Epi_SecA","#E69F00"
"blmmhbpj-1",-4.33862108638597,-0.109418220208104,8473.015625,-8066.68701171875,"Epi_SecA","#E69F00"
"blmmlpof-1",-4.68909592082811,-0.320198874310668,8461.974609375,-8033.4765625,"Epi_SecA","#E69F00"
"blmmobkk-1",-5.68884510448289,0.269075696035211,8465.7001953125,-8052.9033203125,"Epi_SecA","#E69F00"
"blmmpejo-1",-6.40067047527146,1.32566094832021,8485.2685546875,-8054.27001953125,"Epi_SecA","#E69F00"
"blmncbcn-1",-4.97879976680589,-0.65368675752085,8497.9013671875,-8065.91064453125,"Epi_SecA","#E69F00"
"blmncocm-1",-5.5456075136931,0.126201842590158,8488.19140625,-8061.78466796875,"Epi_SecA","#E69F00"
"blmndlcl-1",-5.18215603282762,0.658850078149621,8479.1748046875,-8063.58251953125,"Epi_SecA","#E69F00"
"blmnpnij-1",-4.06800074031663,0.32202661470968,8476.46484375,-8054.56298828125,"Epi_SecA","#E69F00"
"blmogeel-1",-6.49520296504808,1.1163960738619,8484.99609375,-8045.04541015625,"Epi_SecA","#E69F00"
"blmohcil-1",-4.32003492763353,0.394663874669854,8473.98828125,-8049.7939453125,"Epi_SecA","#E69F00"
"blmohonf-1",-3.9474720423491,1.32284021811086,8494.4091796875,-8049.529296875,"Epi_SecA","#E69F00"
"blmoihmp-1",-4.85729689052415,-0.739769752458747,8480.591796875,-8000.34619140625,"Epi_SecA","#E69F00"
"blmojjjf-1",-6.29808468272996,-0.0840313316742734,8467.9462890625,-8014.2939453125,"Epi_SecA","#E69F00"
"blmomjcd-1",-6.63268942287278,1.2276078505953,8472.71484375,-7987.75,"Epi_SecA","#E69F00"
"blmoomna-1",-4.70808357646775,-1.82087945504587,8477.0283203125,-8009.181640625,"Epi_SecA","#E69F00"
"blmopmec-1",-4.82995838573289,-0.57237195535105,8473.802734375,-7993.22021484375,"Epi_SecA","#E69F00"
"blmopodc-1",-4.72930139949632,-0.596532578901465,8494.265625,-8023.0595703125,"Epi_SecA","#E69F00"
"blmpedbl-1",-4.81913322856736,-0.89129137559336,8495.185546875,-8036.01904296875,"Epi_SecA","#E69F00"
"blmpende-1",-4.94731468608689,-0.481807585195716,8489.9921875,-8036.58837890625,"Epi_SecA","#E69F00"
"blmpfcee-1",-5.27357763698411,-0.904790993169959,8495.1201171875,-8029.8955078125,"Epi_SecA","#E69F00"
"blmpflpg-1",4.28042727062392,-5.47175037427347,8498.6689453125,-7996.74951171875,"Mesenchymal","#F0E442"
"blmpgpjo-1",-4.83157820155931,-1.056425805525,8493.5927734375,-8014.4677734375,"Epi_SecA","#E69F00"
"blmpipdc-1",-5.45096916606736,-0.932495172456916,8491.8916015625,-8004.61376953125,"Epi_SecA","#E69F00"
"blnahpah-1",-5.36742729595018,-1.36884629292887,8576.1064453125,-8139.48046875,"Epi_SecA","#E69F00"
"blnaighk-1",-4.83748573711229,-1.0729001121084,8576.2109375,-8151.91796875,"Epi_SecA","#E69F00"
"blnaikbi-1",-4.59493584087205,-0.337227071956809,8568.2421875,-8143.57275390625,"Epi_SecA","#E69F00"
"blnajaik-1",-4.12108034541917,-1.21841585202616,8580.935546875,-8143.4384765625,"Epi_SecA","#E69F00"
"blnajcjk-1",-5.08990854671312,-0.651718492941077,8570.4560546875,-8134.98095703125,"Epi_SecA","#E69F00"
"blnbdnlj-1",-6.52602571895433,0.0289022667844935,8590.44921875,-8139.67822265625,"Epi_SecA","#E69F00"
"blnbhbcl-1",-6.32748407771897,0.60270208553869,8596.7568359375,-8135.85986328125,"Epi_SecA","#E69F00"
"blnbjhih-1",0.905397617313145,-2.77141463323038,8571.1142578125,-8042.76513671875,"Epi_SecA","#E69F00"
"blnblhfj-1",-4.2142161791594,-0.971528883413489,8588.685546875,-8045.7646484375,"Epi_SecA","#E69F00"
"blnblmng-1",11.5421653325288,-0.293160836533721,8584.6669921875,-8038.39208984375,"Mesenchymal","#F0E442"
"blnbnili-1",-5.0961069529326,-1.73738014264506,8578.3955078125,-8050.42822265625,"Epi_SecA","#E69F00"
"blncbjep-1",-4.37153715541673,-1.71090840859812,8595.7099609375,-8188.0244140625,"Epi_SecA","#E69F00"
"blncdgac-1",-3.80501455715013,-1.85731482072275,8599.0654296875,-8193.033203125,"Epi_SecA","#E69F00"
"blnceipa-1",-4.2519735758574,-1.62188016934794,8568.1240234375,-8218.1455078125,"Epi_SecA","#E69F00"
"blnclcmd-1",-4.69572300365281,-1.50403272672098,8596.970703125,-8217.548828125,"Epi_SecA","#E69F00"
"blncmpik-1",-4.37240023067308,-1.94932817979258,8595.26953125,-8213.6474609375,"Epi_SecA","#E69F00"
"blncneoo-1",-4.19287914684129,-1.59310888810557,8588.6650390625,-8205.7646484375,"Epi_SecA","#E69F00"
"blncnggj-1",-3.93033642223191,-2.12742387814921,8594.1103515625,-8210.1025390625,"Epi_SecA","#E69F00"
"blndekgb-1",-7.24650520732713,1.19329035715658,8599.7578125,-8152.43798828125,"Epi_SecA","#E69F00"
"blndfnbg-1",-6.0268406336577,-0.0818768985058026,8595.4248046875,-8163.87109375,"Epi_SecA","#E69F00"
"blndheae-1",-5.36767715862107,-0.348370696739371,8590.9033203125,-8175.48193359375,"Epi_SecA","#E69F00"
"blndhhkf-1",-4.96376699855638,-1.16974973245066,8586.46484375,-8178.41796875,"Epi_SecA","#E69F00"
"blndjoai-1",-6.22140497615647,-0.0710697782645778,8598.6748046875,-8173.26318359375,"Epi_SecA","#E69F00"
"blndkdag-1",-4.90772289684129,-0.728512819246467,8539.2412109375,-8049.36181640625,"Epi_SecA","#E69F00"
"blndlooc-1",-5.07864612987352,-0.488029624656852,8525.4912109375,-8060.158203125,"Epi_SecA","#E69F00"
"blndnmpl-1",-4.77519697597337,-1.26266312165659,8530.24609375,-8038.91748046875,"Epi_SecA","#E69F00"
"blndolfb-1",-4.48932070186448,1.40295470194418,8532.53515625,-8053.5205078125,"Epi_SecA","#E69F00"
"blndpcnc-1",-4.32618708064866,-0.597539062933143,8541.8486328125,-8055.64453125,"Epi_SecA","#E69F00"
"blneimfl-1",-4.6419939463408,-0.58081626458567,8535.9853515625,-8043.0146484375,"Epi_SecA","#E69F00"
"blnemcca-1",-6.78535408428025,0.799340967698876,8523.6005859375,-8087.00048828125,"Epi_SecA","#E69F00"
"blnenfcm-1",-4.38851112773729,-1.34183489842814,8513.9541015625,-8108.57666015625,"Epi_SecA","#E69F00"
"blneodgm-1",-3.8366002505095,-1.06112908883494,8508.318359375,-8106.6103515625,"Epi_SecA","#E69F00"
"blnepdjo-1",-5.07710737636399,-0.819799538091834,8537.525390625,-8090.90869140625,"Epi_SecA","#E69F00"
"blnepehd-1",-5.90121406963182,-0.265980030731376,8520.94140625,-8071.13720703125,"Epi_SecA","#E69F00"
"blnfddfm-1",-6.48889011791062,0.493169848485772,8534.2373046875,-8081.89404296875,"Epi_SecA","#E69F00"
"blnfhgnd-1",-6.17208332469773,0.257561568780725,8518.865234375,-8080.49609375,"Epi_SecA","#E69F00"
"blnfhgph-1",-4.7277717058928,-0.292152609066184,8503.8525390625,-8073.27880859375,"Epi_SecA","#E69F00"
"blnfojpm-1",-4.88867086818528,-0.0726713774214343,8502.4501953125,-8046.73095703125,"Epi_SecA","#E69F00"
"blnfpkjj-1",-4.70127005031419,-0.0151899711648778,8507.6591796875,-8062.19189453125,"Epi_SecA","#E69F00"
"blngbeff-1",-4.99256653240037,-1.17554068131846,8514.724609375,-8056.50537109375,"Epi_SecA","#E69F00"
"blngbolk-1",-3.59386534145188,1.08393288092214,8508.349609375,-8051.55029296875,"Epi_SecA","#E69F00"
"blngcnem-1",-4.2827410166533,-0.776291544870551,8517.8115234375,-8049.15966796875,"Epi_SecA","#E69F00"
"blnggnfo-1",-5.28755039623094,-1.11791836781901,8512.986328125,-8116.29248046875,"Epi_SecA","#E69F00"
"blngmhlh-1",-5.22059006145311,-0.695944841341193,8520.5654296875,-8123.96142578125,"Epi_SecA","#E69F00"
"blngobim-1",-4.1118745272429,0.926821474595849,8515.6953125,-8127.36083984375,"Epi_SecA","#E69F00"
"blngobpm-1",-6.51647514751268,0.0102183415134593,8543.2412109375,-8189.935546875,"Epi_SecA","#E69F00"
"blngojcn-1",-4.62170595577073,-1.82862984700602,8543.720703125,-8207.263671875,"Epi_SecA","#E69F00"
"blnhaleb-1",-4.0545539324553,-1.6769274429838,8553.0849609375,-8196.2578125,"Epi_SecA","#E69F00"
"blnhbnho-1",-2.25482673099351,1.94957197146017,8540.7451171875,-8198.7353515625,"Epi_SecA","#E69F00"
"blnheieo-1",8.38226371357131,-5.29881155057352,8518.2978515625,-8193.55859375,"Plasma cell","#005685"
"blnheoeb-1",5.80389886448073,-4.61882412000101,8523.8583984375,-8216.2939453125,"T cell","#1C91D4"
"blnhfece-1",-5.40436739375901,0.140115429325883,8531.3076171875,-8193.9990234375,"Epi_SecA","#E69F00"
"blnhgifk-1",-6.30456823757005,1.381233934923,8527.798828125,-8201.7099609375,"Epi_SecA","#E69F00"
"blnhipai-1",-6.26921028545213,0.554342929883782,8535.8330078125,-8181.8271484375,"Epi_SecA","#E69F00"
"blnhjgbm-1",4.61006599018264,-5.68252288861674,8542.173828125,-8181.38623046875,"T cell","#1C91D4"
"blnhjpei-1",8.26251750538039,-5.17543041272562,8508.3955078125,-8165.79736328125,"Epi_SecA","#E69F00"
"blnhmobk-1",-4.30202478816819,-2.20328342481058,8531.9404296875,-8173.81005859375,"Epi_SecA","#E69F00"
"blnhndhl-1",-4.20623821666551,-1.76748036904734,8526.1240234375,-8166.69970703125,"Epi_SecA","#E69F00"
"blnhockg-1",-5.32031053951097,-0.900451834634955,8519.966796875,-8178.69775390625,"Epi_SecA","#E69F00"
"blnhogno-1",-4.90863937785936,-0.818228598074134,8529.8466796875,-8135.12255859375,"Epi_SecA","#E69F00"
"blnidmha-1",-3.45768780162645,-2.49586545987528,8533.8955078125,-8149.47314453125,"Epi_SecA","#E69F00"
"blnieonm-1",-5.13293499400926,-0.593761737779792,8521.216796875,-8144.234375,"Epi_SecA","#E69F00"
"blnigbmj-1",-6.19269365718675,0.122602690621202,8518.3271484375,-8134.54150390625,"Epi_SecA","#E69F00"
"blnihoif-1",-4.87599272182298,-1.75866841836375,8546.4912109375,-8043.4365234375,"Epi_SecA","#E69F00"
"blnihood-1",-4.19110721996141,-1.92313491864603,8555.1669921875,-8045.85546875,"Epi_SecA","#E69F00"
"blnijkja-1",-3.73696274211717,-2.03047608895701,8551.4248046875,-8041.6220703125,"Epi_SecA","#E69F00"
"blnikbfe-1",-1.82469601085496,0.452604834600274,8549.216796875,-8051.14697265625,"Epi_SecA","#E69F00"
"blnikhfm-1",-4.96434921672654,-1.16323720975321,8561.5791015625,-8048.677734375,"Epi_SecA","#E69F00"
"blnilepn-1",-4.32917637279344,-1.58471977277201,8560.3408203125,-8149.86572265625,"Epi_SecA","#E69F00"
"blnimdkh-1",-3.78189129283738,-0.959727282957252,8562.625,-8135.29443359375,"Epi_SecA","#E69F00"
"blninmom-1",-3.27598995616746,-1.44365441365641,8566.98046875,-8116.6259765625,"Epi_SecA","#E69F00"
"blnjbkef-1",-4.42903799465013,-2.43053543134135,8567.8837890625,-8057.98876953125,"Epi_SecA","#E69F00"
"blnjdhmh-1",-4.87372965267015,-1.8199471191923,8549.7421875,-8031.13232421875,"Epi_SecA","#E69F00"
"blnjedke-1",-3.33780331065965,-1.13226699395579,8557.998046875,-8037.1005859375,"Epi_SecA","#E69F00"
"blnjfmac-1",-2.82574242999864,-1.09505831761759,8554.1953125,-8034.12158203125,"Epi_SecA","#E69F00"
"blnjgbha-1",-2.27056426456285,2.89952385859091,8559.0302734375,-8029.32080078125,"Epi_SecA","#E69F00"
"blnjkaik-1",-2.63836473872972,0.96016490892965,8540.7353515625,-7977.9375,"Epi_SecA","#E69F00"
"blnjkoff-1",-2.79627699306321,0.878988329931085,8542.708984375,-7986.13037109375,"Epi_SecA","#E69F00"
"blnjpegc-1",-4.75749725749803,-0.98694407506388,8514.6875,-8009.3544921875,"Epi_SecA","#E69F00"
"blnkgclf-1",-5.14068025996995,-0.951547439531501,8531.486328125,-8010.974609375,"Epi_SecA","#E69F00"
"blnkjoip-1",-4.74396795680833,-1.47855352921885,8518.31640625,-8016.01904296875,"Epi_SecA","#E69F00"
"blnkkffn-1",4.00819187709975,-5.42165004773539,8503.65234375,-8001.2685546875,"Mesenchymal","#F0E442"
"blnkncpo-1",-4.63849205425096,-0.552150453762229,8510.9443359375,-8004.18896484375,"Epi_SecA","#E69F00"
"blnknpcp-1",-5.48748344829393,-0.664356883005317,8504.1728515625,-8009.8525390625,"Epi_SecA","#E69F00"
"blnkpmbi-1",-4.79668516567063,-0.577817525104697,8507.2099609375,-8017.9697265625,"Epi_SecA","#E69F00"
"blnlbcee-1",-4.39715380122972,-0.783333714441474,8527.1337890625,-7981.17138671875,"Epi_SecA","#E69F00"
"blnldmpj-1",-4.64445776393724,-0.787452574209388,8527.4765625,-7988.47607421875,"Epi_SecA","#E69F00"
"blnllbbb-1",-3.2317647402556,1.06303286985952,8514.2646484375,-7985.03125,"Epi_SecA","#E69F00"
"blnmbbng-1",-4.58381790569139,-0.82485466761988,8545.4638671875,-8006.38671875,"Epi_SecA","#E69F00"
"blnmgfdk-1",-4.98601240566087,-1.4064687447111,8541.8173828125,-8022.01953125,"Epi_SecA","#E69F00"
"blnmidjb-1",-5.41914457729173,1.43114185766775,8550.6923828125,-8015.79150390625,"Epi_SecA","#E69F00"
"blnmjgfo-1",-4.90059894969773,-1.08954125209254,8511.7333984375,-8025.6123046875,"Epi_SecA","#E69F00"
"blnnbcbn-1",-6.70332712581468,1.17143738703329,8504.7958984375,-8036.3212890625,"Epi_SecA","#E69F00"
"blnnckha-1",-3.83125156810594,0.587430898710076,8512.1357421875,-8030.65673828125,"Epi_SecA","#E69F00"
"blnnemma-1",-5.24724287441087,-0.878179367021735,8518.2939453125,-8033.40673828125,"Epi_SecA","#E69F00"
"blnobkkl-1",-3.66018433025193,0.75825137333471,8526.228515625,-8030.353515625,"Epi_SecA","#E69F00"
"blnodjfa-1",-4.4953350489409,-1.93497490449351,8530.125,-8019.10107421875,"Epi_SecA","#E69F00"
"blnodnda-1",-4.67340320995164,-1.07033198638361,8530.7158203125,-8026.6533203125,"Epi_SecA","#E69F00"
"blnpbnib-1",-8.07192844798875,2.13890111879904,8572.3203125,-7759.7939453125,"Epi_SecA","#E69F00"
"blnpgeac-1",5.48500829288649,-3.69472300572794,8568.275390625,-7854.3115234375,"Plasma cell","#005685"
"blnpifam-1",-8.07700867107225,1.79784870581228,8579.19140625,-7768.65576171875,"Epi_SecA","#E69F00"
"blohpija-1",-8.70417351177049,0.780896608396356,8431.6533203125,-7844.3564453125,"Epi_SecA","#E69F00"
"bloidlon-1",-8.89294571330857,1.9758201880892,8455.890625,-7859.74609375,"Epi_SecA","#E69F00"
"bloiknoo-1",-8.6948971216948,1.72000337080557,8451.2177734375,-7851.62939453125,"Epi_SecA","#E69F00"
"bloiojgp-1",-7.34328312328172,1.3819971127947,8440.2998046875,-7853.4189453125,"Epi_SecA","#E69F00"
"blojckcm-1",-7.59439320018602,2.41688168482382,8449.2041015625,-7843,"Epi_SecA","#E69F00"
"blojdklh-1",-7.87399334361863,0.217554990812127,8441.3291015625,-7843.66552734375,"Epi_SecA","#E69F00"
"blojefbh-1",-8.80443520000291,1.99447930292684,8449.83984375,-7867.53369140625,"Epi_SecA","#E69F00"
"blojfaia-1",-9.07264179637742,1.85535324053365,8452.4775390625,-7881.08740234375,"Epi_SecA","#E69F00"
"blojfbpk-1",-9.20886558940721,2.08517516092855,8445.115234375,-7874.36865234375,"Epi_SecA","#E69F00"
"blojgeak-1",-7.83796162059617,2.31316078142721,8461.3056640625,-7866.44384765625,"Epi_SecA","#E69F00"
"blojmdgn-1",-8.00484318187547,2.80292141871053,8466.265625,-7858.1796875,"Epi_SecA","#E69F00"
"blojngne-1",-9.00791878154588,0.260086272521798,8472.908203125,-7879.32421875,"Epi_SecA","#E69F00"
"blojnpfn-1",-8.14002651622605,1.86428177790243,8467.8662109375,-7873.62890625,"Epi_SecA","#E69F00"
"blojodfg-1",-9.32870621135545,1.52617299990255,8469.72265625,-7865.521484375,"Epi_SecA","#E69F00"
"blojoknn-1",-9.04600185802293,2.15901148752767,8458.001953125,-7844.99365234375,"Epi_SecA","#E69F00"
"blokafne-1",-8.57399792125535,2.56167185740072,8464.755859375,-7849.0419921875,"Epi_SecA","#E69F00"
"blokdpnb-1",-7.95128101756883,1.6899132771929,8464.08984375,-7882.267578125,"Epi_SecA","#E69F00"
"blokelkg-1",-6.76900095393968,2.48376143412191,8465.3505859375,-7896.35888671875,"Epi_SecA","#E69F00"
"blokgcge-1",-8.04473251750779,0.771178071065728,8473.7626953125,-7886.69189453125,"Epi_SecA","#E69F00"
"blokgkdf-1",-8.56271595409227,2.36462176279623,8469.67578125,-7909.51513671875,"Epi_SecA","#E69F00"
"blokjgcn-1",-9.21693081310105,1.91401350931722,8469.39453125,-7918.31640625,"Epi_SecA","#E69F00"
"bloknejb-1",-7.66508430888963,2.08083093599874,8440.8212890625,-7893.95703125,"Epi_SecA","#E69F00"
"blokpamd-1",-8.82552284648729,2.22720206217367,8444.5400390625,-7908.80615234375,"Epi_SecA","#E69F00"
"blolcfdn-1",-8.80854744365525,2.34939849810201,8439.1806640625,-7899.0478515625,"Epi_SecA","#E69F00"
"bloldpkk-1",-8.60194725444627,1.00691307024557,8452.16796875,-7890.06640625,"Epi_SecA","#E69F00"
"blollikf-1",-7.38664478710008,3.0664225860079,8457.8994140625,-7912.5068359375,"Epi_SecA","#E69F00"
"blolnlck-1",-9.13341659953904,1.87757540182668,8461.068359375,-7903.93017578125,"Epi_SecA","#E69F00"
"blolpefk-1",-8.61206383159471,2.20240271524984,8451.1484375,-7898.6943359375,"Epi_SecA","#E69F00"
"blolphoh-1",-8.14450973918748,1.46201158003408,8460.6669921875,-7891.96240234375,"Epi_SecA","#E69F00"
"blomegbl-1",-8.05468697002244,1.06988800005514,8487.6572265625,-7857.62744140625,"Epi_SecA","#E69F00"
"blomelhm-1",-8.51514191081834,1.07261002497274,8478.2138671875,-7869.26953125,"Epi_SecA","#E69F00"
"blomffpb-1",-8.60532898357225,0.0840838147838755,8489.947265625,-7865.8388671875,"Epi_SecA","#E69F00"
"blomhmac-1",-7.30023235729051,2.23073637919027,8496.322265625,-7861.3515625,"Epi_SecA","#E69F00"
"blomnaoa-1",-8.8085445826323,2.09639108614523,8510.771484375,-7897.03076171875,"Epi_SecA","#E69F00"
"bloneojj-1",-8.00433105876756,2.50796878771383,8502.3330078125,-7913.7783203125,"Epi_SecA","#E69F00"
"blonlfij-1",-8.9807505076201,2.15798581080038,8503.720703125,-7904.42431640625,"Epi_SecA","#E69F00"
"blonmbih-1",-8.60165638377977,2.03453147844869,8497.55859375,-7895.8369140625,"Epi_SecA","#E69F00"
"blonnapg-1",-8.28958458354783,1.17726803259451,8492.30078125,-7874.63037109375,"Epi_SecA","#E69F00"
"blonpeki-1",-8.75698894908738,1.74399078325826,8482.6875,-7875.40869140625,"Epi_SecA","#E69F00"
"blooafmb-1",-8.88294453075242,1.36118042902548,8487.802734375,-7886.26806640625,"Epi_SecA","#E69F00"
"blooifod-1",-8.83904594829393,2.11048567728597,8501.625,-7880.24169921875,"Epi_SecA","#E69F00"
"bloojnod-1",6.13962512561965,-4.87220251126688,8542.056640625,-7883.38916015625,"T cell","#1C91D4"
"blooloil-1",-4.02621788432908,3.6403480811556,8518.498046875,-7892.083984375,"Epi_SecA","#E69F00"
"bloonaef-1",-7.84911674907518,2.67968595461446,8484.0478515625,-7893.6142578125,"Epi_SecA","#E69F00"
"bloonepi-1",-7.29214233806443,2.75859082178671,8480.458984375,-7914.2919921875,"Epi_SecA","#E69F00"
"bloonlga-1",-8.69500965526414,0.874455337091271,8478.5068359375,-7906.19140625,"Epi_SecA","#E69F00"
"bloonomk-1",-7.79803986003709,1.38899374441702,8481.6416015625,-7887.6923828125,"Epi_SecA","#E69F00"
"bloopfdk-1",-8.00746292522264,1.9350155635317,8488.376953125,-7898.9521484375,"Epi_SecA","#E69F00"
"blopabnb-1",-8.18467087199998,0.67142093615133,8475.79296875,-7895.59033203125,"Epi_SecA","#E69F00"
"blopcfan-1",-6.7710599367888,0.952978257699792,8508.056640625,-7859.2529296875,"Epi_SecA","#E69F00"
"blophbgg-1",-8.93085617473436,1.23669708208639,8504.220703125,-7855.33984375,"Epi_SecA","#E69F00"
"blophfmk-1",-7.87744945934129,0.926117066903894,8502.5244140625,-7867.947265625,"Epi_SecA","#E69F00"
"blopkkii-1",-5.47748512676072,-0.889652367071326,8508.087890625,-7759.6650390625,"Epi_SecA","#E69F00"
"blopmcdk-1",-5.91855472972703,0.705234114690606,8517.3251953125,-7761.51953125,"Epi_SecA","#E69F00"
"blpbalag-1",-6.81888479640794,0.713278893991296,8530.3984375,-7760.25537109375,"Epi_SecA","#E69F00"
"blpcbkca-1",-6.82750458171678,2.34897458986837,8503.6796875,-7803.33056640625,"Epi_SecA","#E69F00"
"blpcblgj-1",-8.53628487041307,0.87689048485357,8500.93359375,-7811.85546875,"Epi_SecA","#E69F00"
"blpcenio-1",-8.35510773113084,1.42967462973196,8494.9072265625,-7806.19580078125,"Epi_SecA","#E69F00"
"blpcgccm-1",-8.77427048137498,0.98949361280996,8488.0771484375,-7842.7470703125,"Epi_SecA","#E69F00"
"blpcjemf-1",-4.00202364375901,3.59339678721029,8514.8056640625,-7849.27978515625,"Epi_SecA","#E69F00"
"blpcmbmh-1",-8.6629900400908,2.27728856043417,8509.3994140625,-7844.38720703125,"Epi_SecA","#E69F00"
"blpcnbek-1",-7.30190987041307,3.01353657679159,8500.177734375,-7847.205078125,"Epi_SecA","#E69F00"
"blpcndjj-1",-8.75604004314256,1.3208593173464,8496.93359375,-7842.99267578125,"Epi_SecA","#E69F00"
"blpcnonm-1",-8.6906246607573,1.89102697805959,8492.8740234375,-7825.611328125,"Epi_SecA","#E69F00"
"blpcoacj-1",-7.0758752291472,3.0535880370577,8512.244140625,-7836.275390625,"Epi_SecA","#E69F00"
"blpdapac-1",-7.77044243266893,2.17299402193624,8487.630859375,-7834.24609375,"Epi_SecA","#E69F00"
"blpdgcdg-1",-8.47718281200242,1.29035056070883,8504.7802734375,-7831.169921875,"Epi_SecA","#E69F00"
"blpeadfc-1",-8.37922710826707,1.50903428034384,8503.9794921875,-7820.73974609375,"Epi_SecA","#E69F00"
"blpeeadh-1",-8.79176372936082,1.31526840166647,8460.85546875,-7796.85107421875,"Epi_SecA","#E69F00"
"blpeeocf-1",-7.21072287013841,2.21329033808309,8442.369140625,-7815.58349609375,"Epi_SecA","#E69F00"
"blpeghem-1",-8.76152748515916,2.05524552301962,8455.7060546875,-7819.13671875,"Epi_SecA","#E69F00"
"blpehnpf-1",-9.06311840465379,1.99276364283163,8465.8173828125,-7810.24609375,"Epi_SecA","#E69F00"
"blpeipmg-1",-8.41555637767625,1.25397837595541,8452.51953125,-7803.43017578125,"Epi_SecA","#E69F00"
"blpelhom-1",-8.62169212749314,1.92311490015585,8468.5703125,-7836.66064453125,"Epi_SecA","#E69F00"
"blpfaeen-1",-6.83278603008104,2.72250497774679,8464.470703125,-7829.09228515625,"Epi_SecA","#E69F00"
"blpfbdlg-1",-6.43338055064988,3.27990854219991,8466.943359375,-7824.3681640625,"Epi_SecA","#E69F00"
"blpfdplm-1",-8.4575514261992,1.7453799291094,8447.1142578125,-7827.86767578125,"Epi_SecA","#E69F00"
"blpffpln-1",-8.50585598399949,1.58499157862264,8454.6552734375,-7837.6943359375,"Epi_SecA","#E69F00"
"blpfjjcf-1",-8.29291386058641,0.991373066469018,8432.66015625,-7835.41162109375,"Epi_SecA","#E69F00"
"blpfkdlf-1",-8.7441143458159,1.20320761637289,8439.1796875,-7833.35888671875,"Epi_SecA","#E69F00"
"blpfkifo-1",-8.85414738109422,0.369159374996011,8481.482421875,-7796.27099609375,"Epi_SecA","#E69F00"
"blpgbaob-1",-9.10359138896775,1.44027579264242,8468.857421875,-7794.53857421875,"Epi_SecA","#E69F00"
"blpgchgg-1",-7.6149753992827,2.74572742418844,8476.056640625,-7789.537109375,"Epi_SecA","#E69F00"
"blpgdlji-1",-7.88847488811326,2.07941067652303,8485.0556640625,-7823.35205078125,"Epi_SecA","#E69F00"
"blpgkcmg-1",-8.78713745525193,2.17594516710836,8486.1435546875,-7805.56787109375,"Epi_SecA","#E69F00"
"blpgklii-1",-8.8132471506865,2.14895880655843,8477.0576171875,-7820.3671875,"Epi_SecA","#E69F00"
"blpglipn-1",-9.15776485851121,1.9245289607485,8487.3203125,-7815.13525390625,"Epi_SecA","#E69F00"
"blphaheg-1",-7.80077976634812,2.1785196109255,8474.2880859375,-7809.52392578125,"Epi_SecA","#E69F00"
"blphcikj-1",-8.18789143016648,2.55885327295858,8472.998046875,-7830.2490234375,"Epi_SecA","#E69F00"
"blphecip-1",-9.10087532451463,1.60726786093313,8479.5400390625,-7850.07373046875,"Epi_SecA","#E69F00"
"blphjkec-1",-8.9851917689116,1.94349277453024,8478.10546875,-7839.62744140625,"Epi_SecA","#E69F00"
"kkiglnmp-1",7.3018684918611,2.76857173876363,7856.5146484375,-7828.03466796875,"Mesenchymal","#F0E442"
"kkigmcpp-1",-5.0477728312285,3.38765657381613,7895.26904296875,-7844.47607421875,"Epi_SecA","#E69F00"
"kkihangn-1",1.51508396217513,-2.66627966924113,7902.42529296875,-7844.29931640625,"Epi_SecA","#E69F00"
"kkihdmpp-1",-0.794795340803386,3.25943386988241,7899.36328125,-7840.3173828125,"Epi_SecA","#E69F00"
"kkihfgmf-1",-4.29713768413377,3.56037581400472,7894.2060546875,-7862.91943359375,"Epi_SecA","#E69F00"
"kkihgokd-1",-1.85365719249559,3.56175864176351,7908.46435546875,-7886.11083984375,"Epi_SecA","#E69F00"
"kkihhdig-1",-0.815253919866801,3.19003689722616,7903.7724609375,-7875.8203125,"Epi_SecA","#E69F00"
"kkihlici-1",-8.32947582652879,2.41884553865988,7912.986328125,-7854.37548828125,"Epi_SecA","#E69F00"
"kkihlnoj-1",-0.986506289747478,3.45491588549215,7884.3388671875,-7852.408203125,"Epi_SecA","#E69F00"
"kkihmckl-1",7.53378348896193,4.38832033114034,7857.47900390625,-7847.1181640625,"Endothelial","#D55E00"
"kkihmkka-1",-5.03639645030809,3.67829859690267,7893.53955078125,-7851.03125,"Epi_SecA","#E69F00"
"kkihnbla-1",4.28405218670058,3.6422442241152,7865.0791015625,-7851.4736328125,"Mesenchymal","#F0E442"
"kkihojgo-1",-8.41117329051805,1.71865928606588,7941.76416015625,-7861.11083984375,"Epi_SecA","#E69F00"
"kkihonbg-1",-5.26610559871507,3.40842163996298,7956.6376953125,-7849.64990234375,"Epi_SecA","#E69F00"
"kkiikicn-1",-2.47716063907457,3.61572993235189,7957.85546875,-7857.01611328125,"Epi_SecA","#E69F00"
"kkiimbbb-1",-7.22625917842698,-0.450825031236823,8025.8779296875,-7865.37744140625,"Epi_SecA","#E69F00"
"kkiimbij-1",-1.22645468166185,2.91206944422323,7973.32666015625,-7827.177734375,"Epi_SecA","#E69F00"
"kkijcamn-1",-2.98740858486009,3.20399702028829,7962.75439453125,-7827.06982421875,"Epi_SecA","#E69F00"
"kkijgphj-1",-4.79950518062425,2.36548960642416,7968.66162109375,-7831.0751953125,"Epi_SecA","#E69F00"
"kkijmann-1",-0.904528803137065,3.26761091188986,7963.15625,-7831.623046875,"Epi_SecA","#E69F00"
"kkijmnah-1",-7.24419922283006,0.685628835721795,7963.36865234375,-7796.9365234375,"Epi_SecA","#E69F00"
"kkijneme-1",-7.32809967449021,0.347317580743615,7954.6552734375,-7793.5546875,"Epi_SecA","#E69F00"
"kkijpbel-1",-7.76180691173387,0.832303885980432,7958.4267578125,-7805.98193359375,"Epi_SecA","#E69F00"
"kkikadbi-1",-8.02150673320604,1.55249941782552,7969.47509765625,-7806.3046875,"Epi_SecA","#E69F00"
"kkikbfln-1",-7.3154615824492,0.888625864549462,7918.53466796875,-7754.1640625,"Epi_SecA","#E69F00"
"kkikgdaa-1",-6.89932054927659,1.17262006239492,7907.125,-7754.138671875,"Epi_SecA","#E69F00"
"kkilclib-1",-7.61956638744187,2.66783631281454,7996.25048828125,-7774.34033203125,"Epi_SecA","#E69F00"
"kkinjeja-1",-4.66004318645311,-2.24648415608805,8126.40966796875,-7802.8671875,"Epi_SecA","#E69F00"
"kkinljcm-1",-3.70370525768113,-3.08966028256815,8125.71533203125,-7810.68994140625,"Epi_SecB","#56B4E9"
"kkinnehf-1",-4.09916490962815,-3.07688581509989,8104.9384765625,-7809.62841796875,"Epi_SecA","#E69F00"
"kkioaljf-1",-3.41388458659959,-3.58893906636637,8122.791015625,-7795.64404296875,"Epi_SecB","#56B4E9"
"kkiodjkl-1",-3.51375479152513,-3.24025070233744,8124.779296875,-7818.689453125,"Epi_SecB","#56B4E9"
"kkioehch-1",-3.53375143459153,-3.16795169873637,8122.87255859375,-7832.0888671875,"Epi_SecB","#56B4E9"
"kkiofmpp-1",0.276164912673711,-0.907162304357703,8089.19384765625,-7828.79345703125,"Epi_SecB","#56B4E9"
"kkiokcjn-1",-4.23169559886766,-3.37828123135966,8079.328125,-7808.16259765625,"Epi_SecB","#56B4E9"
"kkioneld-1",-5.6953443949492,-2.67193471951884,8069.48291015625,-7827.9482421875,"Epi_SecA","#E69F00"
"kkiopiee-1",-3.89001936366868,-3.21703326268595,8086.2392578125,-7821.90869140625,"Epi_SecB","#56B4E9"
"kkipachc-1",-5.11233515193772,-3.32323634190958,8077.13525390625,-7824.7060546875,"Epi_SecA","#E69F00"
"kkipcmki-1",-5.03285116603685,-2.89299952550333,8094.86474609375,-7816.68896484375,"Epi_SecB","#56B4E9"
"kkipehdb-1",-3.00858778407884,-3.01219975514811,8095.48828125,-7829.10302734375,"Epi_SecB","#56B4E9"
"kkipfnoe-1",-4.93700975826097,-2.50641881986063,8112.14306640625,-7817.8369140625,"Epi_SecB","#56B4E9"
"kkipiafd-1",-5.56100744655442,-2.65333306355875,8085.76318359375,-7785.49951171875,"Epi_SecA","#E69F00"
"kkipibll-1",-4.1696137850554,-2.52907502217692,8076.662109375,-7788.0830078125,"Epi_SecA","#E69F00"
"kkiplknc-1",-3.75367493083787,-3.20886385007304,8098.486328125,-7804.3251953125,"Epi_SecA","#E69F00"
"kkipogon-1",-3.79818338802171,-3.36807548566263,8114.12158203125,-7796.29150390625,"Epi_SecB","#56B4E9"
"kkjabagg-1",-5.06087440898729,-2.6688491062681,8111.8505859375,-7804.8818359375,"Epi_SecA","#E69F00"
"kkjaemlo-1",-4.69674343517137,-2.85304939313334,8105.39501953125,-7794.04931640625,"Epi_SecA","#E69F00"
"kkjahljl-1",-4.16423649242234,-3.31182825131815,8112.4560546875,-7786.5654296875,"Epi_SecB","#56B4E9"
"kkjaiace-1",-4.50715631892991,-3.22980749173563,8112.6416015625,-7776.50927734375,"Epi_SecA","#E69F00"
"kkjakdno-1",3.93940835544753,-5.42270099683207,8091.36669921875,-7779.5322265625,"Epi_SecA","#E69F00"
"kkjalplc-1",-6.81366295268846,-1.51409768624705,8096.38134765625,-7775.404296875,"Epi_SecA","#E69F00"
"kkjampfo-1",-2.76434392383409,-3.62171327634257,8108.9345703125,-7875.5107421875,"Epi_SecB","#56B4E9"
"kkjampko-1",-6.83156103542161,-1.4231170372526,8072.54150390625,-7868.61474609375,"Epi_SecA","#E69F00"
"kkjapcin-1",-3.91304964473558,-3.21801030202311,8096.6064453125,-7848.412109375,"Epi_SecA","#E69F00"
"kkjbjill-1",-4.79227871349168,-3.26424252553385,8114.873046875,-7863.25732421875,"Epi_SecB","#56B4E9"
"kkjbjngb-1",-4.46178383281541,-3.05459677739542,8109.35400390625,-7851.95556640625,"Epi_SecB","#56B4E9"
"kkjbknnl-1",-4.28609604289842,-2.91910683675211,8099.85546875,-7857.8037109375,"Epi_SecB","#56B4E9"
"kkjbplcb-1",-3.38738006999803,-3.31628310246866,8111.2607421875,-7835.28173828125,"Epi_SecB","#56B4E9"
"kkjcbhmi-1",-4.00329918315721,-3.08835494084757,8106.22509765625,-7841.7373046875,"Epi_SecB","#56B4E9"
"kkjccche-1",-3.48750395229173,-3.16835104985636,8088.78515625,-7851.28271484375,"Epi_SecB","#56B4E9"
"kkjccfch-1",-4.16456169536424,1.18067956404287,8084.7412109375,-7864.96630859375,"Epi_SecA","#E69F00"
"kkjcecgc-1",-6.26431459834886,-1.32476269765299,8088.34130859375,-7858.93408203125,"Epi_SecA","#E69F00"
"kkjcefjp-1",-6.24602264812303,-2.08178865476054,8079.9599609375,-7848.85107421875,"Epi_SecA","#E69F00"
"kkjchbeh-1",-6.37297529628587,-1.396398420767,8076.33154296875,-7859.3955078125,"Epi_SecA","#E69F00"
"kkjckjlf-1",-4.52474493434739,-3.17858874364298,8090.037109375,-7837.58056640625,"Epi_SecB","#56B4E9"
"kkjcmmeb-1",-6.14580625942063,-2.19768082662028,8081.3427734375,-7834.68115234375,"Epi_SecA","#E69F00"
"kkjcpffa-1",-3.47365612438035,-3.39229929013651,8099.677734375,-7838.0986328125,"Epi_SecB","#56B4E9"
"kkjcpnfk-1",-3.42741341045213,-0.978304560617621,8189.66455078125,-7845.63232421875,"Epi_SecA","#E69F00"
"kkjeabdh-1",-2.22422093799424,-0.430250103906806,8185.8876953125,-7861.63037109375,"Epi_SecA","#E69F00"
"kkjeaomi-1",-5.31908459117723,-0.353314335779365,8196.19140625,-7860.294921875,"Epi_SecA","#E69F00"
"kkjehmng-1",11.3961024815767,0.790514473481957,8214.580078125,-7853.85009765625,"Mesenchymal","#F0E442"
"kkjejdfh-1",11.3257031972139,-1.10477447076243,8208.4345703125,-7850.5595703125,"Mesenchymal","#F0E442"
"kkjenjkn-1",-5.93672317912889,1.3665832324465,8200.375,-7851.07177734375,"Epi_SecA","#E69F00"
"kkjenljo-1",-5.33919090679002,-2.64429914517802,8148.1435546875,-7862.42236328125,"Epi_SecA","#E69F00"
"kkjeolde-1",-2.38511223247361,-3.63149249120158,8157.29736328125,-7877.986328125,"Epi_SecB","#56B4E9"
"kkjepoja-1",-2.89489836147142,-3.66625415845316,8152.42236328125,-7869.86474609375,"Epi_SecB","#56B4E9"
"kkjfbeem-1",-2.10450930049729,-3.33721220059794,8156.0390625,-7854.8544921875,"Epi_SecB","#56B4E9"
"kkjfbmkc-1",-2.01392478397203,-3.26556431813639,8154.572265625,-7841.130859375,"Epi_SecB","#56B4E9"
"kkjfckpk-1",-7.57927650859666,-0.704896147684272,8133.3447265625,-7874.61279296875,"Epi_SecA","#E69F00"
"kkjffhjf-1",-1.99029631069017,-3.1215656952421,8165.751953125,-7815.32373046875,"Epi_SecB","#56B4E9"
"kkjfhanb-1",11.5303292805879,-1.48008703751963,8214.4248046875,-7836.474609375,"Mesenchymal","#F0E442"
"kkjficpa-1",10.4687657887666,0.694602016969506,8234.775390625,-7841.91015625,"Mesenchymal","#F0E442"
"kkjfkidj-1",10.6212955052583,6.20558917955953,8227.2744140625,-7824.99560546875,"Endothelial","#D55E00"
"kkjflobc-1",10.2400193745821,6.09080732302267,8224.484375,-7837.6474609375,"Endothelial","#D55E00"
"kkjfnghk-1",-4.49108642986131,0.300291184945886,8192.7265625,-7818.84130859375,"Epi_SecA","#E69F00"
"kkjfodgl-1",-4.9834737246306,-0.323651801184829,8206.9189453125,-7820.73876953125,"Epi_SecA","#E69F00"
"kkjgaiho-1",5.6552415425508,-4.72896968884867,8180.599609375,-7825.6083984375,"T cell","#1C91D4"
"kkjgdiaf-1",-2.14355248859239,1.7526630206545,8190.79052734375,-7828.3525390625,"Epi_SecA","#E69F00"
"kkjgdpdh-1",4.37807541439223,-0.632288988069709,8187.08984375,-7835.18408203125,"Macrophage","#CC79A7"
"kkjgemka-1",11.0693851048677,5.99291933016378,8220.0673828125,-7908.919921875,"Endothelial","#D55E00"
"kkjggcdh-1",8.96016269275832,1.79310584501821,8209.9716796875,-7915.86181640625,"Mesenchymal","#F0E442"
"kkjgioec-1",10.3324275548189,1.34239829020101,8233.9208984375,-7906.27197265625,"Mesenchymal","#F0E442"
"kkjgkbag-1",10.9566855962007,6.01827419237692,8227.2412109375,-7908.31494140625,"Endothelial","#D55E00"
"kkjgkcco-1",10.1456790501802,1.14789283709127,8221.3525390625,-7942.90966796875,"Mesenchymal","#F0E442"
"kkjgklfn-1",10.2259431416719,-0.662514741853888,8207.36328125,-7930.0078125,"Mesenchymal","#F0E442"
"kkjglkcj-1",10.9484515721529,-0.630899961427863,8211.3310546875,-7939.84521484375,"Mesenchymal","#F0E442"
"kkjgnlbb-1",8.89092593738723,1.5191345258196,8234.828125,-7953.79296875,"Mesenchymal","#F0E442"
"kkjgnpha-1",11.4956870610445,-1.38049709363383,8218.595703125,-7951.12841796875,"Mesenchymal","#F0E442"
"kkjhalje-1",9.92027621814895,1.25941491560537,8229.0458984375,-7949.2998046875,"Mesenchymal","#F0E442"
"kkjhamnk-1",10.6834788853853,5.7387470050295,8224.2138671875,-7924.8125,"Endothelial","#D55E00"
"kkjhbnbc-1",10.0430179173677,0.820878867669885,8218.1240234375,-7928.86328125,"Mesenchymal","#F0E442"
"kkjhcfka-1",-4.74306053569627,-0.356424535946067,8195.80078125,-7870.9453125,"Epi_SecA","#E69F00"
"kkjhcjkh-1",-3.46918148448777,-1.82465183301371,8188.521484375,-7870.44482421875,"Epi_SecA","#E69F00"
"kkjhddhm-1",5.54671674320388,-2.19905149503153,8201.8896484375,-7874.22265625,"Mesenchymal","#F0E442"
"kkjhlfcl-1",10.8951755101411,0.853605930372064,8229.6787109375,-7864.5224609375,"Mesenchymal","#F0E442"
"kkjhmnen-1",11.7447391087739,0.914113525911157,8239.046875,-7872.68603515625,"Mesenchymal","#F0E442"
"kkjiehfd-1",11.3852515752046,0.660008315606896,8235.1533203125,-7867.46142578125,"Mesenchymal","#F0E442"
"kkjingpn-1",10.5040116841524,3.00345623926717,8228.873046875,-7854.18359375,"Endothelial","#D55E00"
"kkjiohak-1",11.8436694676607,0.0997230602939768,8212.12890625,-7908.455078125,"Mesenchymal","#F0E442"
"kkjjejmd-1",11.4517522389619,-1.11480497880381,8209.3017578125,-7899.5830078125,"Mesenchymal","#F0E442"
"kkjjibmb-1",10.1137166554658,4.58470190004904,8230.8505859375,-7880.64892578125,"Endothelial","#D55E00"
"kkjjifnn-1",8.85341029712844,2.88052142099935,8230.6455078125,-7889.11572265625,"Endothelial","#D55E00"
"kkjjikig-1",11.0581718022554,6.12497127489645,8223.1337890625,-7893.58740234375,"Endothelial","#D55E00"
"kkjjjeha-1",9.08966594288039,2.3370398326357,8236.3798828125,-7891.54052734375,"Mesenchymal","#F0E442"
"kkjjkgam-1",11.2428985173433,0.778884236379449,8212.56640625,-7870.58203125,"Mesenchymal","#F0E442"
"kkjjnabi-1",10.1721711690156,5.92320192293722,8221.8896484375,-7873.326171875,"Endothelial","#D55E00"
"kkjjngca-1",10.8990035588472,4.4520849032839,8217.314453125,-7878.63623046875,"Pericyte_SM","#0072B2"
"kkjjnjhp-1",-3.60251945903611,-3.49916398091715,8131.24365234375,-7787.83740234375,"Epi_SecB","#56B4E9"
"kkjjoeoj-1",-2.70250625064683,-3.9584113316099,8140.36376953125,-7778.30126953125,"Epi_SecB","#56B4E9"
"kkjkbehl-1",-3.52258104732347,-3.52109872861307,8140.8876953125,-7795.51953125,"Epi_SecA","#E69F00"
"kkjkcclp-1",-2.24802870204759,-3.41549026532572,8148.7802734375,-7781.537109375,"Epi_SecB","#56B4E9"
"kkjkdjlh-1",-1.08015007427049,-2.56227242513102,8162.7685546875,-7785.14599609375,"Epi_SecB","#56B4E9"
"kkjkegjo-1",-2.44177741458726,-3.39796864552897,8158.56689453125,-7782.134765625,"Epi_SecB","#56B4E9"
"kkjkgkfn-1",-2.23590082576585,-3.3189443306486,8151.5693359375,-7792.14208984375,"Epi_SecB","#56B4E9"
"kkjkkgcl-1",11.2917657429903,-1.36680995984476,8224.283203125,-7793.47412109375,"Mesenchymal","#F0E442"
"kkjkmgmn-1",11.4094644124238,-1.03912353082102,8222.80859375,-7784.60498046875,"Mesenchymal","#F0E442"
"kkjlbfff-1",-2.34347099712205,-2.90245711369913,8132.59375,-7823.82958984375,"Epi_SecB","#56B4E9"
"kkjlbppc-1",-1.5814516012938,-2.73527371449869,8130.83935546875,-7835.65478515625,"Epi_SecB","#56B4E9"
"kkjlebkl-1",-2.61123294284654,-3.30966746373575,8137.626953125,-7806.99365234375,"Epi_SecB","#56B4E9"
"kkjlffff-1",-0.984201616552592,-2.3609262661497,8135.5517578125,-7815.77099609375,"Epi_SecB","#56B4E9"
"kkjlfhmk-1",-1.90371555736375,-3.00544297261637,8140.396484375,-7838.18408203125,"Epi_SecB","#56B4E9"
"kkjlfkfj-1",-2.52262372424913,-3.363195295767,8139.171875,-7826.984375,"Epi_SecB","#56B4E9"
"kkjlfmhi-1",-2.09483522823167,-2.51900970502299,8147.02099609375,-7806.1708984375,"Epi_SecB","#56B4E9"
"kkjlganm-1",5.16823154041457,-5.29186546368998,8157.08935546875,-7810.97216796875,"T cell","#1C91D4"
"kkjljcan-1",1.57726299116301,-2.15365254445475,8154.42138671875,-7802.25732421875,"Epi_SecB","#56B4E9"
"kkjmahco-1",-0.83340031555009,-3.1478975967924,8150.74169921875,-7810.97314453125,"Epi_SecB","#56B4E9"
"kkjmbegp-1",-3.66803545406175,-3.12787711186808,8145.73291015625,-7816.95703125,"Epi_SecB","#56B4E9"
"kkjmiici-1",-2.42172641208482,-3.48033487363261,8161.92919921875,-7831.53662109375,"Epi_SecB","#56B4E9"
"kkjmnnkg-1",-6.9921235506804,-0.768245692686255,8076.5185546875,-7754.474609375,"Epi_SecA","#E69F00"
"kkjncgke-1",-3.36575931957078,-4.40472805066508,8121.025390625,-7766.72998046875,"Epi_SecB","#56B4E9"
"kkjncomo-1",-5.41595405986619,-3.10949837727946,8104.005859375,-7765.77099609375,"Epi_SecA","#E69F00"
"kkjneamh-1",-6.7488955920012,-2.71054684682291,8107.85400390625,-7758.28076171875,"Epi_SecA","#E69F00"
"kkjnhbdj-1",-0.985447115209819,-3.56233894391459,8124.07421875,-7755.89013671875,"Epi_SecB","#56B4E9"
"kkjnifam-1",-3.93119854381395,-4.62683403058451,8120.02880859375,-7751.53271484375,"Epi_SecA","#E69F00"
"kkjpcfmi-1",-2.38016766956163,-4.35226547284525,8134.60400390625,-7753.91455078125,"Epi_SecB","#56B4E9"
"kkjpedce-1",-3.15848512103868,-4.34520923657816,8130.7314453125,-7771.296875,"Epi_SecB","#56B4E9"
"kkjpgopf-1",-2.28222865512681,-3.97749292416971,8134.955078125,-7763.16064453125,"Epi_SecB","#56B4E9"
"kkjphepb-1",10.5060201222627,5.73214137987692,8209.953125,-7764.82568359375,"Endothelial","#D55E00"
"kkjphhhg-1",-3.1436390345366,-2.73993503613871,8189.11767578125,-7768.1767578125,"Epi_SecA","#E69F00"
"kkjpinlo-1",-2.56543201854539,-3.46115457578104,8183.67724609375,-7773.3125,"Epi_SecB","#56B4E9"
"kkjpjkph-1",3.65451412746596,-1.3602622704069,8182.80810546875,-7758.818359375,"Macrophage","#CC79A7"
"kkkafblk-1",2.08860605308699,-3.33210551305216,8148.01123046875,-7754.61328125,"Epi_SecB","#56B4E9"
"kkkaljfe-1",-2.0460581248076,-3.89598500295084,8145.54931640625,-7767.296875,"Epi_SecB","#56B4E9"
"kkkalpdi-1",-2.50652307918382,-4.24745475812357,8161.10986328125,-7755.64013671875,"Epi_SecB","#56B4E9"
"kkkamdfj-1",-2.02456468990159,-4.29821979566019,8159.67138671875,-7766.75048828125,"Epi_SecB","#56B4E9"
"kkkamkfh-1",4.30435567447829,-5.07447349591654,8155.66064453125,-7759.78076171875,"Epi_SecB","#56B4E9"
"kkkfichp-1",-8.4251560633452,1.97588432268697,7999.96630859375,-7784.07275390625,"Epi_SecA","#E69F00"
"kkkflcfj-1",-8.43060917308641,1.43895984129507,7973.22607421875,-7757.5966796875,"Epi_SecA","#E69F00"
"kkkfnmpb-1",-7.15585560252977,1.81760728792745,8004.40283203125,-7882.23046875,"Epi_SecA","#E69F00"
"kkkfnnde-1",-0.154435104635478,3.09425247149069,8011.798828125,-7927.6123046875,"Epi_SecA","#E69F00"
"kkkfppci-1",-7.32077736308885,0.900209610029046,8017.57861328125,-7876.90869140625,"Epi_SecA","#E69F00"
"kkkgbmfo-1",-7.11261887004686,0.47444987730581,8027.28173828125,-7877.951171875,"Epi_SecA","#E69F00"
"kkkgfoho-1",0.91587499627757,1.33298337893087,8020.736328125,-7895.89111328125,"Epi_SecB","#56B4E9"
"kkkggnfi-1",-7.22657102992845,0.909626011415307,8013.18359375,-7888.171875,"Epi_SecA","#E69F00"
"kkkgioam-1",-3.5528449480803,-3.42413079305094,8040.47900390625,-7887.81591796875,"Epi_SecA","#E69F00"
"kkkgipdn-1",-8.19575924327684,2.59048688845236,8049.3232421875,-7899.15380859375,"Epi_SecA","#E69F00"
"kkkgjiab-1",-8.2738470499785,0.858991388841455,8039.208984375,-7896.14599609375,"Epi_SecA","#E69F00"
"kkkgofbd-1",-3.86587137630296,2.49696839289266,8027.46337890625,-7894.3701171875,"Epi_SecA","#E69F00"
"kkkhbeem-1",-3.61688799312425,-2.90006506009501,8063.3310546875,-7881.962890625,"Epi_SecA","#E69F00"
"kkkhcegg-1",-5.35153717449021,-2.89557539983195,8052.48095703125,-7865.20361328125,"Epi_SecA","#E69F00"
"kkkhiobf-1",-6.97264189174485,2.82024801210958,8055.947265625,-7903.55517578125,"Epi_SecA","#E69F00"
"kkkhlddj-1",-6.08823389461351,2.20101297335226,8029.4033203125,-7883.99853515625,"Epi_SecA","#E69F00"
"kkkhlgda-1",-5.21932739665818,-2.32586490674418,8038.650390625,-7879.95751953125,"Epi_SecA","#E69F00"
"kkkhmpjf-1",-9.05379242351365,2.09245264963705,8048.9033203125,-7910.90478515625,"Epi_SecA","#E69F00"
"kkkidgll-1",-6.95443624904466,-1.29512965245646,8074.1767578125,-7917.3525390625,"Epi_SecA","#E69F00"
"kkkidmap-1",1.80666308948684,1.34045780138571,8041.8203125,-7922.138671875,"Epi_SecA","#E69F00"
"kkkidnjl-1",-6.96528191020799,2.74171627001363,8034.958984375,-7915.0341796875,"Epi_SecA","#E69F00"
"kkkigbep-1",3.85159211704421,-5.37302076383036,8035.19775390625,-7904.45166015625,"Epi_SecA","#E69F00"
"kkkigfck-1",-8.17819256236863,1.2258544011553,7996.521484375,-7875.71484375,"Epi_SecA","#E69F00"
"kkkihjfj-1",-7.2732834284575,1.51902425722677,8004.19384765625,-7910.07373046875,"Epi_SecA","#E69F00"
"kkkijlgo-1",-0.305971926954509,3.40251577334005,8003.0712890625,-7925.45263671875,"Epi_SecA","#E69F00"
"kkkioclc-1",-3.43386501720262,3.66027725176412,7996.6591796875,-7925.724609375,"Epi_SecA","#E69F00"
"kkkipche-1",-8.70012611797166,0.937720183893029,7968.205078125,-7889.15966796875,"Epi_SecA","#E69F00"
"kkkjgmha-1",-7.8751072352202,1.39798057512838,7962.50048828125,-7881.81689453125,"Epi_SecA","#E69F00"
"kkkjhgjm-1",-7.34659618785691,-0.165642808512862,8037.0947265625,-7783.3291015625,"Epi_SecA","#E69F00"
"kkkjkeih-1",-5.50731605937791,-2.13824355168741,8033.49560546875,-7821.634765625,"Epi_SecA","#E69F00"
"kkkjlboh-1",-7.32292122295213,-0.184979054466899,8030.53369140625,-7789.1337890625,"Epi_SecA","#E69F00"
"kkkjncdm-1",-6.97040457179856,-1.24702608151835,8052.7900390625,-7774.04052734375,"Epi_SecA","#E69F00"
"kkkjpbbl-1",-6.48864788463426,-1.11335634751719,8060.8798828125,-7781.4345703125,"Epi_SecA","#E69F00"
"kkkkdaeo-1",-7.05802912166429,0.688055042787377,8043.458984375,-7787.9755859375,"Epi_SecA","#E69F00"
"kkkkegon-1",-5.14473576000047,-3.07526099248331,8079.4384765625,-7814.89453125,"Epi_SecB","#56B4E9"
"kkkkfmfo-1",-5.21838802745652,-2.87698995633524,8069.0966796875,-7810.095703125,"Epi_SecB","#56B4E9"
"kkkkjopk-1",-7.20779413631272,0.302532259984796,8032.35888671875,-7776.810546875,"Epi_SecA","#E69F00"
"kkkkkmia-1",-7.48324055126023,-0.891736324266608,8030.19921875,-7851.7265625,"Epi_SecA","#E69F00"
"kkkknfdf-1",-6.55038399150682,-0.675526018575843,8037.04248046875,-7854.603515625,"Epi_SecA","#E69F00"
"kkkkpgaj-1",3.77534919330764,-0.426225151256736,8052.62451171875,-7826.92041015625,"Mesenchymal","#F0E442"
"kkklamid-1",-7.42408317973924,0.482023303075616,8062.20556640625,-7855.1455078125,"Epi_SecA","#E69F00"
"kkklgpge-1",1.30085455724883,-2.8988946632902,8058.15625,-7825.36328125,"Epi_SecA","#E69F00"
"kkkmnklh-1",-5.26242870738816,0.120129246874635,8226.8447265625,-7966.35302734375,"Epi_SecA","#E69F00"
"kkknbpbl-1",-4.81591696193528,-1.07615923448008,8193.439453125,-8022.59423828125,"Epi_SecA","#E69F00"
"kkkncbln-1",3.40942912647414,-2.56384050412577,8224.8515625,-8026.845703125,"Macrophage","#CC79A7"
"kkknlnnl-1",-5.09766096523118,-0.963451500372107,8218.8984375,-8021.68017578125,"Epi_SecA","#E69F00"
"kkknlpoo-1",-5.22160381725145,-0.259582649306472,8199.4443359375,-7975.755859375,"Epi_SecA","#E69F00"
"kkknnchn-1",1.9324290091722,-2.83872282071512,8196.4833984375,-7994.4609375,"Epi_SecA","#E69F00"
"kkknnmcl-1",-3.91174263408494,-0.983154471353705,8205.138671875,-7982.07958984375,"Epi_SecA","#E69F00"
"kkknnolj-1",-4.1666669314177,-0.878787274793799,8214.20703125,-8049.1298828125,"Epi_SecA","#E69F00"
"kkkobblg-1",-1.57898063113999,-0.295023720101531,8212.4541015625,-8063.34912109375,"Epi_SecA","#E69F00"
"kkkodkeg-1",-5.54192585399461,-0.551869566873725,8221.7080078125,-8080.54345703125,"Epi_SecA","#E69F00"
"kkkoekjg-1",-3.48801369121385,-0.800628300146277,8213.2333984375,-8039.9609375,"Epi_SecA","#E69F00"
"kkkoepci-1",11.5665259892671,-0.788348253206428,8280.1650390625,-8007.00537109375,"Mesenchymal","#F0E442"
"kkkoffcg-1",10.004987292978,5.11218584017355,8282.892578125,-8016.99267578125,"Endothelial","#D55E00"
"kkkohfmp-1",10.1639609868257,4.27733409838278,8278.5283203125,-8015.47216796875,"Pericyte_SM","#0072B2"
"kkkojboo-1",7.93866735050368,-1.21068787141245,8287.1875,-8013.44140625,"Mesenchymal","#F0E442"
"kkkokbgo-1",-6.28933424403978,-0.636502976850684,8305.40625,-8066.48779296875,"Epi_SecA","#E69F00"
"kkkokhmf-1",11.0191283757417,-0.0971643872047619,8284.7421875,-8024.6640625,"Mesenchymal","#F0E442"
"kkkpfeni-1",11.177335315439,1.75049329237539,8277.0322265625,-8051.82177734375,"Mesenchymal","#F0E442"
"kkkpfkjl-1",12.2442384297578,-0.110112703726705,8272.2587890625,-8049.36328125,"Mesenchymal","#F0E442"
"kkkpkocj-1",11.4494233662813,0.949197058244531,8276.4658203125,-8041.1123046875,"Mesenchymal","#F0E442"
"kkkplfdd-1",11.3786798054903,0.79851609901983,8285.3984375,-8042.99560546875,"Mesenchymal","#F0E442"
"kkkplfkd-1",10.6570201451509,1.52978086905081,8277.7138671875,-8030.40185546875,"Mesenchymal","#F0E442"
"kkkpnegd-1",7.79123120853591,2.18482864336569,8267.0537109375,-8088.00732421875,"Mesenchymal","#F0E442"
"kklaabdj-1",10.5309520299165,0.333205048604791,8286.4033203125,-8076.103515625,"Mesenchymal","#F0E442"
"kklacbep-1",10.9004149968355,0.575428132577722,8285.8251953125,-8086.88134765625,"Mesenchymal","#F0E442"
"kklaceag-1",2.98345738002944,-2.34556090398234,8290.8857421875,-8022.8173828125,"Mesenchymal","#F0E442"
"kklaciji-1",-4.02346748760057,-1.265245910124,8299.6455078125,-8024.01123046875,"Epi_SecA","#E69F00"
"kklagomf-1",-4.57374996593309,-1.38074433370035,8303.3056640625,-8018.32421875,"Epi_SecA","#E69F00"
"kklajhac-1",-3.77366203716111,-1.59485375447672,8293.1904296875,-8011.32080078125,"Epi_SecA","#E69F00"
"kklampin-1",-3.67247909953904,0.730756406350915,8227.0263671875,-7978.197265625,"Epi_SecA","#E69F00"
"kklapipi-1",6.58278852054763,-1.42610299153727,8259.015625,-8040.04833984375,"Mesenchymal","#F0E442"
"kklbajeh-1",11.8644853169649,0.123379115625207,8261.92578125,-8030.951171875,"Mesenchymal","#F0E442"
"kklbbfik-1",10.7620645100801,-0.200761954621489,8271.4697265625,-8035.5556640625,"Mesenchymal","#F0E442"
"kklbbiod-1",9.67792563984084,1.36441410021383,8272.2177734375,-8027.63671875,"Mesenchymal","#F0E442"
"kklbcepf-1",11.1723580891817,-0.270528565482314,8263.90234375,-8040.1103515625,"Mesenchymal","#F0E442"
"kklbmiao-1",11.0102906758516,0.850010220571343,8273.857421875,-8016.044921875,"Mesenchymal","#F0E442"
"kklbmnej-1",11.1075616414278,0.208477680249993,8265.861328125,-8023.076171875,"Mesenchymal","#F0E442"
"kklbonkn-1",-2.72029966762376,-2.21634280248087,8235.7626953125,-7983.64453125,"Epi_SecA","#E69F00"
"kklcaeio-1",-4.38594526698899,0.433718387647454,8248.8681640625,-7978.40380859375,"Epi_SecA","#E69F00"
"kklccpde-1",2.0675950581758,-2.51104127927225,8240.7412109375,-7976.494140625,"Mesenchymal","#F0E442"
"kklcgpap-1",9.76638465473342,-1.6536828236143,8244.544921875,-8130.9873046875,"Mesenchymal","#F0E442"
"kklchojg-1",9.19371276447463,2.56686222986776,8258.23046875,-8144.91845703125,"Mesenchymal","#F0E442"
"kklckddb-1",10.0315595204561,0.965709571405236,8250.4296875,-8140.11083984375,"Mesenchymal","#F0E442"
"kklclocm-1",11.1621003682344,-1.38740789456766,8239.390625,-8141.650390625,"Mesenchymal","#F0E442"
"kklcnnjf-1",11.0088315541475,-0.741001542047675,8243.859375,-8143.7548828125,"Mesenchymal","#F0E442"
"kklcooel-1",8.86526923725295,-4.8414303020994,8235.037109375,-8134.21240234375,"Plasma cell","#005685"
"kklcplad-1",9.19159656116652,1.57344496683675,8249.7666015625,-8151.91943359375,"Mesenchymal","#F0E442"
"kklddcia-1",8.03572946140456,-2.17777335210245,8243.7041015625,-8162.78369140625,"Mesenchymal","#F0E442"
"kkldemfb-1",7.75994353840041,2.74783480600912,8248.6396484375,-8165.34326171875,"Mesenchymal","#F0E442"
"kkldfndo-1",10.6277108723848,0.486042384668176,8256.6357421875,-8162.51708984375,"Mesenchymal","#F0E442"
"kkldgbfo-1",7.91726403782058,2.20711744265157,8249.197265625,-8158.634765625,"Mesenchymal","#F0E442"
"kkldigad-1",7.28326993534255,-1.30175673528116,8229.802734375,-8143.43359375,"Mesenchymal","#F0E442"
"kkldnjeh-1",7.90698724338698,-0.40034368200701,8234.31640625,-8160.40283203125,"Mesenchymal","#F0E442"
"kkleakdi-1",10.8630042607515,0.146307517453019,8235.8984375,-8150.2060546875,"Mesenchymal","#F0E442"
"kklebgca-1",9.71594291279006,-1.90967535539072,8222.263671875,-8205.111328125,"Mesenchymal","#F0E442"
"kklecmpp-1",-2.43891663005662,-1.14253997369211,8200.318359375,-8198.51953125,"Epi_SecA","#E69F00"
"kklefadl-1",11.4650931889741,-0.68190097375315,8232.763671875,-8221.4990234375,"Mesenchymal","#F0E442"
"kkleibid-1",10.3631778294771,4.32888925509054,8235.1923828125,-8243.8203125,"Pericyte_SM","#0072B2"
"kklelgen-1",10.3981910283296,0.711952869458978,8227.197265625,-8236.68359375,"Mesenchymal","#F0E442"
"kklemcni-1",11.1197124058931,0.663324718042199,8238.4453125,-8234.37109375,"Mesenchymal","#F0E442"
"kkleocik-1",11.103643947336,-0.864159162477668,8226.1708984375,-8216.8837890625,"Mesenchymal","#F0E442"
"kkleoego-1",10.9142413670747,0.165546004339044,8232.185546875,-8231.65625,"Mesenchymal","#F0E442"
"kklepkkc-1",10.3613563115327,-1.71705257459086,8206.5908203125,-8245.125,"Mesenchymal","#F0E442"
"kklfcgff-1",8.63180785724807,0.975265388055627,8211.4765625,-8244.0654296875,"Mesenchymal","#F0E442"
"kklfckkm-1",10.947879367563,-1.29298471970957,8213.228515625,-8250.9384765625,"Mesenchymal","#F0E442"
"kklfebek-1",11.1106019551485,-1.10175203843516,8219.4423828125,-8220.599609375,"Mesenchymal","#F0E442"
"kklfgaeb-1",11.1938386494844,-1.56562709374827,8221.05078125,-8245.4765625,"Mesenchymal","#F0E442"
"kklfhnen-1",10.9566178853242,-0.359289194778617,8214.45703125,-8231.994140625,"Mesenchymal","#F0E442"
"kklflafm-1",8.06321673938918,2.10383236841757,8238.4853515625,-8185.74365234375,"Mesenchymal","#F0E442"
"kklfmkhg-1",10.3098350102632,0.462008659406487,8236.974609375,-8175.9951171875,"Mesenchymal","#F0E442"
"kklfnoih-1",9.65145068714309,1.36507773832876,8239.470703125,-8168.32861328125,"Mesenchymal","#F0E442"
"kklfnokb-1",8.8660569722383,-3.73092448277872,8229.810546875,-8174.8271484375,"Plasma cell","#005685"
"kklfnppb-1",10.3463969762056,1.09372365908224,8234.8056640625,-8199.06640625,"Mesenchymal","#F0E442"
"kklgfiem-1",9.67312007496047,1.06453836397726,8247.07421875,-8209.2802734375,"Mesenchymal","#F0E442"
"kklgfoin-1",6.7484860951631,3.22547567324239,8255.7158203125,-8207.33984375,"Mesenchymal","#F0E442"
"kklgoahg-1",10.9342914159029,1.92783344225485,8255.1904296875,-8216.6005859375,"Mesenchymal","#F0E442"
"kklgphak-1",11.190311008188,-0.608674462274726,8247.876953125,-8222.251953125,"Mesenchymal","#F0E442"
"kklhbmdc-1",11.237770610544,-1.36704408688944,8230.1376953125,-8205.673828125,"Mesenchymal","#F0E442"
"kklhbpff-1",11.4358134801118,0.546534482999627,8242.173828125,-8208.66796875,"Mesenchymal","#F0E442"
"kklhckfl-1",11.5434089238374,-0.397479291395362,8239.5517578125,-8218.6689453125,"Mesenchymal","#F0E442"
"kklhgbcn-1",8.80065494129348,2.76950276331503,8250.3408203125,-8174.64013671875,"Mesenchymal","#F0E442"
"kklhghdb-1",10.1845527226655,1.67728233770925,8251.2626953125,-8201.07421875,"Mesenchymal","#F0E442"
"kklhgmgj-1",10.7481923634737,0.369400118156259,8256.6220703125,-8190.708984375,"Mesenchymal","#F0E442"
"kklhigna-1",5.05445628711867,3.03983915285665,8244.73828125,-8178.27001953125,"Mesenchymal","#F0E442"
"kklhihna-1",10.1501346165864,0.758715991540734,8254.5107421875,-8178.53662109375,"Mesenchymal","#F0E442"
"kklhjopj-1",4.63114386150527,-2.45436083836954,8228.169921875,-8158.8740234375,"Macrophage","#CC79A7"
"kklhkjhm-1",6.36326366016555,-1.21892392201823,8227.31640625,-8185.3369140625,"Mesenchymal","#F0E442"
"kklhknbd-1",9.85022025654006,-1.80841898484629,8227.74609375,-8167.1953125,"Mesenchymal","#F0E442"
"kklhoejd-1",-2.51607579639268,-3.12749611897867,8194.9228515625,-8173.7978515625,"Epi_SecB","#56B4E9"
"kklhphgn-1",-5.64666218211961,0.643135253949945,8292.3603515625,-8117.62451171875,"Epi_SecA","#E69F00"
"kkliacoc-1",-2.86942905834031,1.86688244776327,8296.4150390625,-8133.8994140625,"Epi_SecB","#56B4E9"
"kklidbjl-1",-5.77001470973802,0.257397179170434,8303.2646484375,-8139.1044921875,"Epi_SecA","#E69F00"
"kkliddjf-1",-5.78229994228196,-0.559090431169684,8296.2021484375,-8126.2490234375,"Epi_SecA","#E69F00"
"kklieign-1",10.6343436772554,0.993531708284204,8276.03125,-8139.09375,"Mesenchymal","#F0E442"
"kkliigen-1",8.64389520237136,3.20682537989217,8268.953125,-8144.8720703125,"Mesenchymal","#F0E442"
"kklilddh-1",10.6300015980928,1.50800228552419,8267.599609375,-8135.5625,"Mesenchymal","#F0E442"
"kklilpbd-1",7.31636958667922,1.05590117411215,8283.0322265625,-8140.52001953125,"Mesenchymal","#F0E442"
"kkliphjg-1",6.12911563465285,-0.527690614895041,8281.439453125,-8147.03369140625,"Macrophage","#CC79A7"
"kkljaklg-1",10.5271611745088,4.5209063334902,8272.03125,-8122.86572265625,"Endothelial","#D55E00"
"kkljddne-1",10.6706672246187,0.347536240382974,8261.1806640625,-8134.03857421875,"Mesenchymal","#F0E442"
"kkljdjec-1",10.3962474400728,1.04062176184255,8279.755859375,-8131.791015625,"Mesenchymal","#F0E442"
"kkljikei-1",10.9470115239351,4.04181468920309,8271.2685546875,-8130.46435546875,"Pericyte_SM","#0072B2"
"kkljkbge-1",8.35597615787673,-0.573480303720649,8282.5693359375,-8123.421875,"Mesenchymal","#F0E442"
"kkljndin-1",9.52127700397658,0.769731943174188,8266.9833984375,-8247.974609375,"Mesenchymal","#F0E442"
"kkljphhd-1",11.0664735371797,-1.89560532136362,8274.865234375,-8249.49609375,"Mesenchymal","#F0E442"
"kklkbjcf-1",11.1036572987764,0.140806217356507,8270.44921875,-8267.1630859375,"Mesenchymal","#F0E442"
"kklkehgo-1",9.61915927478957,-2.30186140103739,8259.248046875,-8268.7978515625,"Mesenchymal","#F0E442"
"kklkemck-1",10.6141973073213,-0.977502162889655,8259.8779296875,-8254.92578125,"Mesenchymal","#F0E442"
"kklkepfk-1",10.1115623051851,-0.88551961942118,8265.7705078125,-8266.9560546875,"Mesenchymal","#F0E442"
"kklkgpjk-1",3.22868543216872,-2.52401434941691,8278.1162109375,-8269.25390625,"Mesenchymal","#F0E442"
"kklkhkkl-1",10.2676187092988,-1.66659128232401,8274.9169921875,-8260.7734375,"Mesenchymal","#F0E442"
"kklkhlal-1",10.5670581395357,-1.65553962750834,8266.294921875,-8298.40625,"Mesenchymal","#F0E442"
"kklkjfne-1",10.8749404484956,-1.13757609887522,8263.7587890625,-8288.4677734375,"Mesenchymal","#F0E442"
"kklkjkke-1",-6.6568774645598,1.51649082140524,8287.10546875,-8269.9658203125,"Epi_SecA","#E69F00"
"kklklijj-1",-6.81680960109544,-0.930678482488807,8295.052734375,-8282.728515625,"Epi_SecA","#E69F00"
"kkllbdge-1",-7.37244266918016,-0.547992970184501,8295.3134765625,-8302.7373046875,"Epi_SecA","#E69F00"
"kkllbkop-1",-4.16804356029344,-3.1465901093046,8318.51171875,-8261.7978515625,"Epi_SecB","#56B4E9"
"kkllddao-1",7.12910752842116,2.47868097261984,8265.037109375,-8154.49658203125,"Mesenchymal","#F0E442"
"kkllffnf-1",10.8994546467988,-0.929576690630134,8272.5361328125,-8179.5185546875,"Mesenchymal","#F0E442"
"kkllkmah-1",11.0377851063936,-0.792098458246406,8262.58203125,-8174.99951171875,"Mesenchymal","#F0E442"
"kkllnpac-1",10.9844155842988,0.467343990369622,8270.345703125,-8167.716796875,"Mesenchymal","#F0E442"
"kklmbjkp-1",10.2641768986909,-1.31070375008982,8278.4130859375,-8167.8759765625,"Mesenchymal","#F0E442"
"kklmbpji-1",9.13078837940383,1.85472453074056,8278.2392578125,-8155.72021484375,"Mesenchymal","#F0E442"
"kklmcgkg-1",10.6161389882295,-0.522185678915198,8273.294921875,-8219.8330078125,"Mesenchymal","#F0E442"
"kklmclgg-1",10.3287978703706,1.69351196722585,8264.365234375,-8237.8251953125,"Mesenchymal","#F0E442"
"kklmdjme-1",11.2544522816865,-1.15472292466563,8268.892578125,-8224.1884765625,"Mesenchymal","#F0E442"
"kklmiajd-1",8.8100095326631,0.634487514062707,8268.240234375,-8189.9462890625,"Mesenchymal","#F0E442"
"kklnaabm-1",11.2813306386201,-0.376961852745231,8264.7939453125,-8204.6123046875,"Mesenchymal","#F0E442"
"kklncbmg-1",10.4563251073091,-1.41514932675761,8274.466796875,-8212.576171875,"Mesenchymal","#F0E442"
"kklndcia-1",10.5214267308443,-0.318872939185317,8269.62109375,-8207.396484375,"Mesenchymal","#F0E442"
"kklnibjk-1",-4.24929184367967,-3.30235492749613,8314.240234375,-8228.619140625,"Epi_SecA","#E69F00"
"kklnknic-1",-4.12477344920945,-3.22017132802408,8305.392578125,-8237.8330078125,"Epi_SecB","#56B4E9"
"kklnokbf-1",-3.12075228145433,-2.59871494336527,8293.5615234375,-8228.966796875,"Epi_SecB","#56B4E9"
"kklofaff-1",-2.02302855899644,-1.49624979062479,8288.4990234375,-8211.849609375,"Epi_SecB","#56B4E9"
"kklojhap-1",-3.71889681270433,-2.31045281453532,8295.5341796875,-8190.62841796875,"Epi_SecB","#56B4E9"
"kkloleek-1",-4.95138592174363,-1.03786855502528,8223.5517578125,-8089.71337890625,"Epi_SecA","#E69F00"
"kklomffh-1",-6.55713219096971,1.7331022067507,8231.9443359375,-8082.044921875,"Epi_SecA","#E69F00"
"kklomojg-1",8.61753993580031,4.16452539400655,8261.0546875,-8075.0693359375,"Mesenchymal","#F0E442"
"kklooogj-1",7.7184043462007,2.17711055712301,8273.4912109375,-8099.00927734375,"Mesenchymal","#F0E442"
"kklpbnoc-1",10.0727325017183,6.09338129000265,8259.2802734375,-8080.783203125,"Endothelial","#D55E00"
"kklpemfd-1",9.2289834553926,-1.74067306085032,8254.87890625,-8081.8681640625,"Mesenchymal","#F0E442"
"kklpkaeo-1",11.4319148595064,-0.675769026712592,8265.216796875,-8062.56005859375,"Mesenchymal","#F0E442"
"kklplnhj-1",7.3432617718904,2.9892250342806,8255.375,-8067.27783203125,"Mesenchymal","#F0E442"
"kklplphl-1",10.1010051305025,1.5781686349352,8258.8154296875,-8064.2119140625,"Mesenchymal","#F0E442"
"kklpmmnm-1",10.3538585240571,1.94036019281942,8269.9658203125,-8064.32861328125,"Mesenchymal","#F0E442"
"kkmadand-1",-6.54465908458543,1.54265249209005,8247.41015625,-8057.3193359375,"Epi_SecA","#E69F00"
"kkmaifdp-1",5.56939464161086,-2.05673205418986,8250.419921875,-8079.41455078125,"Macrophage","#CC79A7"
"kkmakddj-1",-6.21759504726243,0.153707672520463,8229.875,-8073.22314453125,"Epi_SecA","#E69F00"
"kkmamjkk-1",-6.64561457088304,1.59764087633688,8241.6396484375,-8067.78125,"Epi_SecA","#E69F00"
"kkmanpjc-1",-5.30217213085008,-0.177314902977164,8228.919921875,-8060.66650390625,"Epi_SecA","#E69F00"
"kkmapohi-1",11.1633563573091,-0.72172522111338,8258.26953125,-8050.26708984375,"Mesenchymal","#F0E442"
"kkmbbdal-1",-4.88840336253953,0.979042772813623,8250.2109375,-8048.3662109375,"Epi_SecA","#E69F00"
"kkmbdglk-1",-4.25067085674119,-0.761401887373145,8234.220703125,-8050.203125,"Epi_SecA","#E69F00"
"kkmbkddk-1",-6.09277433803392,-0.17901060296696,8303.7197265625,-8111.25732421875,"Epi_SecA","#E69F00"
"kkmbodim-1",-5.96123594692063,-1.47143721146982,8300.470703125,-8102.00830078125,"Epi_SecA","#E69F00"
"kkmboilp-1",11.5229621464937,-0.600622590021308,8274.626953125,-8108.8359375,"Mesenchymal","#F0E442"
"kkmcffho-1",3.35446792194533,-2.2897273258726,8291.34375,-8153.7978515625,"Macrophage","#CC79A7"
"kkmciemf-1",9.63894610950637,0.347018127008264,8278.0966796875,-8118.298828125,"Mesenchymal","#F0E442"
"kkmdaieo-1",10.4236760670869,-1.05000876946848,8282.248046875,-8113.859375,"Mesenchymal","#F0E442"
"kkmdcjak-1",9.15116935321975,-0.460922922329123,8286.2041015625,-8094.21923828125,"Mesenchymal","#F0E442"
"kkmddkcl-1",-2.33483499934983,-0.96942036910456,8291.4404296875,-8105.0556640625,"Epi_SecA","#E69F00"
"kkmdfapf-1",1.15589543530631,-2.53677880330485,8291.927734375,-8098.0556640625,"Epi_SecA","#E69F00"
"kkmdiain-1",9.01089721271682,-3.9590650753538,8279.6904296875,-8097.8828125,"Plasma cell","#005685"
"kkmdojgo-1",-5.29986996105027,0.520133916898553,8202.95703125,-8097.517578125,"Epi_SecA","#E69F00"
"kkmeblpm-1",4.80677037784743,-1.83627545400065,8229.748046875,-8153.71240234375,"Macrophage","#CC79A7"
"kkmeclfa-1",-3.68741793086839,-0.590818728641684,8197.9345703125,-8151.93017578125,"Epi_SecA","#E69F00"
"kkmedbpc-1",0.729473662617682,-2.82589327855509,8195.236328125,-8122.93994140625,"Epi_SecB","#56B4E9"
"kkmedhah-1",-1.84228796413255,-1.21612929864329,8194.3779296875,-8137.50341796875,"Epi_SecA","#E69F00"
"kkmelgkn-1",-3.31684441020799,-2.18717729611796,8196.6328125,-8131.38916015625,"Epi_SecA","#E69F00"
"kkmeogdi-1",-5.5800575678618,-0.237919072941955,8217.205078125,-8098.99267578125,"Epi_SecA","#E69F00"
"kkmeogjm-1",10.4325585896699,6.18406141237814,8262,-8087.513671875,"Endothelial","#D55E00"
"kkmeoock-1",10.7011457020967,0.712716464563195,8268.390625,-8098.44482421875,"Mesenchymal","#F0E442"
"kkmephkh-1",8.64688640186477,-1.49959396882456,8256.3603515625,-8097.8662109375,"Mesenchymal","#F0E442"
"kkmfbdml-1",11.5677810246675,-1.25369882150095,8252.3271484375,-8091.13525390625,"Mesenchymal","#F0E442"
"kkmfcejf-1",8.5913348729341,-1.83970164819163,8248.4052734375,-8125.453125,"Mesenchymal","#F0E442"
"kkmfdain-1",9.03101878711867,-4.25748216672343,8245.4716796875,-8123.013671875,"Mesenchymal","#F0E442"
"kkmfipak-1",3.56126027652907,-5.31229555173319,8241.5224609375,-8115.1123046875,"Epi_SecA","#E69F00"
"kkmfjlbn-1",11.0760493809907,-0.768090303377326,8250.6650390625,-8113.3955078125,"Mesenchymal","#F0E442"
"kkmflbbp-1",9.98781734058547,-0.0820586218918518,8251.943359375,-8127.04052734375,"Mesenchymal","#F0E442"
"kkmfnlfl-1",9.64487987110305,-1.66558622880381,8252.486328125,-8104.69189453125,"Mesenchymal","#F0E442"
"kkmfnoah-1",9.90265422413039,0.211401645704095,8258.3759765625,-8107.79638671875,"Mesenchymal","#F0E442"
"kkmfphgd-1",6.53108077594924,-3.47608863873881,8264.8095703125,-8113.0908203125,"T cell","#1C91D4"
"kkmgaoea-1",10.3144336278169,-0.0864260316314952,8260.4130859375,-8121.73779296875,"Mesenchymal","#F0E442"
"kkmgbelp-1",-5.40597814967942,-0.420148815349753,8230.2509765625,-8107.34765625,"Epi_SecA","#E69F00"
"kkmgbfba-1",-6.02136940410447,0.769021336599175,8231.1533203125,-8096.8720703125,"Epi_SecA","#E69F00"
"kkmgcpob-1",-4.7744254534514,-2.44682418866556,8312.203125,-8657.9296875,"Epi_SecA","#E69F00"
"kkmgighk-1",1.32925873348403,-2.74624192281168,8307.5146484375,-8662.55859375,"Epi_SecA","#E69F00"
"kkmgiigi-1",1.60473441431212,-2.67260849042338,8301.8427734375,-8650.9970703125,"Epi_SecB","#56B4E9"
"kkmgkcce-1",0.476321601363896,-3.01881920857828,8405.431640625,-8672.59375,"Epi_SecA","#E69F00"
"kkmgkffd-1",-1.93107075145555,-3.08845412297648,8396.376953125,-8674.826171875,"Epi_SecB","#56B4E9"
"kkmgkopm-1",-4.92683786800218,-3.13829075856608,8375.0009765625,-8670.2470703125,"Epi_SecB","#56B4E9"
"kkmgpgbb-1",-1.20948452403855,0.179693971439187,8373.380859375,-8679.4462890625,"Epi_SecB","#56B4E9"
"kkmgpmnh-1",-5.31012720516038,-2.73351060910624,8381.2138671875,-8672.341796875,"Epi_SecA","#E69F00"
"kkmhadfe-1",-6.90333313396287,2.42609584765035,8273.6748046875,-8657.611328125,"Epi_SecA","#E69F00"
"kkmhdfaj-1",1.63936369964766,3.04828608469564,8280.48046875,-8683.677734375,"Epi_SecA","#E69F00"
"kkmhedkn-1",-3.51765818050218,3.27459967569906,8280.4208984375,-8678.802734375,"Epi_SecA","#E69F00"
"kkmhippj-1",-4.17375606944871,-1.96403407617014,8270.744140625,-8682.0400390625,"Epi_SecA","#E69F00"
"kkmhjoed-1",-6.72659296443772,0.582219128175561,8265.2470703125,-8662.1796875,"Epi_SecA","#E69F00"
"kkmhncjd-1",-6.84130949428392,0.425241355462853,8271.0078125,-8671.4296875,"Epi_SecA","#E69F00"
"kkmhneek-1",-5.19734568050218,-2.25618731542033,8389.4951171875,-8647.1220703125,"Epi_SecA","#E69F00"
"kkmhohjm-1",-5.12109655788255,-3.0585728840391,8373.1748046875,-8660.7109375,"Epi_SecA","#E69F00"
"kkmhpehf-1",-5.35361809184861,-2.41927635236185,8382.498046875,-8658.4306640625,"Epi_SecA","#E69F00"
"kkmhpoin-1",-5.39210409572435,-1.66004156632822,8379.98046875,-8648.83203125,"Epi_SecA","#E69F00"
"kkmicdhg-1",-8.10124058177781,2.10008037523824,8294.2919921875,-8662.8154296875,"Epi_SecA","#E69F00"
"kkmifbmb-1",-5.1161264841826,0.240116958185021,8296.693359375,-8682.69921875,"Epi_SecA","#E69F00"
"kkmihgol-1",-7.83754200389695,1.80269241766531,8288.30078125,-8671.5185546875,"Epi_SecA","#E69F00"
"kkmiloip-1",-8.42512077739549,2.34217346148092,8287.505859375,-8650.45703125,"Epi_SecA","#E69F00"
"kkmininm-1",-5.3879246180327,2.47072542147238,8296.6591796875,-8655.857421875,"Epi_SecA","#E69F00"
"kkminkfc-1",-7.32419056346727,3.09880698160726,8244.6904296875,-8653.333984375,"Epi_SecA","#E69F00"
"kkmiobce-1",-5.77517647197557,-0.24764669998091,8258.4462890625,-8682.3466796875,"Epi_SecA","#E69F00"
"kkmipaji-1",-5.90147489955735,0.755471472307031,8261.158203125,-8663.439453125,"Epi_SecA","#E69F00"
"kkmjgnnf-1",-7.01055187633348,2.63103688196737,8256.275390625,-8647.0654296875,"Epi_SecA","#E69F00"
"kkmjidbh-1",3.27460723468947,2.71314967112142,8382.1650390625,-8745.7314453125,"Epi_SecA","#E69F00"
"kkmjkoab-1",2.34716015407729,2.07984078363973,8408.544921875,-8736.57421875,"Epi_SecA","#E69F00"
"kkmjlcmf-1",-0.160198635366679,1.97429860071737,8396.9384765625,-8732.515625,"Epi_SecA","#E69F00"
"kkmkalce-1",0.939724468681096,1.11111498312551,8393.9052734375,-8742.2412109375,"Epi_SecA","#E69F00"
"kkmldmeg-1",8.55866485187697,4.55513227419454,8255.8681640625,-8744.2275390625,"Mesenchymal","#F0E442"
"kkmljpcg-1",8.42686658451247,4.91711080507833,8257.158203125,-8731.341796875,"Endothelial","#D55E00"
"kkmllngg-1",4.73702936718154,-4.991693134741,8254.744140625,-8716.1484375,"Mesenchymal","#F0E442"
"kkmlopjc-1",-4.29773039272142,-0.370705272392447,8269.8095703125,-8710.07421875,"Epi_SecA","#E69F00"
"kkmmekcc-1",1.78403430530715,3.0517422004183,8265.2353515625,-8737.2802734375,"Epi_SecA","#E69F00"
"kkmmiohh-1",-1.23503536632371,2.29660976366598,8283.505859375,-8716.5732421875,"Epi_SecA","#E69F00"
"kkmmjdec-1",-0.805363125112773,2.04080498652059,8278.20703125,-8713.6923828125,"Epi_SecA","#E69F00"
"kkmmlnam-1",1.88659363338637,1.47217584089834,8263.11328125,-8751.994140625,"Epi_SecB","#56B4E9"
"kkmmncef-1",2.4909132058351,3.1370419307192,8259.6796875,-8763.994140625,"Epi_SecA","#E69F00"
"kkmmofgk-1",-1.71316570689988,-0.81054722829264,8281.31640625,-8688.6142578125,"Epi_SecA","#E69F00"
"kkmnacdb-1",-0.793027586248637,1.78080964521963,8281.7119140625,-8695.923828125,"Epi_SecA","#E69F00"
"kkmnaelg-1",1.78283231804061,2.6803609176119,8281.6328125,-8726.6494140625,"Epi_SecA","#E69F00"
"kkmnbdeg-1",2.42744951793837,2.83255947069723,8371.84375,-8763.98046875,"Epi_SecA","#E69F00"
"kkmnccni-1",3.84691339084792,-1.25996684594553,8372.6318359375,-8737.5927734375,"Macrophage","#CC79A7"
"kkmngodn-1",2.78772335598159,2.89566195444662,8354.4033203125,-8770.9921875,"Epi_SecA","#E69F00"
"kkmngpan-1",2.37441115925002,3.01933157877523,8366.234375,-8754.1435546875,"Epi_SecA","#E69F00"
"kkmnibin-1",2.5408194596498,2.8878108306368,8361.9287109375,-8766.654296875,"Epi_SecA","#E69F00"
"kkmnidoe-1",0.528298148009061,-2.66306459470194,8309.6484375,-8694.9912109375,"Epi_SecA","#E69F00"
"kkmnleic-1",-4.50029272487474,-3.46325861974161,8402.3154296875,-8691.751953125,"Epi_SecA","#E69F00"
"kkmnlofo-1",-4.91831392696214,-0.530641640857871,8290.7578125,-8689.2802734375,"Epi_SecA","#E69F00"
"kkmobdmc-1",1.82158332416701,-2.3550029949705,8294.1982421875,-8704.7236328125,"Epi_SecA","#E69F00"
"kkmodfin-1",3.03438311168837,0.577922348542993,8296.7041015625,-8713.8154296875,"Epi_SecA","#E69F00"
"kkmokdjm-1",2.04895012924361,-2.82064115567606,8302.3095703125,-8693.9931640625,"Mesenchymal","#F0E442"
"kkofacin-1",6.54174047062087,-4.34853994412821,8206.205078125,-8696.6943359375,"T cell","#1C91D4"
"kkofafpo-1",10.3183274800508,0.6780672712763,8197.0205078125,-8712.8330078125,"Mesenchymal","#F0E442"
"kkofcpbj-1",10.7134700352876,3.22401226000387,8199.3876953125,-8698.755859375,"Mesenchymal","#F0E442"
"kkofneko-1",9.79731231281447,1.88054490522939,8194.015625,-8699.400390625,"Mesenchymal","#F0E442"
"kkofpkmb-1",8.98982291767287,-0.0669548691670255,8206.658203125,-8709.2763671875,"Mesenchymal","#F0E442"
"kkogbinn-1",10.8343444401948,4.34540164904196,8203.5517578125,-8706.8154296875,"Mesenchymal","#F0E442"
"kkogggld-1",10.4370303685396,1.00305498079855,8192.439453125,-8765.2021484375,"Mesenchymal","#F0E442"
"kkogkbmp-1",10.5896630818574,0.527995113893334,8195.2626953125,-8781.5908203125,"Mesenchymal","#F0E442"
"kkognmoe-1",10.7475524480073,-0.568426068262275,8201.7861328125,-8773.09765625,"Mesenchymal","#F0E442"
"kkohhiia-1",11.1891322667329,-0.757555778459723,8196.859375,-8753.4111328125,"Mesenchymal","#F0E442"
"kkohkmag-1",10.0796981389253,0.882911686464135,8202.7919921875,-8760.044921875,"Mesenchymal","#F0E442"
"kkohlbkn-1",10.7885985905855,0.0958322329958125,8200.0986328125,-8758.5947265625,"Mesenchymal","#F0E442"
"kkohljfb-1",6.67702012607741,2.78680551485616,8192.84765625,-8749.5087890625,"Mesenchymal","#F0E442"
"kkohmcom-1",10.908382945749,4.21597516970236,8205.35546875,-8719.658203125,"Mesenchymal","#F0E442"
"kkoibfdf-1",7.01587539264846,2.75315225557882,8194.611328125,-8732.6279296875,"Mesenchymal","#F0E442"
"kkoidnhi-1",8.90240436145949,1.02684867815572,8195.7861328125,-8741.4423828125,"Mesenchymal","#F0E442"
"kkoifnna-1",7.48413854190993,2.30592358545858,8195.1533203125,-8723.771484375,"Mesenchymal","#F0E442"
"kkoijgla-1",9.73352008411574,5.31133115725118,8202.3037109375,-8727.2373046875,"Endothelial","#D55E00"
"kkoiknbo-1",10.2347665364473,5.355399493738,8209.974609375,-8752.36328125,"Endothelial","#D55E00"
"kkoilpep-1",9.48258262226271,5.0743445201357,8206.724609375,-8762.9248046875,"Endothelial","#D55E00"
"kkoinfik-1",10.8089738423555,4.98991048769552,8212.4501953125,-8762.2822265625,"Pericyte_SM","#0072B2"
"kkoinifb-1",9.0808892781465,0.315132503076379,8217.8623046875,-8756.5322265625,"Mesenchymal","#F0E442"
"kkoipecm-1",11.3971248204439,-0.850034172968085,8224.1787109375,-8772.12109375,"Mesenchymal","#F0E442"
"kkojacab-1",7.94081454822707,-0.605682249502356,8234.64453125,-8771.9404296875,"Mesenchymal","#F0E442"
"kkojanlb-1",8.87876182148146,-3.98344409032267,8243.181640625,-8770.0341796875,"Plasma cell","#005685"
"kkojcpad-1",5.40461879322219,-0.838638420538123,8243.158203125,-8780.1416015625,"Mesenchymal","#F0E442"
"kkojdlae-1",7.71755796024489,-0.0886311040679769,8225.5380859375,-8786.9248046875,"Mesenchymal","#F0E442"
"kkojdodj-1",6.07087808201003,3.34875715212423,8229.458984375,-8799.076171875,"Mesenchymal","#F0E442"
"kkojgbcb-1",1.20235248753714,2.95446312861044,8244.9599609375,-8793.6640625,"Epi_SecA","#E69F00"
"kkojiknn-1",7.43163114139724,1.58068967299062,8238.5849609375,-8790.0693359375,"Mesenchymal","#F0E442"
"kkojjkjo-1",10.5366521413057,1.86171877817709,8219.3427734375,-8794.26171875,"Mesenchymal","#F0E442"
"kkojlcaa-1",10.9376378590791,5.85184133486349,8205.6787109375,-8785.1474609375,"Endothelial","#D55E00"
"kkojlnfo-1",10.769487910959,6.18640220598776,8211.2197265625,-8787.61328125,"Endothelial","#D55E00"
"kkojolgc-1",10.9577699238985,6.17179286913473,8208.248046875,-8773.5107421875,"Endothelial","#D55E00"
"kkokapke-1",11.4434562260835,-0.830017741159614,8218.060546875,-8768.2646484375,"Mesenchymal","#F0E442"
"kkokbehk-1",8.69530540058303,-3.22442018552225,8244.978515625,-8753.09765625,"Plasma cell","#005685"
"kkokbmeh-1",5.91228252002883,1.57822168306905,8239.9912109375,-8763.3271484375,"Mesenchymal","#F0E442"
"kkokhiji-1",9.9772573048799,0.485361878438775,8234.7744140625,-8760.0126953125,"Mesenchymal","#F0E442"
"kkokkjff-1",9.67561297962355,-1.93333911462229,8235.0859375,-8716.96484375,"Mesenchymal","#F0E442"
"kkolcfee-1",6.26615577289748,-4.4495845989744,8237.2177734375,-8726.1181640625,"T cell","#1C91D4"
"kkoleikf-1",9.21760421344924,-0.35169803662699,8248.3984375,-8727.845703125,"Mesenchymal","#F0E442"
"kkolejge-1",8.10946994373488,-1.05486863418024,8225.2021484375,-8718.1044921875,"Mesenchymal","#F0E442"
"kkolfhpj-1",9.34266715595412,-1.03903525634211,8245.2255859375,-8719.5869140625,"Mesenchymal","#F0E442"
"kkolnmam-1",9.8842626149385,-0.368539567426856,8239.4482421875,-8745.3251953125,"Mesenchymal","#F0E442"
"kkoloceg-1",8.62033849308181,-2.42687475247782,8232.435546875,-8732.9736328125,"Mesenchymal","#F0E442"
"kkombbia-1",8.62795310566115,-4.29065763516825,8236.2275390625,-8733.6376953125,"Plasma cell","#005685"
"kkombnpe-1",10.9918323094575,0.802611534162347,8227.47265625,-8736.1162109375,"Mesenchymal","#F0E442"
"kkomkpcl-1",9.08333831379104,5.00083101229269,8226.9814453125,-8744.2724609375,"Endothelial","#D55E00"
"kkommoii-1",8.53383689472365,1.92284596399862,8249.1845703125,-8738.408203125,"Mesenchymal","#F0E442"
"kkomngap-1",8.92918353626418,1.49675286249716,8241.46875,-8736.953125,"Mesenchymal","#F0E442"
"kkomnnoe-1",10.5078530842988,2.35029519037801,8219.1884765625,-8748.57421875,"Mesenchymal","#F0E442"
"kkomojjc-1",8.98759131977248,-4.28316652341288,8220.837890625,-8723.26171875,"Plasma cell","#005685"
"kkomolon-1",11.4479308659761,-0.635492320493873,8217.0009765625,-8731.1533203125,"Mesenchymal","#F0E442"
"kkonbano-1",10.8800073201387,6.22818410830099,8205.66015625,-8741.7646484375,"Endothelial","#D55E00"
"kkonbpph-1",10.9968076283662,5.7378720088442,8210.2802734375,-8734.794921875,"Endothelial","#D55E00"
"kkondlph-1",10.6838651234834,6.35761869387228,8205.30859375,-8798.9833984375,"Endothelial","#D55E00"
"kkopodac-1",10.0656009251802,0.54983491139013,8194.806640625,-8487.7275390625,"Mesenchymal","#F0E442"
"kkpabpnj-1",9.1804929311006,0.85169768766958,8224.6865234375,-8483.6796875,"Mesenchymal","#F0E442"
"kkpaehef-1",10.8507848317354,4.32179677919943,8217.1669921875,-8474.068359375,"Pericyte_SM","#0072B2"
"kkpafmej-1",10.9184747273653,-0.0820939478884296,8216.8544921875,-8485.5166015625,"Mesenchymal","#F0E442"
"kkpahdfk-1",10.277092509958,0.835497383638207,8209.9296875,-8480.0087890625,"Mesenchymal","#F0E442"
"kkpaiijd-1",8.6839976842134,1.01048434214193,8202.1474609375,-8490.6376953125,"Mesenchymal","#F0E442"
"kkpamgko-1",8.06619029590773,3.74700653986532,8231.861328125,-8548.3515625,"Pericyte_SM","#0072B2"
"kkpanjhb-1",6.52615361759353,4.10037315325338,8239.24609375,-8517.3642578125,"Endothelial","#D55E00"
"kkpanjld-1",8.69458108493972,4.91980541185934,8235.841796875,-8531.0341796875,"Endothelial","#D55E00"
"kkpannad-1",8.75324397632766,2.66501820520956,8231.4130859375,-8500.7236328125,"Mesenchymal","#F0E442"
"kkpbbafo-1",8.23999887058425,3.94116867022115,8233.263671875,-8515.24609375,"Mesenchymal","#F0E442"
"kkpbeiha-1",9.74886470386672,4.5705136104067,8237.5849609375,-8505.4794921875,"Endothelial","#D55E00"
"kkpbhjdj-1",8.83064132282424,3.46970904306967,8245.166015625,-8483.7880859375,"Mesenchymal","#F0E442"
"kkpbiaha-1",9.4463735158174,4.26832139925558,8247.5087890625,-8496.291015625,"Endothelial","#D55E00"
"kkpbilcc-1",10.3638749654024,4.20576894716818,8240.1806640625,-8488.8984375,"Endothelial","#D55E00"
"kkpbkoej-1",3.62978892872023,1.8065326257189,8228.6767578125,-8487.0068359375,"Mesenchymal","#F0E442"
"kkpcahei-1",8.7517900998323,1.58524692492086,8200.91015625,-8468.8408203125,"Mesenchymal","#F0E442"
"kkpcbcmo-1",9.72001033374953,0.827833478017633,8194.3583984375,-8463.888671875,"Mesenchymal","#F0E442"
"kkpcbnkd-1",10.9426351124971,4.09250629381735,8200.8359375,-8528.841796875,"Pericyte_SM","#0072B2"
"kkpcfchf-1",8.43675761768508,-0.574573065475638,8201.9892578125,-8545.29296875,"Mesenchymal","#F0E442"
"kkpckpnk-1",8.49405198642897,-1.87908696694773,8196.2236328125,-8535.5439453125,"Mesenchymal","#F0E442"
"kkpcljea-1",10.9631753499238,5.97638166384298,8208.8173828125,-8534.2734375,"Endothelial","#D55E00"
"kkpcndad-1",7.32633977482009,1.83785725073415,8212.16796875,-8567.89453125,"Mesenchymal","#F0E442"
"kkpcodpf-1",10.1082654530733,1.73053420023519,8209.109375,-8558.2451171875,"Mesenchymal","#F0E442"
"kkpcpknf-1",10.3360133702486,6.11093843416769,8212.6240234375,-8548.7060546875,"Endothelial","#D55E00"
"kkpdabje-1",10.1913142735689,6.33708274797994,8217.3837890625,-8543.6025390625,"Endothelial","#D55E00"
"kkpdfeep-1",8.35525231907058,2.36503422693807,8217.24609375,-8567.77734375,"Mesenchymal","#F0E442"
"kkpdfioc-1",10.5508046681612,5.50559223131735,8219.837890625,-8555.2822265625,"Endothelial","#D55E00"
"kkpdkfna-1",10.4096942479341,2.02693403200704,8227.8662109375,-8533.9140625,"Mesenchymal","#F0E442"
"kkpdlbcl-1",10.3480811650484,0.706858341260736,8220.6494140625,-8532.42578125,"Mesenchymal","#F0E442"
"kkpdohaj-1",9.46357875415969,4.37788188891012,8215.3759765625,-8532.8251953125,"Endothelial","#D55E00"
"kkpdpelg-1",8.54996352741408,2.49120080904562,8224.1083984375,-8495.3056640625,"Mesenchymal","#F0E442"
"kkpdpghe-1",10.0316644246309,0.612032656236474,8224.8974609375,-8514.4990234375,"Mesenchymal","#F0E442"
"kkpdpiok-1",9.70898109028029,1.30070424513418,8215.53515625,-8519.8310546875,"Mesenchymal","#F0E442"
"kkpeaejn-1",9.45677905628371,1.49180400805074,8217.12890625,-8505.634765625,"Mesenchymal","#F0E442"
"kkpeajgc-1",8.50693278858352,4.09124076799947,8199.71875,-8514.5546875,"Endothelial","#D55E00"
"kkpecenl-1",10.322110706064,4.08585727648336,8205.6640625,-8520.6962890625,"Mesenchymal","#F0E442"
"kkpedbbo-1",8.67194610187697,0.383238170905892,8211.5498046875,-8495.73046875,"Mesenchymal","#F0E442"
"kkpegkcn-1",8.79224925586867,0.503600422902886,8194.6962890625,-8509.6181640625,"Mesenchymal","#F0E442"
"kkpepghm-1",10.4191289479463,-0.821141834692176,8198.224609375,-8505.560546875,"Mesenchymal","#F0E442"
"kkpepmjf-1",8.94333510944533,2.90439832644064,8210.2626953125,-8503.8330078125,"Mesenchymal","#F0E442"
"kkpfaanh-1",7.10707336017775,2.70348823504049,8195.1884765625,-8691.5341796875,"Mesenchymal","#F0E442"
"kkpfbeol-1",10.2778935963838,1.32924747900564,8202.5439453125,-8644.751953125,"Mesenchymal","#F0E442"
"kkpfdkji-1",10.4085965687959,4.10270631746847,8203.7177734375,-8679.0419921875,"Mesenchymal","#F0E442"
"kkpffckm-1",9.39853244373488,1.03354049162466,8192.42578125,-8666.017578125,"Mesenchymal","#F0E442"
"kkpffdgd-1",8.77318530628371,1.39132416681844,8198.671875,-8673.267578125,"Mesenchymal","#F0E442"
"kkpfhdjj-1",8.05816751072097,-1.41464650197428,8209.533203125,-8661.525390625,"Mesenchymal","#F0E442"
"kkpfhlmi-1",10.3891912038057,0.539995972677056,8206.7265625,-8648.5107421875,"Mesenchymal","#F0E442"
"kkpfhmod-1",10.0291085774629,0.374464218183343,8201.5771484375,-8630.7763671875,"Mesenchymal","#F0E442"
"kkpfiiog-1",7.01640897342849,2.59526837305624,8215.0107421875,-8631.8857421875,"Mesenchymal","#F0E442"
"kkpfjfkm-1",8.4909840161531,2.36202156977255,8208.9208984375,-8630.00390625,"Mesenchymal","#F0E442"
"kkpfmgfj-1",8.27246575901198,0.941564921899621,8194.7783203125,-8615.1298828125,"Mesenchymal","#F0E442"
"kkpfohmd-1",7.29115777561355,2.50688112215597,8199.4384765625,-8622.0107421875,"Mesenchymal","#F0E442"
"kkpfolbb-1",10.5473619038789,4.79133594469625,8211.119140625,-8686.2509765625,"Mesenchymal","#F0E442"
"kkpgcaln-1",8.94629531452346,-1.13752436204356,8219.287109375,-8696.87109375,"Mesenchymal","#F0E442"
"kkpgdgbf-1",7.62716680118728,0.570580486818139,8219.7890625,-8686.4794921875,"Mesenchymal","#F0E442"
"kkpgebbm-1",9.0536733205049,-3.5050250248472,8224.3046875,-8683.203125,"Mesenchymal","#F0E442"
"kkpggkkj-1",9.14929729053664,1.46507764296133,8215.6181640625,-8667.27734375,"Mesenchymal","#F0E442"
"kkpgjgce-1",10.0377269322603,0.363363449140374,8211.7998046875,-8674.0419921875,"Mesenchymal","#F0E442"
"kkpgmemj-1",11.1987109715669,-1.08473306460779,8221.375,-8672.759765625,"Mesenchymal","#F0E442"
"kkpgpfjl-1",9.30954604694533,2.19449127153951,8218.1611328125,-8642.4482421875,"Mesenchymal","#F0E442"
"kkphfgce-1",7.80717711994338,1.94060695604879,8215.2421875,-8656.6298828125,"Mesenchymal","#F0E442"
"kkphgmmd-1",10.0172210271089,2.74246943430502,8221.296875,-8654.0849609375,"Mesenchymal","#F0E442"
"kkphgpge-1",8.98118167469191,0.265834574266259,8211.6767578125,-8647.2890625,"Mesenchymal","#F0E442"
"kkphidcd-1",4.7666929299562,2.74685061411459,8221.5390625,-8630.1328125,"T cell","#1C91D4"
"kkphkcek-1",6.54668527195144,2.47754633860189,8229.7099609375,-8651.560546875,"Mesenchymal","#F0E442"
"kkphmdkh-1",9.25401645252395,-1.71236466927927,8224.8271484375,-8692.283203125,"Mesenchymal","#F0E442"
"kkphmlgj-1",9.58600669452834,-1.03791605992716,8225.04296875,-8707.2783203125,"Mesenchymal","#F0E442"
"kkpiibag-1",8.91143851825881,-4.7181335644285,8230.9150390625,-8704.8916015625,"Plasma cell","#005685"
"kkpiicle-1",-3.33263773372483,-2.22545420689982,8249.6494140625,-8682.435546875,"Epi_SecB","#56B4E9"
"kkpinnim-1",-6.02889341762376,-0.0139226199547605,8249.798828125,-8674.359375,"Epi_SecA","#E69F00"
"kkpipooe-1",3.82740002224135,-5.25619804425638,8234.1875,-8676.4921875,"Mesenchymal","#F0E442"
"kkpjbpjj-1",-4.60512918880296,-2.41167628331583,8240.90234375,-8673.875,"Epi_SecA","#E69F00"
"kkpjcldo-1",-7.66210693767381,2.37772095636923,8234.6474609375,-8663.4638671875,"Epi_SecA","#E69F00"
"kkpjefci-1",3.45019178936171,-5.25703346295756,8242.7158203125,-8668.6982421875,"Epi_SecA","#E69F00"
"kkpjfgbp-1",-6.16295666148973,2.7866796298464,8245.712890625,-8663.5888671875,"Epi_SecA","#E69F00"
"kkpjiecf-1",10.4541917378633,-0.455706472829993,8244.6533203125,-8469.3125,"Mesenchymal","#F0E442"
"kkpjiobe-1",8.16819482395339,1.29856765703756,8253.556640625,-8477.7138671875,"Mesenchymal","#F0E442"
"kkpjioib-1",9.50469165393996,0.42446208433706,8265.3740234375,-8471.0732421875,"Mesenchymal","#F0E442"
"kkpjjell-1",7.94558816501784,2.15781701044637,8260.88671875,-8477.8740234375,"Mesenchymal","#F0E442"
"kkpjnlhi-1",10.2338004643648,0.218385253711526,8270.111328125,-8479.1142578125,"Mesenchymal","#F0E442"
"kkpkakid-1",7.31658130237746,2.71347177462179,8260.052734375,-8487.298828125,"Mesenchymal","#F0E442"
"kkpkhind-1",6.69349484989333,2.53668964342672,8254.88671875,-8492.8740234375,"Mesenchymal","#F0E442"
"kkpkkaok-1",9.85351615497756,0.274515990777795,8269.3583984375,-8488.93359375,"Mesenchymal","#F0E442"
"kkpknhcf-1",5.93772798130202,2.69902670816976,8256.7744140625,-8502.1259765625,"Mesenchymal","#F0E442"
"kkpldigc-1",6.02559047290969,3.11823237375814,8261.2705078125,-8514.1298828125,"Mesenchymal","#F0E442"
"kkpleapg-1",6.26507001468825,2.99440634684164,8267.2333984375,-8509.533203125,"Mesenchymal","#F0E442"
"kkplefnk-1",7.76656156131911,2.39516771273214,8272.5732421875,-8506.6611328125,"Mesenchymal","#F0E442"
"kkpleiaj-1",7.94272714206862,1.55021417574484,8277.734375,-8503.80078125,"Mesenchymal","#F0E442"
"kkplgegp-1",-5.18271583965135,0.71210879520971,8310.6796875,-8578.9091796875,"Epi_SecA","#E69F00"
"kkplgmje-1",-5.615033573416,-0.823752994970496,8286.3251953125,-8626.5302734375,"Epi_SecA","#E69F00"
"kkplhjnd-1",-4.23570532253099,-0.313575099543746,8285.822265625,-8700.0322265625,"Epi_SecA","#E69F00"
"kkpljbjo-1",-1.58554000308824,3.2766755862673,8270.7314453125,-8621.2861328125,"Epi_SecA","#E69F00"
"kkpmaaik-1",-6.38897175243211,1.90071618990499,8265.0283203125,-8637.51171875,"Epi_SecA","#E69F00"
"kkpmbbch-1",-6.19172186305833,1.77920163111288,8276.306640625,-8632.921875,"Epi_SecA","#E69F00"
"kkpmcamd-1",0.0236982042520035,-2.75156294866007,8306.0556640625,-8677.7685546875,"Epi_SecA","#E69F00"
"kkpmeigh-1",2.12954788753676,-2.84713971181315,8302.3017578125,-8661.654296875,"Mesenchymal","#F0E442"
"kkpmhfad-1",0.66917439648795,-2.76251875920695,8309.056640625,-8639.8408203125,"Epi_SecA","#E69F00"
"kkpmiiih-1",-4.26834196498704,-2.6914652542631,8316.025390625,-8624.08984375,"Epi_SecA","#E69F00"
"kkpmpagk-1",-6.75076574733567,0.871288423105065,8305.45703125,-8615.7958984375,"Epi_SecA","#E69F00"
"kkpmpekn-1",-6.72702593257737,1.70125353769857,8292.6455078125,-8615.4921875,"Epi_SecA","#E69F00"
"kkpnbndi-1",-7.6279501383574,0.562368158860986,8285.5068359375,-8602.8115234375,"Epi_Cil","#009E73"
"kkpneamg-1",0.364367180558919,2.4348627372225,8270.3935546875,-8574.484375,"Epi_SecA","#E69F00"
"kkpnekag-1",-5.08141989162278,3.32042873339254,8275.068359375,-8611.373046875,"Epi_SecA","#E69F00"
"kkpnmcmi-1",-7.2804970209868,1.63115811781484,8303.701171875,-8482.1513671875,"Epi_SecA","#E69F00"
"kkpnmhej-1",9.05833297321486,0.282682840390985,8283.7666015625,-8511.7197265625,"Mesenchymal","#F0E442"
"kkpnnhbh-1",10.3045278126924,-0.345711554722007,8281.2109375,-8494.146484375,"Mesenchymal","#F0E442"
"kkpofehc-1",-4.88415331294847,2.88800585703451,8304.509765625,-8496.017578125,"Epi_SecA","#E69F00"
"kkpokhnm-1",-6.33686441829515,2.35726345018942,8307.744140625,-8553.2763671875,"Epi_SecA","#E69F00"
"kkpoljkc-1",-5.30886167934251,0.983709458871667,8308.171875,-8522.47265625,"Epi_SecA","#E69F00"
"kkponjpj-1",-6.16896528652024,2.17328608469564,8307.6201171875,-8511.7509765625,"Epi_SecA","#E69F00"
"kkpooaba-1",-4.52202743938279,-1.11907100243967,8325.787109375,-8524.828125,"Epi_SecB","#56B4E9"
"kkppacpb-1",-6.54207128932786,1.45295107798177,8308.525390625,-8536.2119140625,"Epi_SecA","#E69F00"
"kkppbged-1",-6.76263231685472,0.951152209802453,8317.0322265625,-8528.8203125,"Epi_SecA","#E69F00"
"kkppfjkd-1",10.3868670994966,4.31704032854635,8213.0244140625,-7774.91943359375,"Mesenchymal","#F0E442"
"kkppfkki-1",8.37700276920485,1.0741791768511,8208.2734375,-7779.18701171875,"Mesenchymal","#F0E442"
"kkpphahk-1",9.90563445636916,1.39786196188528,8266.9208984375,-7756.19384765625,"Mesenchymal","#F0E442"
"kkpphjba-1",-2.72273082187486,1.11553824381429,8254.2626953125,-7760.28369140625,"Epi_SecA","#E69F00"
"kkpppdmb-1",-1.82849521091294,2.44981444315511,8269.6533203125,-7770.1962890625,"Epi_SecA","#E69F00"
"kkpppepg-1",10.7214160496919,-0.390431191162284,8217.23046875,-7767.10205078125,"Mesenchymal","#F0E442"
"klaacfcc-1",8.5837836796968,1.58057606653768,8213.7353515625,-7752.6923828125,"Mesenchymal","#F0E442"
"klaadeag-1",-6.54007715633226,1.39696073965627,8239.90234375,-7799.5146484375,"Epi_SecA","#E69F00"
"klaafddo-1",3.41653280803847,-2.50502311749857,8252.7412109375,-7818.77490234375,"Mesenchymal","#F0E442"
"klaafmen-1",6.207147651407,-4.27404129071635,8255.056640625,-7812.10595703125,"Mesenchymal","#F0E442"
"klaapicg-1",10.9772592122285,-1.3922252611677,8267.7998046875,-7808.60986328125,"Mesenchymal","#F0E442"
"klabbkko-1",-5.72020048549485,1.8374197526415,8250.48046875,-7804.76904296875,"Epi_SecA","#E69F00"
"klabchkh-1",-1.33609551837754,2.78119862513143,8265.4228515625,-7779.59130859375,"Epi_SecA","#E69F00"
"klabdinp-1",10.7288899953096,-1.44650268121165,8260.068359375,-7793.0458984375,"Epi_SecA","#E69F00"
"klabdogp-1",-6.45883316448045,2.14348233179647,8250.6982421875,-7784.54736328125,"Epi_SecA","#E69F00"
"klabihab-1",11.6152005727022,-0.603888328508552,8242.8466796875,-7816.27734375,"Mesenchymal","#F0E442"
"klabjapj-1",7.53661971637893,-2.10242211385172,8255.4169921875,-7829.4970703125,"Mesenchymal","#F0E442"
"klabncno-1",-4.35860676219773,1.66193163828451,8318.5439453125,-7773.2958984375,"Mesenchymal","#F0E442"
"klabnehc-1",11.2146668965547,-0.964984293417151,8310.7919921875,-7778.171875,"Mesenchymal","#F0E442"
"klabomin-1",11.7973161275117,-0.832314546541388,8317.8369140625,-7789.853515625,"Mesenchymal","#F0E442"
"klabphec-1",-4.4233807986052,0.928052906556909,8275.720703125,-7786.9873046875,"Epi_SecA","#E69F00"
"klacafke-1",7.02010207721877,-1.3092037395994,8282.0478515625,-7801.22705078125,"Mesenchymal","#F0E442"
"klaccnba-1",-4.06418747356248,0.358006630702798,8399.953125,-7970.2392578125,"Epi_SecA","#E69F00"
"klacehpp-1",-4.58559603145433,0.883605067296807,8388.2109375,-7981.95654296875,"Epi_SecA","#E69F00"
"klacioai-1",-4.72060961177659,0.0743563665588542,8402.572265625,-7982.0595703125,"Epi_SecA","#E69F00"
"klackjkk-1",11.5347524220674,-0.900321658090766,8380.423828125,-8062.953125,"Mesenchymal","#F0E442"
"klacmhke-1",10.2545915181367,0.325721298023049,8377.6064453125,-8072.70654296875,"Mesenchymal","#F0E442"
"klacnaib-1",8.73164325306105,3.02140582041342,8389.5693359375,-8070.63330078125,"Mesenchymal","#F0E442"
"klacnbac-1",7.84400420734572,2.97527111010153,8385.87890625,-8064.884765625,"Mesenchymal","#F0E442"
"klacokdf-1",-5.12967008998704,2.62789714769918,8395.169921875,-8040.634765625,"Epi_SecA","#E69F00"
"klacopbm-1",10.5088267857759,5.86815727190572,8385.2158203125,-8055.5234375,"Endothelial","#D55E00"
"klacpald-1",9.35216289112258,1.84657025770742,8385.9990234375,-8043.71630859375,"Mesenchymal","#F0E442"
"kladaefk-1",11.8262000615327,0.478235725923364,8382.0107421875,-8027.28662109375,"Mesenchymal","#F0E442"
"kladbmka-1",9.67954307148146,-2.02754723592203,8364.271484375,-8045.97216796875,"Mesenchymal","#F0E442"
"kladclkc-1",8.6545033986299,-1.95873271985453,8368.40234375,-8040.10546875,"Plasma cell","#005685"
"kladddnb-1",9.75245433399367,0.425513748689477,8371.4580078125,-8031.638671875,"Mesenchymal","#F0E442"
"kladdmfb-1",9.47629504749465,-1.17355846925181,8357.611328125,-8009.25537109375,"Mesenchymal","#F0E442"
"kladejha-1",9.40984302112746,1.39014101461965,8370.4638671875,-8018.93994140625,"Mesenchymal","#F0E442"
"kladgipj-1",8.80506377765822,-3.13280045552653,8362.615234375,-8015.267578125,"Plasma cell","#005685"
"kladgodk-1",11.4411750371187,-0.71044283671778,8380.3955078125,-8017.09716796875,"Mesenchymal","#F0E442"
"kladihcb-1",8.79225497791457,-5.01451265378397,8381.583984375,-8007.86328125,"Plasma cell","#005685"
"kladiiff-1",-4.12783522060228,0.0756278081377192,8389.052734375,-7988.66357421875,"Epi_SecA","#E69F00"
"kladjdok-1",-7.29771656444383,2.15941560701925,8392.0263671875,-8022.68310546875,"Epi_SecA","#E69F00"
"kladjocg-1",-6.6904091303618,1.98593104319174,8391.8662109375,-8012.18505859375,"Epi_SecA","#E69F00"
"kladofge-1",-2.43213028362107,-2.73612510724467,8394.2314453125,-8227.9609375,"Epi_SecB","#56B4E9"
"kladonca-1",-3.27524370601487,-2.74047719998759,8402.53125,-8215.564453125,"Epi_SecA","#E69F00"
"klaeblod-1",-2.93323940685105,-2.51538931889933,8396.974609375,-8213.861328125,"Epi_SecB","#56B4E9"
"klaegpik-1",-3.32111496379686,-2.61477863355082,8394.896484375,-8219.880859375,"Epi_SecB","#56B4E9"
"klaelpkg-1",2.69529145309615,-2.77285587354105,8399.2607421875,-8201.2470703125,"Macrophage","#CC79A7"
"klaemhej-1",4.25685935566115,-4.08267652554911,8400.837890625,-8209.1552734375,"Mesenchymal","#F0E442"
"klaemmlj-1",4.27341824123549,-4.88294899030131,8393.634765625,-8208.3720703125,"Mesenchymal","#F0E442"
"klaemnjg-1",-3.22673077037645,-3.71844446225565,8385.8115234375,-8206.14453125,"Epi_SecB","#56B4E9"
"klaengac-1",-6.1536340182097,-0.0331112661818818,8399.6728515625,-8184.12890625,"Epi_SecA","#E69F00"
"klafbdlc-1",2.77928429195571,-2.95287429852885,8392.9736328125,-8198.4521484375,"Macrophage","#CC79A7"
"klafboib-1",-2.30307502200914,-2.97853648229044,8376.3642578125,-8209.5361328125,"Epi_SecB","#56B4E9"
"klafcmdm-1",-6.09336132457566,-3.09643876119059,8375.146484375,-8165.93359375,"Epi_SecA","#E69F00"
"klafdkmo-1",-4.08248228481126,-2.66492783589762,8364.2255859375,-8169.9013671875,"Epi_SecA","#E69F00"
"klafhnff-1",-3.75366539409471,-2.93236028714579,8378.39453125,-8196.6494140625,"Epi_SecB","#56B4E9"
"klafiolj-1",-1.17439824989152,-2.73222696347636,8362.009765625,-8180.88818359375,"Epi_SecB","#56B4E9"
"klafjilh-1",-3.83366579463792,-3.67625081105631,8372.328125,-8178.74658203125,"Epi_SecA","#E69F00"
"klafliao-1",-3.2047233050139,-1.97854136987131,8390.21484375,-8155.447265625,"Epi_SecB","#56B4E9"
"klagckfg-1",4.96058421680617,-2.00372373624247,8400.900390625,-8155.6171875,"Macrophage","#CC79A7"
"klagfhko-1",11.9592233235567,-0.248120154575522,8348.923828125,-8016.54052734375,"Mesenchymal","#F0E442"
"klaggjbn-1",11.1962342793672,-0.97814291282099,8352.7646484375,-8029.6025390625,"Mesenchymal","#F0E442"
"klagjakh-1",11.5169702107637,-0.272864471511062,8345.2216796875,-8025.134765625,"Mesenchymal","#F0E442"
"klagjkcp-1",-5.8882097666533,0.139232997461145,8340.0234375,-8045.33984375,"Epi_SecA","#E69F00"
"klagkjel-1",-6.83356279781175,0.425054852529351,8328.4189453125,-8047.84521484375,"Epi_SecA","#E69F00"
"klagkmbm-1",-7.04174084117723,2.15572822527487,8317.478515625,-8043.62060546875,"Epi_SecA","#E69F00"
"klahbmhg-1",11.2759910161226,-1.33613919778269,8360.2890625,-8031.609375,"Mesenchymal","#F0E442"
"klahcfik-1",4.82932286808181,1.43872428373892,8361.26171875,-8051.271484375,"Epi_SecA","#E69F00"
"klaheihe-1",-6.62372393062425,1.11677790121633,8322.220703125,-8034.134765625,"Epi_SecA","#E69F00"
"klahfage-1",0.494294487926244,-2.49702131314677,8333.85546875,-8024.916015625,"Epi_SecA","#E69F00"
"klahjhmf-1",-6.45252317836595,1.66699612574178,8333.6923828125,-8034.98779296875,"Epi_SecA","#E69F00"
"klahmedf-1",-5.99471659114671,-0.216553057865317,8326.654296875,-8018.822265625,"Epi_SecA","#E69F00"
"klahmhib-1",-5.3216404383452,-1.36040317578715,8378.3095703125,-8139.74560546875,"Epi_SecA","#E69F00"
"klahooje-1",-5.9553803866179,-1.06831073327463,8386.0009765625,-8147.3291015625,"Epi_SecA","#E69F00"
"klaiaanb-1",10.4624028737276,-1.20004498525065,8395.7587890625,-8119.796875,"Mesenchymal","#F0E442"
"klaighik-1",6.81483512470412,-1.67756425900858,8395.7275390625,-8145.55859375,"Mesenchymal","#F0E442"
"klaigkkh-1",9.15413051197219,1.06580865816671,8404.693359375,-8129.2216796875,"Mesenchymal","#F0E442"
"klaigmll-1",9.68930869648146,-1.7394194559614,8403.1357421875,-8117.15478515625,"Mesenchymal","#F0E442"
"klaihpin-1",9.56288962909865,-1.23668920560282,8405.0166015625,-8143.3935546875,"Mesenchymal","#F0E442"
"klaikanp-1",-3.10631555965257,-2.54022609754008,8342.2744140625,-8060.99267578125,"Epi_SecB","#56B4E9"
"klaikbpi-1",-1.21811146190477,-2.98214423222941,8353.5771484375,-8062.6123046875,"Epi_SecB","#56B4E9"
"klaildbg-1",-0.221452183035136,0.833985154195611,8351.8564453125,-8046.048828125,"Epi_SecA","#E69F00"
"klaimkga-1",4.22251992771315,-5.4968692020933,8340.7509765625,-8076.16650390625,"Mesenchymal","#F0E442"
"klaipgmc-1",3.14762335369277,-5.08886777921122,8335.2177734375,-8080.0693359375,"Epi_SecA","#E69F00"
"klajaphc-1",-4.66987366130662,-2.01464306874674,8353.9560546875,-8087.1533203125,"Epi_SecB","#56B4E9"
"klajdgfa-1",-3.94225544383836,-2.5790659145872,8350.8056640625,-8096.94482421875,"Epi_SecB","#56B4E9"
"klajfiaj-1",-1.88611335208726,-1.99723922772806,8352.9697265625,-8076.23388671875,"Epi_SecA","#E69F00"
"klajjoia-1",5.82876210758376,2.90602052645284,8372.41015625,-8063.78662109375,"Epi_SecA","#E69F00"
"klajkpfm-1",0.998197295758008,-2.64711653752726,8364.9833984375,-8084.67578125,"Epi_SecB","#56B4E9"
"klajllln-1",-0.802340335157634,-1.26486408276957,8365.013671875,-8061.16455078125,"Epi_SecB","#56B4E9"
"klakahie-1",-4.83733076503587,1.16386068300802,8388.294921875,-7785.70703125,"Epi_SecA","#E69F00"
"klakcbam-1",-5.66768640926194,-0.235646303133185,8378.53125,-7790.79638671875,"Epi_SecA","#E69F00"
"klakcigm-1",10.557480388376,0.399549577995126,8324.681640625,-7975.55029296875,"Mesenchymal","#F0E442"
"klakegci-1",9.66364055225539,-2.25082528157633,8330.6162109375,-7998.1259765625,"Mesenchymal","#F0E442"
"klakehgk-1",-5.22006172588182,-1.52855968041819,8323.1064453125,-8007.078125,"Epi_SecA","#E69F00"
"klakfkec-1",9.97102695057082,1.13997698263723,8327.8330078125,-7986.29736328125,"Mesenchymal","#F0E442"
"klakhmgh-1",9.65705447742629,1.74641967253286,8343.619140625,-7977.12890625,"Mesenchymal","#F0E442"
"klakkadl-1",9.08349280903029,-4.47175514264506,8355.6259765625,-7977.416015625,"Plasma cell","#005685"
"klaklpim-1",8.51994138309646,-4.05974065823954,8361.6171875,-7980.92236328125,"Mesenchymal","#F0E442"
"klakocfl-1",10.7057958180635,4.97109258608419,8346.0673828125,-7992.353515625,"Endothelial","#D55E00"
"klaladii-1",10.5156283910005,3.697853450342,8348.3876953125,-7984.7763671875,"Endothelial","#D55E00"
"klalaplf-1",9.12350421497512,3.60027015642721,8338.5400390625,-7984.56396484375,"Mesenchymal","#F0E442"
"klalcpcf-1",-2.30878824642015,1.68179882006246,8369.04296875,-7992.3212890625,"Epi_SecA","#E69F00"
"klalfece-1",7.56638722965407,-1.10156571431559,8371.8935546875,-8007.8544921875,"Mesenchymal","#F0E442"
"klalfegp-1",10.5958219105928,-0.314546372131522,8370.6259765625,-8001.44287109375,"Mesenchymal","#F0E442"
"klalgbpd-1",-4.08032364299607,-0.0315163390199499,8371.7939453125,-7982.8291015625,"Epi_SecA","#E69F00"
"klalhnjj-1",-3.62743229320359,-0.553012426332648,8374.09765625,-7970.48779296875,"Epi_SecA","#E69F00"
"klaljgdn-1",-3.66292185237718,0.0935519679029627,8378.6357421875,-7993.34716796875,"Epi_SecA","#E69F00"
"klallnka-1",9.40647464344191,3.30282676653463,8347.1875,-8008.314453125,"Mesenchymal","#F0E442"
"klallpjg-1",10.7264867360322,4.86753023104269,8349.6455078125,-8000.79931640625,"Mesenchymal","#F0E442"
"klalnakm-1",11.1763864094942,0.527121667428796,8341.8134765625,-8014.21435546875,"Mesenchymal","#F0E442"
"klalndia-1",11.9416661793916,0.271363977952783,8337.951171875,-8003.7822265625,"Mesenchymal","#F0E442"
"klalndnp-1",8.18986182758498,-4.57645713849467,8347.912109375,-7915.578125,"Plasma cell","#005685"
"klalochj-1",8.64145999500441,-4.24391138120096,8335.58203125,-7907.38525390625,"Plasma cell","#005685"
"klalofbf-1",9.44491248676467,-0.572401191429313,8341.2841796875,-7913.0810546875,"Mesenchymal","#F0E442"
"klalphgn-1",-3.3583926623137,2.81051552729208,8346.607421875,-7946.970703125,"Epi_SecA","#E69F00"
"klamcmmi-1",10.6374021107881,0.851048235460107,8338.185546875,-7968.5810546875,"Mesenchymal","#F0E442"
"klamdjcm-1",9.13975673267531,3.16172516779501,8331.9794921875,-7960.2998046875,"Mesenchymal","#F0E442"
"klameail-1",10.6365781361787,1.4715545220812,8328.2431640625,-7947.595703125,"Mesenchymal","#F0E442"
"klameegj-1",10.9274516637056,-0.148648015544827,8335.4990234375,-7948.21240234375,"Mesenchymal","#F0E442"
"klamffoe-1",-5.80188984325242,2.43305051760275,8353.4951171875,-7963.91357421875,"Epi_SecA","#E69F00"
"klamhleo-1",11.478360706064,1.32148480848867,8328.615234375,-7885.11474609375,"Mesenchymal","#F0E442"
"klammpfa-1",11.430943065378,-0.321974615887816,8335.5556640625,-7884.56640625,"Mesenchymal","#F0E442"
"klandblc-1",7.74543576786208,-1.11807310147684,8340.85546875,-7883.91357421875,"Mesenchymal","#F0E442"
"klandnbk-1",11.5526004368989,0.0288400618870898,8335.3955078125,-7871.34716796875,"Mesenchymal","#F0E442"
"klanebfp-1",11.3159213597505,-0.225600491599257,8336.4677734375,-7923.904296875,"Mesenchymal","#F0E442"
"klanfccg-1",9.81178050586867,0.550697569413964,8345.5625,-7928.17333984375,"Mesenchymal","#F0E442"
"klangich-1",11.5689578587739,-0.214155215160067,8339.8837890625,-7935.32470703125,"Mesenchymal","#F0E442"
"klanidpj-1",9.76787620136428,0.174218033119027,8320.5458984375,-7931.197265625,"Mesenchymal","#F0E442"
"klaoaadc-1",9.17138438770461,0.518539909883325,8325.8544921875,-7928.26904296875,"Mesenchymal","#F0E442"
"klaoandk-1",11.3652673299043,-1.32078825993937,8329.2568359375,-7936.025390625,"Mesenchymal","#F0E442"
"klaobbga-1",11.087925487253,2.74708569483358,8324.8427734375,-7922.255859375,"Mesenchymal","#F0E442"
"klaofifc-1",7.09448533603835,-0.608519549802955,8340.931640625,-7896.9482421875,"Mesenchymal","#F0E442"
"klaogdjo-1",9.61091571399855,4.72759235338766,8330.9169921875,-7915.80126953125,"Endothelial","#D55E00"
"klaokidf-1",10.3696933324068,5.64082324938375,8323.908203125,-7912.95166015625,"Endothelial","#D55E00"
"klaomhjm-1",6.82972102710891,-1.91053020520609,8329.3447265625,-7900.93115234375,"Mesenchymal","#F0E442"
"klaonopc-1",11.8495612675874,0.933758739991967,8242.060546875,-7932.17431640625,"Mesenchymal","#F0E442"
"klaoobao-1",7.35783105442214,-1.3773885921995,8241.15625,-7942.02685546875,"Mesenchymal","#F0E442"
"klaooedj-1",11.558267169687,0.113417778774087,8255.619140625,-7944.49853515625,"Mesenchymal","#F0E442"
"klapajho-1",-0.881616420057536,2.44810593561727,8225.5087890625,-7959.4609375,"Epi_SecA","#E69F00"
"klapglgk-1",7.60269837925124,-1.81379770799082,8213.1484375,-7961.4677734375,"Mesenchymal","#F0E442"
"klaphfmk-1",8.17925601551223,2.2214518828829,8243.92578125,-7957.58154296875,"Mesenchymal","#F0E442"
"klaphkbp-1",11.2425103718965,0.300901685519998,8256.408203125,-7970.03125,"Mesenchymal","#F0E442"
"klapiilc-1",10.850563579294,1.54133356051046,8251.943359375,-7966.1904296875,"Mesenchymal","#F0E442"
"klapkbcp-1",6.72940068790603,2.27746189074117,8249.66796875,-7960.80810546875,"Mesenchymal","#F0E442"
"klapoggl-1",11.0521178776948,4.34695852236349,8276.546875,-7966.16357421875,"Pericyte_SM","#0072B2"
"klaponle-1",10.4087176854341,6.05754936174947,8270.9052734375,-7965.150390625,"Endothelial","#D55E00"
"klbadghg-1",-3.43013710429979,-1.69724618955057,8243.76953125,-7989.8076171875,"Epi_SecB","#56B4E9"
"klbadlfp-1",-5.14052290370774,-0.509610261158164,8242.0771484375,-8003.04150390625,"Epi_SecA","#E69F00"
"klbaemln-1",8.40360551426101,0.00554419742423731,8281.2900390625,-7998.91015625,"Mesenchymal","#F0E442"
"klbafbnd-1",11.2864985997407,0.848777000470941,8273.046875,-7986.09130859375,"Mesenchymal","#F0E442"
"klbagnoa-1",11.0105147893159,-0.747230942682441,8278.5146484375,-7991.73828125,"Mesenchymal","#F0E442"
"klbakjlp-1",11.035073810312,6.08433092073995,8272.5107421875,-7975.5693359375,"Endothelial","#D55E00"
"klbampog-1",10.1276307637422,3.00252426104147,8280.9521484375,-7983.49658203125,"Mesenchymal","#F0E442"
"klbanepk-1",8.55201392719436,1.98141444162924,8269.236328125,-7982.3466796875,"Mesenchymal","#F0E442"
"klbannce-1",-3.63425821712327,-1.69084977670115,8238.2880859375,-7969.953125,"Epi_SecA","#E69F00"
"klbaopci-1",10.9231439168184,0.326182548566644,8263.6728515625,-7974.58984375,"Mesenchymal","#F0E442"
"klbbejcj-1",12.2207599217622,0.239530716701333,8260.9306640625,-7963.81689453125,"Mesenchymal","#F0E442"
"klbbfonk-1",11.2125421101778,1.41342974142629,8261.048828125,-7980.5,"Mesenchymal","#F0E442"
"klbbkcab-1",11.0945439870088,-1.03186636729639,8307.6416015625,-7940.17822265625,"Mesenchymal","#F0E442"
"klbbnfga-1",-3.31671566417527,-0.653197582201179,8296.2978515625,-7999.09619140625,"Epi_SecA","#E69F00"
"klbboohe-1",11.1216044957368,0.810974661870782,8292.064453125,-7980.615234375,"Mesenchymal","#F0E442"
"klbcafea-1",11.6383395726411,-0.501334603265937,8289.541015625,-7991.43798828125,"Mesenchymal","#F0E442"
"klbcbfec-1",4.48569946834731,-1.19636082215708,8301.5703125,-7980.76416015625,"Mesenchymal","#F0E442"
"klbcdklg-1",11.5654693181245,0.564393167062585,8291.697265625,-7969.0224609375,"Mesenchymal","#F0E442"
"klbceind-1",11.4420896107881,0.068523113294427,8292.166015625,-7959.45166015625,"Mesenchymal","#F0E442"
"klbcfcha-1",11.4040189320772,-0.329351897672828,8315.373046875,-7968.05712890625,"Mesenchymal","#F0E442"
"klbcgfeg-1",9.72881751606154,2.61938131289083,8315.1240234375,-7961.0107421875,"Mesenchymal","#F0E442"
"klbciiem-1",10.9415364796846,-1.10463881059092,8310.8046875,-7955.21484375,"Mesenchymal","#F0E442"
"klbcjohc-1",-5.56028837611985,0.991763596101586,8268.4453125,-7877.36865234375,"Epi_SecA","#E69F00"
"klbcljmd-1",-7.56542343547654,1.57538438276846,8277.421875,-7873.78076171875,"Epi_SecA","#E69F00"
"klbdbepo-1",5.61123757908034,-2.33104574246805,8263.314453125,-7828.77685546875,"Mesenchymal","#F0E442"
"klbdbkgm-1",8.9115195805757,-5.11355745358866,8272.4521484375,-7836.6748046875,"Plasma cell","#005685"
"klbdbmip-1",9.72474151203322,-1.39643084569376,8273.634765625,-7824.1416015625,"Mesenchymal","#F0E442"
"klbdcdmd-1",-5.46916336467576,-0.109997493536289,8268.9453125,-7844.095703125,"Epi_SecA","#E69F00"
"klbddhkl-1",1.87184207985091,-2.81415283246439,8270.9052734375,-7851.10595703125,"Mesenchymal","#F0E442"
"klbdeiaa-1",-5.77725691249681,-1.01128810210627,8259.3515625,-7847.1796875,"Epi_SecA","#E69F00"
"klbdejkl-1",11.9746423299043,-0.9064013914625,8209.9814453125,-7922.859375,"Mesenchymal","#F0E442"
"klbdfnpk-1",9.80543284961867,2.8547297759493,8233.6298828125,-7898.06982421875,"Mesenchymal","#F0E442"
"klbdkagf-1",7.30161910602736,-0.118508168817575,8242.798828125,-7906.15087890625,"Mesenchymal","#F0E442"
"klbdmlbp-1",8.46601968357253,-0.757701631025489,8238.0341796875,-7918.984375,"Mesenchymal","#F0E442"
"klbeafch-1",-4.95397848537278,3.50279319719869,8298.7353515625,-7925.24169921875,"Epi_SecA","#E69F00"
"klbehmhg-1",11.1762385899751,-0.0394739763299779,8313.5244140625,-7925.46923828125,"Mesenchymal","#F0E442"
"klbeicob-1",-5.2025784914763,3.44213402704794,8308.24609375,-7915.72216796875,"Epi_SecA","#E69F00"
"klbejedh-1",10.6129375035493,-1.05234723849695,8310.5146484375,-7902.6982421875,"Epi_SecA","#E69F00"
"klbembej-1",10.5852933461397,0.618973974748437,8318.8544921875,-7887.96435546875,"Mesenchymal","#F0E442"
"klbempjg-1",9.96306377002883,-1.09655487103861,8277.81640625,-7833.31982421875,"Mesenchymal","#F0E442"
"klbeoibp-1",11.4621606404512,-0.85166894956034,8288.0390625,-7835.26513671875,"Mesenchymal","#F0E442"
"klbepano-1",5.67385345050979,-1.43080031438273,8304.2734375,-7844.92724609375,"Macrophage","#CC79A7"
"klbfdpee-1",4.30043488094497,-2.34086525006693,8308.302734375,-7874.9697265625,"Macrophage","#CC79A7"
"klbfieai-1",5.03330903598952,-1.56820463700693,8304.4140625,-7833.0185546875,"Macrophage","#CC79A7"
"klbfmknh-1",7.67454534122634,1.3393935008486,8300.669921875,-7840.24072265625,"Mesenchymal","#F0E442"
"klbfnmkk-1",6.55002408573317,0.64003289179403,8316.3935546875,-7874.0498046875,"Mesenchymal","#F0E442"
"klbfpodp-1",11.2900367314546,-1.40913891358774,8295.4443359375,-7847.73974609375,"Mesenchymal","#F0E442"
"klbgaljk-1",10.8958459431856,6.10956323580343,8241.361328125,-8255.7177734375,"Endothelial","#D55E00"
"klbgbbio-1",11.3482718999116,-0.763318236307319,8250.48828125,-8256.541015625,"Mesenchymal","#F0E442"
"klbggcdc-1",10.8278985554903,4.15864074663717,8229.736328125,-8253.369140625,"Mesenchymal","#F0E442"
"klbgggmj-1",10.4631162221162,3.80060399012167,8245.1826171875,-8244.197265625,"Pericyte_SM","#0072B2"
"klbghfbl-1",11.1068397099702,6.0877951426943,8239.02734375,-8250.005859375,"Endothelial","#D55E00"
"klbgiagp-1",10.4641185338228,6.34939086870748,8227.244140625,-8277.73828125,"Endothelial","#D55E00"
"klbgljof-1",10.6115375096529,1.17597985701162,8240.6025390625,-8287.8515625,"Mesenchymal","#F0E442"
"klbgpnll-1",11.1307025487154,5.92030418352682,8234.224609375,-8286.775390625,"Endothelial","#D55E00"
"klbhafnf-1",9.15714126178908,-4.111970062689,8253.3359375,-8266.3681640625,"Plasma cell","#005685"
"klbhbkon-1",8.99122958728957,-4.67464649243754,8253.271484375,-8277.0224609375,"Plasma cell","#005685"
"klbhccfn-1",11.2606216008394,5.90836990313131,8237.7265625,-8272.75,"Endothelial","#D55E00"
"klbhjeji-1",10.9093099171846,6.21244562105734,8230.171875,-8266.7021484375,"Endothelial","#D55E00"
"klbhlmma-1",10.9746499592988,5.04847562746603,8243.23828125,-8266.55859375,"Pericyte_SM","#0072B2"
"klbhmbpf-1",10.3621202046602,0.715991024537866,8248.916015625,-8301.7998046875,"Mesenchymal","#F0E442"
"klbiabma-1",10.9046474034517,0.691225354238336,8244.55859375,-8310.583984375,"Mesenchymal","#F0E442"
"klbigcka-1",10.6795764500825,0.214013163610284,8257.0546875,-8296.033203125,"Mesenchymal","#F0E442"
"klbimomm-1",11.2518058354585,-0.713768179849799,8256.6025390625,-8286.357421875,"Mesenchymal","#F0E442"
"klbinmkn-1",11.2273574406831,-1.23458194299143,8249.4423828125,-8289.1728515625,"Mesenchymal","#F0E442"
"klbjamjn-1",11.2542882497041,1.4112757487734,8234.99609375,-8322.3115234375,"Mesenchymal","#F0E442"
"klbjegpl-1",9.47784953663039,0.634078089757745,8241.0576171875,-8325.787109375,"Mesenchymal","#F0E442"
"klbjjngm-1",9.29056697437453,1.44489098028738,8249.7607421875,-8316.6201171875,"Mesenchymal","#F0E442"
"klbjnmbi-1",6.70693402836013,0.420096163316552,8227.802734375,-8314.6005859375,"Mesenchymal","#F0E442"
"klbjnmjn-1",10.8249669606416,0.238996480270211,8237.060546875,-8308.9765625,"Mesenchymal","#F0E442"
"klbjphfn-1",7.04653697559523,-0.169861021773036,8232.3505859375,-8305.9228515625,"Mesenchymal","#F0E442"
"klbkakhn-1",11.039510303232,6.13706720308859,8224.255859375,-8289.8779296875,"Endothelial","#D55E00"
"klbkanhm-1",10.9111972386568,5.11487377123434,8223.9404296875,-8301.7978515625,"Pericyte_SM","#0072B2"
"klbkaoih-1",10.7434173161714,6.31471765474874,8229.248046875,-8291.1044921875,"Endothelial","#D55E00"
"klbkblde-1",10.4566588933198,-0.313577588037665,8206.017578125,-8257.783203125,"Mesenchymal","#F0E442"
"klbkbodb-1",9.9955792958467,-0.320726792649444,8198.6103515625,-8260.8876953125,"Mesenchymal","#F0E442"
"klbkebli-1",10.2591558034151,0.0224804176529093,8206.2392578125,-8267.7314453125,"Mesenchymal","#F0E442"
"klbkehja-1",10.9751039082735,-1.13259386582773,8197.0205078125,-8305.65625,"Mesenchymal","#F0E442"
"klbkhpgj-1",10.3679071004121,0.41551924185354,8205.2529296875,-8301.33203125,"Mesenchymal","#F0E442"
"klbkhpng-1",10.7372880513399,-0.517928476766761,8196.1181640625,-8294.0205078125,"Mesenchymal","#F0E442"
"klbkjhgi-1",9.26666598865676,-1.54849504990977,8196.7470703125,-8272.9228515625,"Mesenchymal","#F0E442"
"klbkjnob-1",8.50229554721999,1.30837893919546,8197.486328125,-8284.9267578125,"Mesenchymal","#F0E442"
"klbkmcce-1",10.4085956151216,0.121252615614717,8200.248046875,-8279.09375,"Mesenchymal","#F0E442"
"klbkmgph-1",10.3382106358736,-0.296844627098258,8208.57421875,-8280.462890625,"Mesenchymal","#F0E442"
"klbkmkmd-1",10.6877275044649,1.29130101637441,8214.671875,-8294.669921875,"Mesenchymal","#F0E442"
"klbkpded-1",9.98195033619094,1.36509883837301,8221.8896484375,-8264.0859375,"Mesenchymal","#F0E442"
"klblcofc-1",11.2967458302705,-0.371884550289329,8213.5400390625,-8261.9091796875,"Mesenchymal","#F0E442"
"klblfehi-1",11.0939012105196,0.119765435024087,8214.84375,-8281.9443359375,"Mesenchymal","#F0E442"
"klblfjfb-1",9.12789969989943,4.43067157702047,8222.42578125,-8281.689453125,"Endothelial","#D55E00"
"klblfpeh-1",10.0873075062959,1.4079616113146,8234.96484375,-8401.978515625,"Mesenchymal","#F0E442"
"klblhjeg-1",10.0347018773286,-0.186825174228366,8241.95703125,-8416.6025390625,"Mesenchymal","#F0E442"
"klblieef-1",11.4691329533784,0.761039857431237,8229.3828125,-8411.5302734375,"Mesenchymal","#F0E442"
"klbllknj-1",10.7684026295869,-1.40325641198557,8241.3798828125,-8404.435546875,"Mesenchymal","#F0E442"
"klblpboh-1",10.5619159276216,-1.27091383500498,8248.185546875,-8423.5615234375,"Mesenchymal","#F0E442"
"klbmajke-1",11.065145068857,-0.433620806173499,8248.57421875,-8458.03515625,"Mesenchymal","#F0E442"
"klbmbmnd-1",11.5380893285005,-1.01837116046351,8239.5869140625,-8454.4990234375,"Mesenchymal","#F0E442"
"klbmcbga-1",10.8334994847505,-0.687895174459632,8237.7548828125,-8435.455078125,"Mesenchymal","#F0E442"
"klbmccie-1",9.16672473499465,1.50132728056509,8232.869140625,-8430.166015625,"Mesenchymal","#F0E442"
"klbmknod-1",10.6330276066988,-0.835030730203803,8243.1171875,-8441.314453125,"Mesenchymal","#F0E442"
"klbmmehl-1",8.94874339649367,-4.80660354657572,8258.4189453125,-8434.3544921875,"Plasma cell","#005685"
"klbmnibn-1",10.6564488942354,-0.965136404470618,8266.75,-8460.7080078125,"Mesenchymal","#F0E442"
"klbmpebp-1",10.5819440419404,-0.596860881284888,8255.646484375,-8455.4619140625,"Mesenchymal","#F0E442"
"klbnblep-1",9.29799514362502,-1.83224224610728,8259.646484375,-8444.55078125,"Mesenchymal","#F0E442"
"klbndibb-1",-5.68958706310105,-0.549126203493293,8319.26171875,-8458.8046875,"Epi_SecA","#E69F00"
"klbneaje-1",-5.77761883189988,1.56713295416433,8301.6181640625,-8468.888671875,"Epi_SecA","#E69F00"
"klbnjbkb-1",-6.04438776424241,-0.468765910104926,8312.474609375,-8466.5947265625,"Epi_SecA","#E69F00"
"klbnjgop-1",-7.45178837230516,1.11714816526968,8307.3095703125,-8465.8935546875,"Epi_SecA","#E69F00"
"klbnnfdg-1",-5.15245527675462,-3.18196856542033,8297.7470703125,-8433.0771484375,"Epi_SecA","#E69F00"
"klbnpafa-1",-5.17947143962693,-3.72273098988932,8310.3447265625,-8440.0029296875,"Epi_SecA","#E69F00"
"klbocbfb-1",4.3235457474916,-1.89170920415324,8278.7080078125,-8464.5322265625,"Macrophage","#CC79A7"
"klboemck-1",8.61682897159743,-1.27555143399637,8272.7041015625,-8464.51953125,"Mesenchymal","#F0E442"
"klboepml-1",-5.73009437969041,0.366045151515786,8292.49609375,-8470.0478515625,"Epi_SecA","#E69F00"
"klboghde-1",4.41108232090163,-1.98701166673106,8275.9072265625,-8459.2109375,"Macrophage","#CC79A7"
"klbohplp-1",10.8738847310274,0.532259587808435,8203.5966796875,-8439.1123046875,"Mesenchymal","#F0E442"
"klboimmh-1",10.3043389851778,0.85695308880407,8197.6396484375,-8437.08984375,"Mesenchymal","#F0E442"
"klboipon-1",9.04657989093947,1.14859891371328,8197.01953125,-8428.2431640625,"Mesenchymal","#F0E442"
"klbolkin-1",10.930057101938,5.90740669207174,8220.5419921875,-8452.3125,"Endothelial","#D55E00"
"klbomjlp-1",9.37437110492873,-0.28638305826586,8236.349609375,-8468.3427734375,"Mesenchymal","#F0E442"
"klbonffa-1",11.566417270395,0.649864320321862,8230.919921875,-8460.9404296875,"Mesenchymal","#F0E442"
"klbpapbd-1",10.8592048222749,5.45120513872701,8226.814453125,-8454.6806640625,"Endothelial","#D55E00"
"klbphhhc-1",8.36943965503859,1.6351344628771,8203.318359375,-8453.017578125,"Mesenchymal","#F0E442"
"klbpienc-1",10.9510293538301,1.04004335836965,8206.8203125,-8464.765625,"Mesenchymal","#F0E442"
"klbpikec-1",10.6074996525972,4.15671623186666,8212.587890625,-8458.517578125,"Pericyte_SM","#0072B2"
"klbpkfna-1",10.3552899892061,0.753263001008813,8208.451171875,-8440.431640625,"Mesenchymal","#F0E442"
"klbpkobm-1",10.3441243703096,-0.626122172311957,8227.994140625,-8431.8125,"Mesenchymal","#F0E442"
"klbplleh-1",10.6365552479951,-0.472228850559409,8229.2138671875,-8443.791015625,"Mesenchymal","#F0E442"
"klcaddcb-1",6.56355910846877,-0.858330364660438,8222.2060546875,-8434.478515625,"Mesenchymal","#F0E442"
"klcadkgf-1",10.3904948765962,0.733471815152947,8197.1103515625,-8313.1728515625,"Mesenchymal","#F0E442"
"klcaglbg-1",8.16705422947097,1.51689351038534,8197.4658203125,-8320.88671875,"Mesenchymal","#F0E442"
"klcahkag-1",9.58736377308059,-0.177566136554892,8204.8330078125,-8318.54296875,"Mesenchymal","#F0E442"
"klcahpap-1",10.6839776570528,0.202529345317666,8208.9912109375,-8344.9326171875,"Mesenchymal","#F0E442"
"klcaiacp-1",6.57000737735915,1.76682186560232,8222.25390625,-8348.69921875,"Mesenchymal","#F0E442"
"klcajcok-1",10.6660094792573,0.187360142036264,8215.8984375,-8346.6953125,"Mesenchymal","#F0E442"
"klcaldib-1",9.86369948932814,6.33284032778341,8200.1201171875,-8364.68359375,"Endothelial","#D55E00"
"klcanbec-1",10.6178470189302,3.9793180270632,8197.23046875,-8359.1455078125,"Pericyte_SM","#0072B2"
"klcappfa-1",5.98307090351271,3.40853822664816,8199.0341796875,-8350.373046875,"Mesenchymal","#F0E442"
"klcbbnag-1",9.73240905353713,1.3118215842684,8204.1416015625,-8342.5048828125,"Mesenchymal","#F0E442"
"klcbfpdb-1",9.73203902790236,-0.779869313673194,8217.5830078125,-8322.044921875,"Mesenchymal","#F0E442"
"klcbglod-1",10.4684844548433,-0.474391694502051,8220.2705078125,-8338.2119140625,"Mesenchymal","#F0E442"
"klcbihoo-1",9.61130672046828,1.45172560648519,8211.640625,-8331.7978515625,"Mesenchymal","#F0E442"
"klcblfmh-1",10.3714395100801,0.165346865220849,8205.625,-8329.119140625,"Mesenchymal","#F0E442"
"klcblmpi-1",9.2062612111299,0.292470161481683,8221.3212890625,-8327.125,"Mesenchymal","#F0E442"
"klcbnhhj-1",9.06578403064895,5.69319618181783,8197.451171875,-8370.9375,"Endothelial","#D55E00"
"klcboonk-1",10.3742671544282,1.10296357111532,8210.130859375,-8391.09765625,"Mesenchymal","#F0E442"
"klccekne-1",6.60915475437331,2.33730376200277,8206.5107421875,-8382.6728515625,"Mesenchymal","#F0E442"
"klccjppl-1",10.2674441868989,0.0473639859398051,8235.8935546875,-8419.3154296875,"Mesenchymal","#F0E442"
"klccmigb-1",9.90004401752639,1.64448500113088,8221.3251953125,-8421.6015625,"Mesenchymal","#F0E442"
"klccnhgb-1",6.78372674534011,0.00676532523233134,8215.291015625,-8424.423828125,"Mesenchymal","#F0E442"
"klccnnbl-1",10.0133033330171,2.40847647623617,8196.6171875,-8403.865234375,"Mesenchymal","#F0E442"
"klccoige-1",9.61297183582473,1.75694799856741,8207.8759765625,-8422.02734375,"Mesenchymal","#F0E442"
"klcddmma-1",9.88212733814406,0.941627149148767,8196.4921875,-8418.1953125,"Mesenchymal","#F0E442"
"klcdgpdf-1",10.4840674931734,0.313131932779138,8203.080078125,-8408.7626953125,"Mesenchymal","#F0E442"
"klcdklio-1",9.71248488971877,0.684801880880181,8216.705078125,-8394.0380859375,"Mesenchymal","#F0E442"
"klceclfb-1",11.0655360753267,0.212624703212564,8211.90234375,-8409.05078125,"Mesenchymal","#F0E442"
"klcedmif-1",10.6296515996187,0.631287519498651,8220.298828125,-8410.072265625,"Mesenchymal","#F0E442"
"klcehhad-1",10.9071012074678,-0.855559165910895,8224.7607421875,-8394.40625,"Mesenchymal","#F0E442"
"klcemhfd-1",10.1304631764619,0.158453439040963,8228.1259765625,-8381.8916015625,"Mesenchymal","#F0E442"
"klcemmhd-1",5.73189406940627,3.47318828539449,8222.205078125,-8372.5263671875,"Mesenchymal","#F0E442"
"klcfepah-1",9.88243251392531,0.366536591811959,8225.1494140625,-8343.4375,"Mesenchymal","#F0E442"
"klcffmdb-1",9.09343963215041,0.91180932955343,8228.3564453125,-8333.986328125,"Mesenchymal","#F0E442"
"klcfhank-1",-6.7675780718596,1.88076222376425,8257.5654296875,-8361.201171875,"Epi_SecA","#E69F00"
"klcfjjne-1",8.26403384754348,2.25305998758871,8225.697265625,-8356.412109375,"Mesenchymal","#F0E442"
"klcfkedj-1",9.30009894916701,0.767574553056542,8231.8779296875,-8358.1435546875,"Mesenchymal","#F0E442"
"klcfmhlh-1",10.3443761403291,0.199710552259271,8235.755859375,-8347.576171875,"Mesenchymal","#F0E442"
"klcfnepm-1",9.01690154621291,1.05827343897421,8231.5615234375,-8370.982421875,"Mesenchymal","#F0E442"
"klcgddcm-1",-7.3582386439116,-0.363837714628394,8308.626953125,-8307.8662109375,"Epi_SecA","#E69F00"
"klcglnli-1",-6.98379845073533,-1.02017986340922,8313.4345703125,-8284.923828125,"Epi_SecA","#E69F00"
"klcgmbbn-1",-4.47241825511766,-2.94003617329996,8326.1357421875,-8280.357421875,"Epi_SecB","#56B4E9"
"klcgmnkc-1",1.5272656614511,-2.93162905736368,8340.7138671875,-8350.9296875,"Epi_SecB","#56B4E9"
"klcgpmji-1",-4.20667499950242,-2.63505827947062,8359.5087890625,-8368.9677734375,"Epi_SecB","#56B4E9"
"klchahml-1",-3.92563528468919,-3.32135641141337,8354.2275390625,-8351.65625,"Epi_SecB","#56B4E9"
"klchccje-1",0.0114940340249527,-2.86330616040629,8344.8310546875,-8344.94921875,"Epi_SecB","#56B4E9"
"klchcikb-1",-4.33765835216355,-2.58927332921427,8344.3916015625,-8366.8359375,"Epi_SecA","#E69F00"
"klcheghl-1",-6.41355080058885,-0.192028227583583,8313.6669921875,-8340.119140625,"Epi_SecA","#E69F00"
"klchfbpb-1",-6.28289789607835,-1.19369923634928,8312.6728515625,-8382.4931640625,"Epi_SecA","#E69F00"
"klchfndo-1",-4.55949205806565,-2.40009748502177,8313.5546875,-8365.12109375,"Epi_SecA","#E69F00"
"klchgcnd-1",3.97195058414626,-4.64710962338846,8316.376953125,-8349.3408203125,"Mesenchymal","#F0E442"
"klchgiba-1",-6.56866592815232,-0.995550806955512,8326.787109375,-8334.09375,"Epi_SecA","#E69F00"
"klchmgck-1",-4.68437475612474,-2.08654498620432,8333.099609375,-8361.646484375,"Epi_SecA","#E69F00"
"klchpgnd-1",0.380519711467503,-2.7517315105955,8324.337890625,-8353.509765625,"Epi_SecB","#56B4E9"
"klcidkod-1",2.10416489193129,-2.78402983708781,8336.6923828125,-8347.2529296875,"Mesenchymal","#F0E442"
"klcijpno-1",-6.90530247142625,0.384468887611215,8318.0087890625,-8545.61328125,"Epi_SecA","#E69F00"
"klcikomb-1",-2.9373139803679,-3.31753098531168,8331.248046875,-8532.1474609375,"Epi_SecB","#56B4E9"
"klcinpph-1",-2.23807138850999,-2.55824410481852,8322.568359375,-8541.013671875,"Epi_SecB","#56B4E9"
"klciofki-1",-1.4187912409575,-1.94895875020426,8397.6982421875,-8632.1904296875,"Epi_SecB","#56B4E9"
"klcjbdgh-1",-5.11877006938768,-1.797028656439,8386.283203125,-8635.3359375,"Epi_SecA","#E69F00"
"klcjcpkf-1",-2.14404363086534,0.889444176717584,8403.5185546875,-8614.5107421875,"Epi_SecB","#56B4E9"
"klcjeamm-1",-6.40605635097337,0.420773570104425,8316.501953125,-8494.53125,"Epi_SecA","#E69F00"
"klcjffod-1",-4.05178017070604,-3.33907043500346,8334.837890625,-8483.70703125,"Epi_SecA","#E69F00"
"klcjldah-1",-4.55402178218675,-2.92064463658732,8334.59765625,-8499.76171875,"Epi_SecB","#56B4E9"
"klcjmpom-1",-6.88929552486253,0.828228835626428,8323.0537109375,-8488.19140625,"Epi_SecA","#E69F00"
"klcjnmge-1",-5.90635389736009,2.22194564776022,8315.1826171875,-8481.330078125,"Epi_SecA","#E69F00"
"klckajim-1",1.12642829963851,-2.82578146024149,8323.6240234375,-8474.7744140625,"Epi_SecA","#E69F00"
"klckddmb-1",-4.69329590251756,-1.57896387143534,8331.0654296875,-8468.6884765625,"Epi_SecA","#E69F00"
"klckdege-1",-6.55709499767137,0.451106314225976,8295.46875,-8405.7158203125,"Epi_SecA","#E69F00"
"klckdhgm-1",-5.64768070628953,-1.23505734963816,8291.712890625,-8396.978515625,"Epi_SecA","#E69F00"
"klckelhk-1",-6.62420029094529,0.247752193971459,8303.5859375,-8397.8017578125,"Epi_SecA","#E69F00"
"klckhjeo-1",-3.92823070934129,3.3714979930361,8285.291015625,-8469.556640625,"Epi_SecA","#E69F00"
"klckifoo-1",-5.77504820278001,1.40806723074514,8279.4873046875,-8438.0166015625,"Epi_SecA","#E69F00"
"klcklibg-1",-6.25379080226731,1.14463854269582,8277.712890625,-8415.025390625,"Epi_SecA","#E69F00"
"klcknkif-1",-6.43853849819017,1.36435425715048,8274.359375,-8425.5517578125,"Epi_SecA","#E69F00"
"klckohma-1",-7.11320156505418,0.603432421251123,8291.25390625,-8416.6357421875,"Epi_SecA","#E69F00"
"klckomlp-1",-0.810558027532817,-2.79212653203409,8289.80078125,-8371.197265625,"Epi_SecA","#E69F00"
"klclegon-1",-4.20410437038255,-2.1792799191038,8299.1142578125,-8373.62890625,"Epi_SecA","#E69F00"
"klcleofl-1",-5.20653194835496,0.181946788593118,8278.0947265625,-8385.2841796875,"Epi_SecA","#E69F00"
"klcljeag-1",-7.61425346782518,2.25287044481832,8268.4423828125,-8311.4248046875,"Epi_SecA","#E69F00"
"klcljmmn-1",10.828699641916,-1.48414349122446,8260.97265625,-8303.5732421875,"Mesenchymal","#F0E442"
"klclkihi-1",-7.03405613353562,2.10378778414327,8274.2041015625,-8356.9775390625,"Epi_SecA","#E69F00"
"klcllecn-1",-5.45145744731736,-3.81094967885416,8286.712890625,-8319.7060546875,"Epi_SecA","#E69F00"
"klcllfin-1",-5.48936933925462,-2.25021564526957,8303.75,-8355.751953125,"Epi_SecA","#E69F00"
"klclllbc-1",-5.08766836574388,-3.375149126486,8292.234375,-8344.025390625,"Epi_SecA","#E69F00"
"klclmagd-1",-3.500043339041,-3.15882956548136,8307.76953125,-8328.875,"Epi_SecB","#56B4E9"
"klclnipe-1",-5.68422264507127,1.30319893793661,8374.498046875,-7837.3720703125,"Epi_SecA","#E69F00"
"klcmblpn-1",-1.76636404445481,0.740637664361779,8368.4892578125,-7860.205078125,"Epi_SecA","#E69F00"
"klcmbpai-1",-5.50125879695726,-0.126602324978526,8372.4375,-7850.6650390625,"Epi_SecA","#E69F00"
"klcmgfmh-1",-5.01346058299852,2.9087749762972,8403.39453125,-8050.31787109375,"Epi_SecA","#E69F00"
"klcmhblb-1",7.29082017490554,0.431405846639459,8406.7548828125,-8057.56201171875,"Epi_SecA","#E69F00"
"klcmhodp-1",10.9300323064058,2.09702122644979,8395.4833984375,-8052.72265625,"Mesenchymal","#F0E442"
"klcmibde-1",8.9818320805757,-3.77417552037638,8401.65234375,-8107.0576171875,"Plasma cell","#005685"
"klcmknce-1",10.2627797658174,1.7890434308489,8413.8203125,-8106.9697265625,"Mesenchymal","#F0E442"
"klcmljko-1",11.1432691151826,0.439795498414819,8417.3837890625,-8100.28369140625,"Mesenchymal","#F0E442"
"klcmmidh-1",9.08109622547316,-1.4790012793104,8408.8037109375,-8101.697265625,"Mesenchymal","#F0E442"
"klcmnede-1",10.0887027318208,0.40968507961828,8381.470703125,-8092.53564453125,"Mesenchymal","#F0E442"
"klcndifg-1",10.2343431050508,1.30936694578726,8411.537109375,-8091.86083984375,"Mesenchymal","#F0E442"
"klcndinj-1",7.02087789127517,2.51646626429159,8392.779296875,-8093.07080078125,"Mesenchymal","#F0E442"
"klcnfdpl-1",6.81609159061599,-1.11319231553477,8421.0458984375,-8067.06884765625,"Mesenchymal","#F0E442"
"klcnihhp-1",7.05399423191237,3.10396635965902,8411.404296875,-8082.7392578125,"Mesenchymal","#F0E442"
"klcnjdkf-1",8.43527226993728,2.81558907465536,8413.755859375,-8076.513671875,"Mesenchymal","#F0E442"
"klcnnncf-1",11.1813369328706,1.25990260080892,8403.8525390625,-8073.1298828125,"Mesenchymal","#F0E442"
"klcnpbod-1",8.95745711872268,-3.93581449551981,8383.12109375,-8080.90283203125,"Plasma cell","#005685"
"klcoamhc-1",8.57175164768386,2.015964154764,8392.5126953125,-8079.78955078125,"Mesenchymal","#F0E442"
"klcobfoc-1",-4.3520450060637,1.02614999250967,8388.0234375,-7951.14501953125,"Epi_SecA","#E69F00"
"klcofaig-1",-4.01824898174119,-1.46684002442759,8403.1044921875,-7926.93408203125,"Epi_SecA","#E69F00"
"klcoidmk-1",-0.849170154836894,2.79917729334432,8417.7060546875,-7923.7490234375,"Epi_SecA","#E69F00"
"klcojine-1",-3.92432302882981,1.44032991365988,8414.1669921875,-7933.68017578125,"Epi_SecA","#E69F00"
"klcomjip-1",-4.30547756603074,-0.258332143859084,8407.798828125,-7944.61669921875,"Epi_SecA","#E69F00"
"klcpeabf-1",-4.56739038875413,-0.430502827600654,8398.1572265625,-7896.7626953125,"Epi_SecA","#E69F00"
"klcphmhj-1",10.9215436513154,6.32493150667745,8419.9072265625,-7896.75927734375,"Endothelial","#D55E00"
"kldaalem-1",-3.598037189749,-1.28203546567362,8398.833984375,-7905.189453125,"Epi_SecA","#E69F00"
"kldabioa-1",1.70919668028045,-2.56516682668131,8412.0673828125,-7902.78564453125,"Mesenchymal","#F0E442"
"kldafabi-1",-5.16856283595872,0.066157345338647,8402.8984375,-7912.98291015625,"Epi_SecA","#E69F00"
"kldafmnj-1",-3.91457552364183,-1.01735728545588,8398.2041015625,-7917.72607421875,"Epi_SecA","#E69F00"
"kldaiedm-1",-3.4790243571074,-2.61855661435526,8389.9287109375,-7913.25390625,"Epi_SecA","#E69F00"
"kldajobk-1",-3.82121700694871,0.924051408334558,8370.3466796875,-7917.857421875,"Epi_SecA","#E69F00"
"kldakikb-1",-4.26655334880662,-0.458795423940833,8359.4931640625,-7916.4248046875,"Epi_SecA","#E69F00"
"kldapmeb-1",10.4126067692964,2.23494708971578,8359.0546875,-7991.94775390625,"Mesenchymal","#F0E442"
"kldbbnlc-1",-1.82613057544541,-2.14137661023539,8363.43359375,-8073.58837890625,"Epi_SecA","#E69F00"
"kldbcdha-1",8.79910617420363,-2.02443158193033,8375.6328125,-8045.56298828125,"Mesenchymal","#F0E442"
"kldbdmjg-1",-2.65133375575853,-0.990862961248572,8371.8251953125,-7880.24462890625,"Epi_SecA","#E69F00"
"kldbkcim-1",-1.81120461871934,-0.315852607921775,8377.15625,-7872.6943359375,"Epi_SecA","#E69F00"
"kldblgng-1",-2.75369185855699,-1.85839259190958,8379.306640625,-7863.77197265625,"Epi_SecA","#E69F00"
"kldbpekl-1",4.50403647968459,-3.37460028691691,8355.8076171875,-7911.71142578125,"Mesenchymal","#F0E442"
"kldcaiel-1",2.48054724285292,-2.74107229276102,8351.7841796875,-7910.51123046875,"Mesenchymal","#F0E442"
"kldcekom-1",4.4847105080812,-5.45519840283793,8360.115234375,-7909.11572265625,"Mesenchymal","#F0E442"
"kldcpphj-1",-2.93781537463975,-2.44481122060221,8372.2001953125,-7905.90673828125,"Epi_SecA","#E69F00"
"klddaogf-1",-1.45951980998826,-1.9336378531019,8370.4091796875,-7899.81298828125,"Epi_SecB","#56B4E9"
"klddfpko-1",1.92750566551375,-2.8077195839445,8363.1015625,-7876.52685546875,"Mesenchymal","#F0E442"
"klddhmmp-1",7.98748593876052,-1.57101022763651,8418.447265625,-8130.59716796875,"Mesenchymal","#F0E442"
"klddknla-1",10.4652581746309,-0.611730273203071,8413.28515625,-8150.63427734375,"Mesenchymal","#F0E442"
"klddmhhg-1",8.9291091496675,-4.62207805676859,8428.7021484375,-8127.994140625,"Plasma cell","#005685"
"klddocmf-1",10.907240443918,-1.31308292909067,8412.2900390625,-8140.07275390625,"Mesenchymal","#F0E442"
"klddogkl-1",9.40257793018508,-1.94712423844736,8424.1796875,-8137.95166015625,"Mesenchymal","#F0E442"
"kldeacjk-1",12.056747966501,-0.569023187593635,8441.240234375,-8132.81689453125,"Mesenchymal","#F0E442"
"kldedgfj-1",-2.43450850894761,-2.80157100720804,8458.1015625,-8321.052734375,"Epi_SecB","#56B4E9"
"kldelfnk-1",-3.54626507213426,-2.56061660809916,8445.46484375,-8319.482421875,"Epi_SecA","#E69F00"
"kldenkbg-1",-6.53899568965745,1.12155533270437,8414.015625,-8256.734375,"Epi_SecA","#E69F00"
"kldepplc-1",-7.50228542735887,1.45092344717581,8451.205078125,-8243.38671875,"Epi_SecA","#E69F00"
"kldfagag-1",2.0932674939363,-3.03629886670512,8448.1484375,-8276.46875,"Mesenchymal","#F0E442"
"kldfbeda-1",-0.34010345390153,-2.74256598515909,8448.705078125,-8267.2783203125,"Epi_SecA","#E69F00"
"kldfccci-1",-5.18368620326829,0.0631678743799372,8428.8095703125,-8220.009765625,"Epi_SecA","#E69F00"
"kldfeahe-1",-5.96189398219895,0.142358605428521,8437.51953125,-8222.74609375,"Epi_SecA","#E69F00"
"kldffeji-1",-5.84408611705613,0.0680308087309046,8427.931640625,-8235.529296875,"Epi_SecA","#E69F00"
"kldfgbhl-1",-5.60768265178514,-0.893291826681312,8420.3369140625,-8248.6943359375,"Epi_SecA","#E69F00"
"kldfiflo-1",-6.3671087687285,-0.106843291171904,8434.794921875,-8263.2421875,"Epi_SecA","#E69F00"
"kldfmkld-1",-6.66108507564378,1.28394747213918,8423.3447265625,-8263.244140625,"Epi_SecA","#E69F00"
"kldfoalh-1",0.234897666665791,-2.4771577076475,8408.0322265625,-8209.7744140625,"Epi_SecA","#E69F00"
"kldfohln-1",9.75573497364211,-0.424411262706931,8422.7236328125,-8160.70556640625,"Mesenchymal","#F0E442"
"kldfokaf-1",6.64845185825515,-1.42744874520701,8413.9033203125,-8165.24609375,"Macrophage","#CC79A7"
"kldggbon-1",10.8562017018526,-1.28287910981577,8425.994140625,-8172.20556640625,"Mesenchymal","#F0E442"
"kldgjdmp-1",2.4581960971086,-2.87475144429606,8417.162109375,-8190.80712890625,"Mesenchymal","#F0E442"
"kldgjklo-1",8.65003734180617,-1.78254019780558,8452.201171875,-8210.5009765625,"Mesenchymal","#F0E442"
"kldglbme-1",-4.02588314464402,3.42153895334799,8422.4697265625,-8197.6337890625,"Epi_SecA","#E69F00"
"kldglonf-1",-0.816114610937358,2.91268980936605,8429.0400390625,-8211.796875,"Epi_SecA","#E69F00"
"kldgompm-1",-6.11486429622483,0.53286701874334,8414,-8202.9482421875,"Epi_SecA","#E69F00"
"kldhcclb-1",9.14378600666213,-3.90761673016947,8433.9208984375,-8174.93017578125,"Plasma cell","#005685"
"kldhfgce-1",9.72250323841262,-0.344659502939399,8441.39453125,-8171.25341796875,"Mesenchymal","#F0E442"
"kldhfhjk-1",9.78828197071242,-1.98917781873148,8435.130859375,-8187.85693359375,"Mesenchymal","#F0E442"
"kldhmalj-1",11.1649108464448,-1.00560837550562,8446.9267578125,-8178.0458984375,"Mesenchymal","#F0E442"
"kldicehc-1",11.2553792531221,-1.28662097020548,8436.486328125,-8157.22119140625,"Mesenchymal","#F0E442"
"kldidaeg-1",-4.29809278896165,-0.672966535524543,8429.4384765625,-8001.78564453125,"Epi_SecA","#E69F00"
"kldiedfc-1",-5.00579685619187,-0.76088457866114,8441.1279296875,-8007.99365234375,"Epi_SecA","#E69F00"
"kldifcba-1",-4.28084129741502,-0.836333330110724,8439.509765625,-8000.578125,"Epi_SecA","#E69F00"
"kldifhme-1",-1.90951866557908,1.88179433779318,8431.07421875,-8027.609375,"Epi_SecA","#E69F00"
"kldifoap-1",-5.27408165386033,-0.0407119238237695,8437.6083984375,-8017.3232421875,"Epi_SecA","#E69F00"
"kldighng-1",10.3029456670015,1.24580932097036,8427.4560546875,-8096.85107421875,"Mesenchymal","#F0E442"
"kldikgoh-1",9.73251109668898,0.993016247316186,8440.083984375,-8100.3017578125,"Mesenchymal","#F0E442"
"kldioika-1",6.92862372944045,3.16755760149557,8432.462890625,-8104.783203125,"Mesenchymal","#F0E442"
"kldipmmd-1",11.2348342473238,0.555777732892816,8435.09375,-8086.623046875,"Mesenchymal","#F0E442"
"kldjjefo-1",9.34703975269484,2.22649991945821,8426.7568359375,-8079.9638671875,"Mesenchymal","#F0E442"
"kldjkpbe-1",10.4446969563692,3.91229522661764,8411.3232421875,-8115.45068359375,"Mesenchymal","#F0E442"
"kldjkpne-1",9.3150783116548,-1.335673685507,8424.8603515625,-8118.7578125,"Mesenchymal","#F0E442"
"kldjmcni-1",10.2832551533906,5.85033023790914,8411.1376953125,-8122.83837890625,"Endothelial","#D55E00"
"kldkbnfd-1",8.14716296741652,4.19107997850973,8423.71484375,-8110.13427734375,"Endothelial","#D55E00"
"kldkcinf-1",9.41099124500441,3.04832399324972,8416.6259765625,-8112.3896484375,"Mesenchymal","#F0E442"
"kldkfkdb-1",7.80708747455764,-0.953064258531745,8409.42578125,-8063.0703125,"Mesenchymal","#F0E442"
"kldkgphe-1",-5.58352751186204,2.13306582407552,8428.1591796875,-8054.123046875,"Epi_SecA","#E69F00"
"kldkhaaj-1",-5.37962622096849,-0.626918073133643,8415.23046875,-8055.58056640625,"Epi_SecA","#E69F00"
"kldkhced-1",-3.79053539684129,0.877420191331689,8390.2001953125,-7865.6845703125,"Epi_SecA","#E69F00"
"kldkieio-1",-5.37977404048753,0.564366404577081,8402.0009765625,-7865.10498046875,"Epi_SecA","#E69F00"
"kldkinok-1",4.27265124866652,-5.18893110318583,8378.7626953125,-7961.65966796875,"Epi_SecA","#E69F00"
"kldkkkmh-1",-4.41511673381639,0.820750658078973,8382.2548828125,-7955.67578125,"Epi_SecA","#E69F00"
"kldkmkad-1",-3.90598387172532,-0.960655446485694,8393.2265625,-7887.62744140625,"Epi_SecA","#E69F00"
"kldkphle-1",-3.0965301459105,-1.25222968621653,8382.2216796875,-7893.1708984375,"Epi_SecA","#E69F00"
"kldlacpn-1",-2.09015507152391,-0.57538738413256,8386.9521484375,-7871.6767578125,"Epi_SecA","#E69F00"
"kldlbdkj-1",-2.94068688800645,-1.30996119542521,8385.111328125,-7879.677734375,"Epi_SecA","#E69F00"
"kldlblgb-1",-1.93793339183641,-1.20892631574076,8378.8642578125,-7881.73486328125,"Epi_SecB","#56B4E9"
"kldlleag-1",0.201274150106191,0.975914125009362,8382.1240234375,-7873.419921875,"Epi_SecA","#E69F00"
"kldlnbog-1",-4.66923088481736,-0.0466065512458639,8407.8359375,-7956.82177734375,"Epi_SecA","#E69F00"
"kldlolac-1",-3.15045661380601,-0.214847426251586,8416.611328125,-7975.47119140625,"Epi_SecA","#E69F00"
"kldlpmel-1",-2.74608869006944,-0.54078170223635,8423.3330078125,-7976.04931640625,"Epi_SecA","#E69F00"
"kldmbhcj-1",-3.97568840434861,-0.00934745682876867,8415.4169921875,-7966.6767578125,"Epi_SecA","#E69F00"
"kldmcepn-1",-0.844036883619548,1.24528563456136,8411.1162109375,-7969.8623046875,"Epi_SecA","#E69F00"
"kldmdhil-1",-2.73263449123216,0.149562467499559,8422.1513671875,-7969.0185546875,"Epi_SecA","#E69F00"
"kldmenlc-1",-0.425053304937602,2.37886393503744,8433.650390625,-7958.15771484375,"Epi_SecA","#E69F00"
"kldmfbjc-1",11.1982036168306,-0.382390435175117,8438.8330078125,-7948.712890625,"Mesenchymal","#F0E442"
"kldmgehl-1",9.52786307880568,1.75250518755514,8450.3583984375,-7957.2841796875,"Mesenchymal","#F0E442"
"kldmjmdh-1",10.8962131077974,-1.00288420482081,8432.001953125,-7925.14208984375,"Mesenchymal","#F0E442"
"kldmkjka-1",9.82656055042434,-0.656799014047797,8443.115234375,-7935.96630859375,"Mesenchymal","#F0E442"
"kldmkjmc-1",9.32124667713332,0.409353975816552,8432.7490234375,-7937.8544921875,"Mesenchymal","#F0E442"
"kldmpaip-1",-5.97019571712327,2.98043358759481,8428.4287109375,-7894.2001953125,"Epi_SecA","#E69F00"
"kldmpgbl-1",9.08834033558059,4.27824724154073,8426.5087890625,-7911.96142578125,"Mesenchymal","#F0E442"
"kldncohb-1",10.3067441518037,6.00444066958029,8423.54296875,-7905.07470703125,"Endothelial","#D55E00"
"kldnfnkn-1",-4.82508510997605,3.16963828043539,8431.9267578125,-7904.32373046875,"Epi_SecA","#E69F00"
"kldngofe-1",-4.93192953517747,-0.495696957544501,8387.025390625,-7798.6474609375,"Epi_SecA","#E69F00"
"kldnieml-1",8.85037570545363,0.604503635927026,8433.443359375,-7795.59423828125,"Mesenchymal","#F0E442"
"kldnkibc-1",0.164070897790669,2.43051898912985,8392.6357421875,-7797.9228515625,"Epi_SecA","#E69F00"
"kldnmbig-1",-4.99925751140428,-0.224494452909644,8398.7392578125,-7795.7587890625,"Epi_SecA","#E69F00"
"kldoange-1",9.86722140857863,-0.367988611892875,8446.4697265625,-7783.55810546875,"Mesenchymal","#F0E442"
"kldodnec-1",5.9526515538423,-4.92401897473734,8446.0927734375,-7793.93017578125,"Mesenchymal","#F0E442"
"kldoeiad-1",11.387579494211,-1.0208519653837,8437.3720703125,-7788.171875,"Mesenchymal","#F0E442"
"kldogiac-1",9.80969291279006,1.51771629290182,8439.880859375,-7773.9765625,"Epi_SecA","#E69F00"
"kldojbjn-1",-8.68505424907518,1.41861868338186,8434.5380859375,-7884.26220703125,"Epi_SecA","#E69F00"
"kldojlih-1",1.64684962579894,-2.49658810658854,8437.8203125,-7804.22216796875,"Mesenchymal","#F0E442"
"kldpbgpf-1",-3.48229116847825,-0.893343801931556,8376.92578125,-7828.56103515625,"Epi_SecA","#E69F00"
"kldpbkip-1",-4.60338539531541,-0.880027885870154,8380.9189453125,-7817.85546875,"Epi_SecA","#E69F00"
"kldpchin-1",-5.28347963741136,0.296240155263726,8400.736328125,-7843.607421875,"Epi_SecA","#E69F00"
"kldpeolg-1",-4.5710505907805,1.88593781427938,8396.8759765625,-7851.6875,"Epi_SecA","#E69F00"
"kldpidao-1",-5.39702743938279,1.66458130316335,8381.0087890625,-7838.34423828125,"Epi_SecA","#E69F00"
"kldpkefk-1",-3.45672840526414,-0.624717290834601,8384.1376953125,-7851.3466796875,"Epi_SecA","#E69F00"
"kldplmmh-1",-4.67784256389451,0.506619874997918,8391.2412109375,-7849.2080078125,"Epi_SecA","#E69F00"
"kldpooen-1",-2.18299574306321,-1.72372817559641,8385.1875,-7839.1201171875,"Epi_SecA","#E69F00"
"kleaajpc-1",-3.08528417995286,1.85937071280081,8426.1650390625,-7806.97900390625,"Epi_SecA","#E69F00"
"kleaejpd-1",1.96613281318831,-2.33350503011149,8424.783203125,-7826.6201171875,"Mesenchymal","#F0E442"
"kleaekji-1",11.0211148793428,5.98294771151144,8415.7919921875,-7883.05810546875,"Endothelial","#D55E00"
"kleajdao-1",-5.25371975353074,3.01060474352438,8425.0947265625,-7838.61474609375,"Epi_SecA","#E69F00"
"kleakepn-1",-4.40057892253709,1.46387827829916,8416.34375,-7841.02197265625,"Epi_SecA","#E69F00"
"kleamjih-1",-5.62840980937791,2.29544198946554,8407.8564453125,-7855.6796875,"Epi_SecA","#E69F00"
"kleaoehd-1",-4.22975010326219,0.444539968534295,8409.994140625,-7834.35791015625,"Epi_SecA","#E69F00"
"kledeipg-1",-2.26263732364488,2.36479652361471,8397.6005859375,-7754.25146484375,"Epi_SecA","#E69F00"
"kledhhnk-1",-5.38962931087327,-0.250715355710204,8359.95703125,-7787.00537109375,"Epi_SecA","#E69F00"
"kledinii-1",-4.96211428096604,0.283767674728219,8417.1484375,-7793.3017578125,"Epi_SecA","#E69F00"
"kledmhea-1",-4.87054294994187,0.594746951623742,8420.4375,-7800.86376953125,"Epi_SecA","#E69F00"
"klednena-1",-2.05552262714219,2.01157677607137,8427.4775390625,-7794.6796875,"Epi_SecA","#E69F00"
"kledpnac-1",-5.09464163234544,0.564682130380456,8407.3564453125,-7795.52197265625,"Epi_SecA","#E69F00"
"kleedanj-1",-2.66824335506272,2.0496133609255,8428.8388671875,-7769.2060546875,"Epi_SecA","#E69F00"
"kleehnff-1",5.53503518650222,-1.31504535241526,8444.0068359375,-7751.2529296875,"Macrophage","#CC79A7"
"kleeijnd-1",-0.663900679853679,2.64846599535543,8437.5439453125,-7761.70458984375,"Epi_SecA","#E69F00"
"klegkcgh-1",-2.93364018848252,-3.03534042401713,8545.2451171875,-8174.3447265625,"Epi_SecA","#E69F00"
"klegkjdb-1",-3.21892113139939,-2.51918232007426,8553.41796875,-8185.61962890625,"Epi_SecA","#E69F00"
"klegmlgi-1",-8.05402702739549,2.57474697069723,8542.419921875,-8677.453125,"Epi_SecA","#E69F00"
"klegpahn-1",-8.18605274608445,1.30967760519582,8552.9365234375,-8672.12109375,"Epi_SecA","#E69F00"
"klehdpeo-1",-9.00741619518113,1.1610373301943,8542.314453125,-8662.677734375,"Epi_SecA","#E69F00"
"klehdppo-1",-8.35466522624803,2.3835715098818,8527.81640625,-8672.716796875,"Epi_SecA","#E69F00"
"klehjlbd-1",-8.51130051067186,1.58619165854055,8530.5390625,-8651.8564453125,"Epi_SecA","#E69F00"
"klehlppg-1",-8.08019012859178,1.08260536627371,8536.970703125,-8627.0166015625,"Epi_SecA","#E69F00"
"kleidopn-1",-7.30928558757615,-0.429830904440101,8532.8994140625,-8569.1123046875,"Epi_SecA","#E69F00"
"kleiijnl-1",-0.00242025306534877,-2.79773437543314,8528.578125,-8589.50390625,"Epi_SecA","#E69F00"
"kleiklhe-1",-7.43149036815477,-0.886281068758185,8534.51953125,-8579.033203125,"Epi_SecA","#E69F00"
"kleimjbh-1",-7.11548275401902,0.0180051370103999,8535.4736328125,-8587.08203125,"Epi_SecA","#E69F00"
"kleinlgh-1",-6.83814758708787,-1.19849156899851,8542.32421875,-8580.83203125,"Epi_SecA","#E69F00"
"kleipchb-1",-0.197459883001567,-2.82292091412943,8525.6103515625,-8581.822265625,"Epi_SecA","#E69F00"
"klejaapp-1",8.43408828327346,-5.23846542401713,8548.583984375,-8291.6796875,"Plasma cell","#005685"
"klejakmd-1",10.3950763280122,-1.67399751706522,8552.4541015625,-8327.005859375,"Mesenchymal","#F0E442"
"klejdckl-1",9.33929496357131,-3.08847987218302,8550.3623046875,-8298.001953125,"Mesenchymal","#F0E442"
"klejegfp-1",10.6100774342744,-1.63408541245859,8544.818359375,-8342.685546875,"Mesenchymal","#F0E442"
"klejjkfg-1",-5.58432144573045,-2.67585670514506,8535.90234375,-8542.6552734375,"Epi_SecA","#E69F00"
"klejoigp-1",-0.458741611746074,-1.17443072362345,8538.630859375,-8534.7626953125,"Epi_SecA","#E69F00"
"klejoldb-1",6.39340549060988,-4.6775275425474,8526.794921875,-8330.287109375,"T cell","#1C91D4"
"klejpndd-1",-7.77247471263719,0.464956287904565,8522.4306640625,-8538.2685546875,"Epi_SecA","#E69F00"
"klekhbml-1",-7.28875488689256,1.11091769175131,8525.5556640625,-8513.44921875,"Epi_SecA","#E69F00"
"klekikjd-1",10.2007127339571,-2.11210691495341,8530.7392578125,-8341.390625,"Mesenchymal","#F0E442"
"klekjpef-1",10.8515430028169,5.45592964129049,8539.3642578125,-8298.466796875,"Endothelial","#D55E00"
"klekohch-1",10.8613868291109,0.606620852514092,8525.1494140625,-8316.904296875,"Mesenchymal","#F0E442"
"klekpfej-1",7.37989478656936,1.57038295702535,8524.208984375,-8312.5546875,"Mesenchymal","#F0E442"
"klelcgnj-1",10.1762319142549,-0.568843718008216,8531.568359375,-8314.80859375,"Mesenchymal","#F0E442"
"klelfknp-1",8.93397861072707,-2.03339290185374,8542.21875,-8249.765625,"Mesenchymal","#F0E442"
"kleljbgh-1",5.15891318866896,-4.08009898229044,8553.6142578125,-8257.5849609375,"Macrophage","#CC79A7"
"klelocla-1",8.91859298298049,-2.07706224484843,8545.3115234375,-8267.91015625,"Mesenchymal","#F0E442"
"klelonpi-1",9.68943172046828,-2.14184939427775,8550.8115234375,-8283.0908203125,"Mesenchymal","#F0E442"
"klemapdl-1",8.059686713907,-2.06235909028452,8553.0439453125,-8268.693359375,"Mesenchymal","#F0E442"
"klemdekf-1",5.17649131366896,-2.35741912885111,8528.833984375,-8263.8447265625,"Macrophage","#CC79A7"
"klemehnh-1",8.88642936298537,-5.0812779621641,8524.107421875,-8287.9765625,"Plasma cell","#005685"
"klemfpgm-1",10.9695725972383,5.3054293437441,8532.751953125,-8285.4140625,"Endothelial","#D55E00"
"klemhccd-1",10.9063716466157,5.19751394228536,8527.697265625,-8275.8984375,"Endothelial","#D55E00"
"klemhlcc-1",8.02625041553664,-4.01884161992472,8528.9404296875,-8214.46875,"Plasma cell","#005685"
"klemjcda-1",6.07689004490065,-4.21452867551249,8549.853515625,-8237.2919921875,"T cell","#1C91D4"
"klemkoji-1",2.32529109069991,-2.94318949742716,8555.6806640625,-8225.2353515625,"Mesenchymal","#F0E442"
"klemmlpd-1",4.12418513843703,-3.48541104360026,8549.7587890625,-8220.6640625,"Macrophage","#CC79A7"
"klemofak-1",6.16666322300124,-4.63070022626322,8545.201171875,-8236.986328125,"Plasma cell","#005685"
"klencljp-1",8.12814622471022,-4.83370554013651,8542.3603515625,-8224.95703125,"Plasma cell","#005685"
"klenfkjo-1",11.0105672414033,-1.63522076173228,8530.296875,-8241.4609375,"Mesenchymal","#F0E442"
"klenhmle-1",9.35229354450393,-2.41817819638651,8529.998046875,-8222.9951171875,"Mesenchymal","#F0E442"
"klenldnk-1",10.5706944997041,-1.77483081384104,8527.837890625,-8230.1845703125,"Mesenchymal","#F0E442"
"klenmjlk-1",5.95173793384719,-4.04914700551432,8524.2353515625,-8251.68359375,"T cell","#1C91D4"
"kleoahnk-1",9.80570369312453,-1.85794996781748,8534.58203125,-8235.984375,"Mesenchymal","#F0E442"
"kleocdcc-1",9.39495997974563,-1.90795576138895,8536.0625,-8245.9287109375,"Mesenchymal","#F0E442"
"kleocnpo-1",8.13502936908889,-4.75699340863627,8535.3349609375,-8216.3115234375,"Plasma cell","#005685"
"kleodmaa-1",3.42580371448684,-4.22309314771097,8549.3994140625,-8214.3310546875,"Epi_SecA","#E69F00"
"klfaajnn-1",-5.79478783061814,0.219807182117288,8536.279296875,-8373.8779296875,"Epi_SecA","#E69F00"
"klfaigmb-1",-4.3448223536284,-2.54872953458231,8539.7763671875,-8384.5859375,"Epi_SecA","#E69F00"
"klfaikbj-1",-5.31433958461595,-0.395432974533256,8529.48828125,-8373.525390625,"Epi_SecA","#E69F00"
"klfaipkf-1",-6.1132549708159,-0.364360477165397,8566.4716796875,-8392.822265625,"Epi_SecA","#E69F00"
"klfajnaj-1",-2.54087109020066,-0.950852807001288,8542.724609375,-8417.0546875,"Epi_SecB","#56B4E9"
"klfakcad-1",-4.79515547206712,-1.64653610749644,8560.8349609375,-8423.369140625,"Epi_SecA","#E69F00"
"klfalneg-1",-4.47942156246019,-0.529144312576468,8545.6953125,-8422.6357421875,"Epi_SecA","#E69F00"
"klfaoahn-1",-5.05085892131639,-1.16388117833536,8544.13671875,-8374.16015625,"Epi_SecA","#E69F00"
"klfeildk-1",-6.28843016078782,0.727366749807183,8596.6533203125,-8386.9638671875,"Epi_SecA","#E69F00"
"klfekobf-1",-5.06059402873826,-1.31435799165171,8586.9296875,-8381.1015625,"Epi_SecA","#E69F00"
"klfepkfn-1",-5.13103622844529,-1.02215504212778,8595.0166015625,-8371.84375,"Epi_SecA","#E69F00"
"klffoelf-1",-6.42099518230271,0.966185931726281,8592.1162109375,-8406.498046875,"Epi_SecA","#E69F00"
"klfgfahk-1",-5.44685644557786,-0.7488205985586,8594.6201171875,-8350.1708984375,"Epi_SecA","#E69F00"
"klfggeci-1",-5.67106289317918,-0.394309277967627,8593.6982421875,-8339.8720703125,"Epi_SecA","#E69F00"
"klfheool-1",11.2121806676118,-1.75494730039042,8574.2021484375,-8352.90234375,"Mesenchymal","#F0E442"
"klfhhlad-1",10.6935725743501,-1.93502485318583,8557.5400390625,-8336.7626953125,"Mesenchymal","#F0E442"
"klfhhpgd-1",8.71888642856765,-1.51433920426768,8568.650390625,-8307.9248046875,"Mesenchymal","#F0E442"
"klfhjbfl-1",10.4393964345186,-1.98572301431101,8563.974609375,-8314.6318359375,"Mesenchymal","#F0E442"
"klfhkjae-1",5.82978826114821,-4.61273538632792,8562.060546875,-8271.119140625,"Macrophage","#CC79A7"
"klfhlfmi-1",4.1883762414186,-5.37584411664408,8570.73828125,-8270.3779296875,"Mesenchymal","#F0E442"
"klfhmigg-1",4.88868003437209,-4.3363901333372,8566.1171875,-8274.609375,"Macrophage","#CC79A7"
"klfhmmci-1",10.1851792866914,-2.2728656487028,8563.5439453125,-8288.9541015625,"Mesenchymal","#F0E442"
"klfhnpci-1",1.89501815387893,-2.19799530072611,8570.734375,-8291.779296875,"Mesenchymal","#F0E442"
"klfieijk-1",-4.63847822597337,-0.797180469469245,8570.6767578125,-8231.701171875,"Epi_SecA","#E69F00"
"klfifaab-1",-3.93809742381883,-1.94038843675059,8563.046875,-8227.341796875,"Epi_SecA","#E69F00"
"klfifopl-1",-3.66150803020311,-2.76716887517374,8558.2841796875,-8209.18359375,"Epi_SecA","#E69F00"
"klfihhpf-1",4.50136166164565,-5.21291791959208,8556.923828125,-8216.7822265625,"Mesenchymal","#F0E442"
"klfijgki-1",-3.46157593181443,-0.949852164224799,8579.7236328125,-8202.13671875,"Epi_SecA","#E69F00"
"klfijipa-1",-4.24597877910447,-1.94162118001383,8585.7509765625,-8188.71337890625,"Epi_SecA","#E69F00"
"klfjeokj-1",2.3950104052751,-2.8933330730955,8564.755859375,-8245.0380859375,"Macrophage","#CC79A7"
"klfjicgd-1",-6.29854340007615,0.226323787732904,8577.458984375,-8264.2744140625,"Epi_SecA","#E69F00"
"klfkailf-1",-4.94457907131028,-1.27877091927927,8580.6943359375,-8253.4833984375,"Epi_SecA","#E69F00"
"klfkeomi-1",-5.16806740215135,-0.880504603819068,8574.55078125,-8241.80859375,"Epi_SecA","#E69F00"
"klfkgnfp-1",-4.40733951976609,-1.33463859124583,8567.9375,-8250.064453125,"Epi_SecA","#E69F00"
"klfknbmn-1",7.15189748356032,-4.65258991284769,8559.6923828125,-8265.7783203125,"Plasma cell","#005685"
"klfkohef-1",5.82907777378249,-4.02954685254496,8558.50390625,-8258.9267578125,"NK cell","#007756"
"klfladdc-1",4.82907634327102,-3.37805854840678,8557.5439453125,-8252.6845703125,"Macrophage","#CC79A7"
"klflbcjm-1",4.61247735569167,-3.07673894925516,8561.3681640625,-8241.1865234375,"Macrophage","#CC79A7"
"klflcheo-1",2.20861428329635,-3.00465714497965,8559.8583984375,-8236.189453125,"Mesenchymal","#F0E442"
"klfnhjob-1",-5.56622976711106,-0.339901100234206,8468.46484375,-8043.6572265625,"Epi_SecA","#E69F00"
"klfnmili-1",-3.94377941539598,1.49690461592275,8511.3037109375,-8043.3876953125,"Epi_SecA","#E69F00"
"klfnnoob-1",10.2662625844209,0.50356352762777,8463.6220703125,-8108.1611328125,"Mesenchymal","#F0E442"
"klfnpppg-1",11.420761638376,-0.581375296549018,8452.8876953125,-8099.27099609375,"Mesenchymal","#F0E442"
"klfobpmn-1",10.8333831364839,-1.27655028863352,8450.517578125,-8107.517578125,"Mesenchymal","#F0E442"
"klfoeiam-1",2.0517350966661,-2.66648661656779,8498.5654296875,-8125.54638671875,"Mesenchymal","#F0E442"
"klfofeaa-1",-4.96282715251756,-0.516565795377906,8494.6533203125,-8119.33154296875,"Epi_SecA","#E69F00"
"klfonmlh-1",6.9153791005342,-2.009919281439,8498.98046875,-8137.7841796875,"Mesenchymal","#F0E442"
"klfooajp-1",-5.71258205821824,1.40675151781637,8506.505859375,-8130.39208984375,"Epi_SecA","#E69F00"
"klfpccdh-1",8.14897447178054,2.34168756441671,8460.7392578125,-8122.01318359375,"Mesenchymal","#F0E442"
"klfpegbk-1",11.8069034154146,-0.458023990825828,8451.9677734375,-8132.443359375,"Mesenchymal","#F0E442"
"klfpfhjp-1",10.6728606755464,1.43338513807852,8466.166015625,-8128.833984375,"Mesenchymal","#F0E442"
"klfpkhdk-1",6.67514806339431,-4.08938610120219,8479.8642578125,-8119.94873046875,"Plasma cell","#005685"
"klfplncg-1",5.66775279590773,-0.889490719274695,8472.8125,-8121.857421875,"Macrophage","#CC79A7"
"klfpnhem-1",6.16896730014968,-4.5866490559141,8486.490234375,-8127.767578125,"T cell","#1C91D4"
"klgagbbk-1",8.9687762791841,0.0370301349600001,8478.029296875,-8129.1455078125,"Mesenchymal","#F0E442"
"klgahehl-1",8.00216155597854,-1.91353380246561,8454.1748046875,-8119.39111328125,"Plasma cell","#005685"
"klganhhl-1",1.87117927620101,-2.83679258389872,8459.07421875,-8086.33984375,"Mesenchymal","#F0E442"
"klganmmh-1",10.3697600896089,-0.382092560962851,8452.5029296875,-8091.6865234375,"Mesenchymal","#F0E442"
"klganoob-1",-3.94664616039109,-0.63718866868418,8457.3212890625,-8074.2265625,"Epi_SecA","#E69F00"
"klgbaljd-1",4.58204036304641,3.20491159395773,8461.9892578125,-8099.42041015625,"Mesenchymal","#F0E442"
"klgbciej-1",-6.27412981441331,0.364060257240121,8514.9775390625,-8093.44140625,"Epi_SecA","#E69F00"
"klgbhfhj-1",-4.8421744768889,0.815204624696557,8485.9482421875,-8070.38671875,"Epi_SecA","#E69F00"
"klgbijlb-1",8.49273353168654,-4.54180156751078,8487.720703125,-8117.67529296875,"Mesenchymal","#F0E442"
"klgbjknd-1",-3.94736809184861,2.98983037905294,8478.5107421875,-8087.2578125,"Epi_SecA","#E69F00"
"klgbjnlc-1",-4.70340866496873,1.31472135023672,8479.0634765625,-8082.1083984375,"Epi_SecA","#E69F00"
"klgbkcka-1",-4.52349371364427,-3.66852104230326,8411.806640625,-8557.265625,"Epi_SecA","#E69F00"
"klgbmbpm-1",-4.1731275980742,-1.35991072221201,8415.791015625,-8577.0625,"Epi_SecA","#E69F00"
"klgbmlfp-1",-6.44918531825853,-0.82863336368006,8425.4169921875,-8578.0068359375,"Epi_SecA","#E69F00"
"klgbnlaf-1",0.582893990966557,-2.87225782437723,8421.423828125,-8562.1640625,"Epi_SecA","#E69F00"
"klgbpkoi-1",1.6050985986917,-2.85568296475809,8413.41015625,-8567.6962890625,"Mesenchymal","#F0E442"
"klgcbiak-1",3.98055582592177,-1.70182024999064,8457.10546875,-8582.94921875,"Macrophage","#CC79A7"
"klgcfgco-1",-4.25537533214402,-2.7572189526121,8440.0947265625,-8580.5380859375,"Epi_SecA","#E69F00"
"klgcogpm-1",-5.39935392787767,-2.20238363309305,8443.9794921875,-8571.037109375,"Epi_SecB","#56B4E9"
"klgdaopo-1",-5.41398901393724,-1.15265607400339,8435.4873046875,-8555.3017578125,"Epi_SecA","#E69F00"
"klgddoef-1",-4.48726791789842,-3.49454319043558,8454.3505859375,-8561.7412109375,"Epi_SecA","#E69F00"
"klgdeboo-1",-5.83184427669358,-1.90614544911783,8440.8857421875,-8562.126953125,"Epi_SecA","#E69F00"
"klgdfimj-1",3.39864140102553,-2.1763399796049,8454.271484375,-8579.615234375,"Macrophage","#CC79A7"
"klgdgfmn-1",-5.48090404918504,-2.73420464559,8513.291015625,-8560.6435546875,"Epi_SecA","#E69F00"
"klgdhekj-1",-7.19052929332566,1.08149409727651,8498.255859375,-8577.7822265625,"Epi_SecA","#E69F00"
"klgdiiio-1",-7.10952228954148,0.125633035465066,8524.431640625,-8570.7431640625,"Epi_SecA","#E69F00"
"klgdjhfn-1",-7.15206665447068,-1.0414459065954,8520.4296875,-8592.61328125,"Epi_SecA","#E69F00"
"klgdjodb-1",-7.90763706615281,1.87614429430563,8522.1787109375,-8632.76171875,"Epi_SecA","#E69F00"
"klgdkoge-1",-5.65043682506395,-2.04379951520365,8506.017578125,-8589.1015625,"Epi_SecA","#E69F00"
"klgdlpmp-1",-6.81237310817552,-0.158266733721908,8484.40625,-8644.548828125,"Epi_SecA","#E69F00"
"klgdoiij-1",-7.93897766521287,1.57893336252767,8488.9423828125,-8654.703125,"Epi_SecA","#E69F00"
"klgegooj-1",-6.81835264613938,-0.610475655035193,8476.853515625,-8650.9287109375,"Epi_SecA","#E69F00"
"klgehdma-1",-8.80437797954393,1.96683848337728,8517.25,-8643.3251953125,"Epi_SecA","#E69F00"
"klgeibho-1",-7.68431229045701,2.36135089830953,8524.716796875,-8660.8125,"Epi_SecA","#E69F00"
"klgellmi-1",-6.67571634700608,-0.749134357408698,8470.4736328125,-8608.52734375,"Epi_SecA","#E69F00"
"klgfbbba-1",-6.43275112560105,-1.59447729154032,8477.8447265625,-8625.4677734375,"Epi_SecA","#E69F00"
"klgfcdeb-1",-5.13468212535691,-2.78400933309,8460.255859375,-8623.7802734375,"Epi_SecA","#E69F00"
"klgfdpgn-1",-5.01410002162767,0.0768478705127879,8458.185546875,-8614.5888671875,"Epi_SecA","#E69F00"
"klgfegch-1",-4.59554571559739,-3.87182056470316,8494.322265625,-8608.072265625,"Epi_SecB","#56B4E9"
"klgfhkpc-1",-6.08999342372728,-2.49369465871256,8487.978515625,-8603.3544921875,"Epi_SecA","#E69F00"
"klgfiopc-1",-8.06331962993455,-0.066626583547409,8478.97265625,-8594.03125,"Epi_SecA","#E69F00"
"klgfkdhj-1",-7.28129429271531,1.15049946741659,8491.6015625,-8592.1884765625,"Epi_SecA","#E69F00"
"klgfmgig-1",-6.49110264232469,-1.83440899415415,8469.7275390625,-8593.669921875,"Epi_SecA","#E69F00"
"klgfmicc-1",-6.74178451946092,-1.81259297891062,8467.181640625,-8585.3173828125,"Epi_SecA","#E69F00"
"klgfmnoo-1",-6.39471239497972,-1.68255376382273,8461.302734375,-8599.1953125,"Epi_SecA","#E69F00"
"klgfpdcj-1",2.32780581066298,0.894808535142724,8459.93359375,-8582.72265625,"Epi_SecB","#56B4E9"
"klgfpmon-1",2.98676949093032,-1.34419154687327,8459.615234375,-8577.4560546875,"Epi_SecB","#56B4E9"
"klggclno-1",-7.22998566081834,2.56640375094015,8497.931640625,-8564.1279296875,"Epi_SecA","#E69F00"
"klgggafp-1",-1.86352748325181,0.77673590616781,8435.5673828125,-8535.5390625,"Epi_SecB","#56B4E9"
"klgggang-1",-6.42112059047532,-1.38389360471171,8527.4912109375,-8544.5751953125,"Epi_SecA","#E69F00"
"klgggeeh-1",-4.4395284121306,-3.87859952016276,8503.5185546875,-8547.912109375,"Epi_SecB","#56B4E9"
"klgghdlk-1",-2.75042623927903,2.07405746416647,8489.912109375,-8549.751953125,"Epi_SecA","#E69F00"
"klggkdbn-1",-5.48626560619187,-2.30191623731058,8454.427734375,-8549.8916015625,"Epi_SecA","#E69F00"
"klggmghp-1",-6.26883930614305,-1.1871528582136,8441.7822265625,-8548.40625,"Epi_SecA","#E69F00"
"klggnafi-1",2.5922989184587,-3.0884641365568,8468.994140625,-8536.6982421875,"Macrophage","#CC79A7"
"klggoefl-1",-7.13206571986985,1.75129306749899,8448.67578125,-8521.5390625,"Epi_SecA","#E69F00"
"klggpefk-1",-6.2230395739348,-1.16709517999094,8446.326171875,-8536.8544921875,"Epi_SecA","#E69F00"
"klghbfhp-1",-6.21544737270188,-2.06275271935862,8458.36328125,-8538.888671875,"Epi_SecA","#E69F00"
"klghcofl-1",-6.45871872356248,-0.834375198320563,8450.376953125,-8528.638671875,"Epi_SecA","#E69F00"
"klghdepg-1",-5.77063126018357,-0.741632993654426,8440.734375,-8524.248046875,"Epi_SecA","#E69F00"
"klghedhf-1",-5.17313570430589,-1.34088766141337,8433.341796875,-8529.0361328125,"Epi_SecA","#E69F00"
"klghedop-1",-3.47427696636033,-1.71160244508189,8421.552734375,-8526.064453125,"Epi_SecB","#56B4E9"
"klghfdkg-1",-5.13927978923631,-1.0078737692396,8434.5322265625,-8520.6015625,"Epi_SecA","#E69F00"
"klghfeln-1",-4.88962025096727,-2.81508314176005,8447.5830078125,-8668.94140625,"Epi_SecB","#56B4E9"
"klghhafe-1",-6.0351938669951,-1.46260976357859,8463.271484375,-8636.9189453125,"Epi_SecA","#E69F00"
"klghhlgc-1",-6.55190462520433,-1.41560244126719,8475.15234375,-8636.7880859375,"Epi_SecA","#E69F00"
"klghlfng-1",-6.79177326610398,-0.161910261348899,8487.4912109375,-8632.072265625,"Epi_SecA","#E69F00"
"klghmkpl-1",-6.72819227626634,-1.36975109143656,8467.6259765625,-8644.84765625,"Epi_SecA","#E69F00"
"klghofod-1",-6.04055542400193,-1.95039140744608,8468.39453125,-8653.05078125,"Epi_SecA","#E69F00"
"klghohoa-1",-4.32521862438035,-3.06064068837565,8458.603515625,-8651.3544921875,"Epi_SecB","#56B4E9"
"klghomde-1",-7.54278988292527,-0.766745145754035,8475.4521484375,-8644.00390625,"Epi_SecA","#E69F00"
"klgibhhd-1",-5.06204838207078,-1.94477855725687,8474.0908203125,-8659.6337890625,"Epi_SecA","#E69F00"
"klgibklh-1",-6.64580196788621,-1.1036955074827,8477.0439453125,-8360.58984375,"Epi_SecA","#E69F00"
"klgicacf-1",-6.27663654735398,-0.409453477100547,8480.8349609375,-8355.388671875,"Epi_SecA","#E69F00"
"klgieloj-1",2.67059784481215,2.34418523745138,8478.1064453125,-8477.8408203125,"Epi_SecA","#E69F00"
"klgiffbk-1",-2.22447461536241,-3.23375212712687,8451.923828125,-8367.8447265625,"Epi_SecA","#E69F00"
"klgihamh-1",1.72504257509398,-2.97330462499064,8447.7880859375,-8361.6533203125,"Epi_SecA","#E69F00"
"klgiioph-1",-3.93530363490892,1.99080217318136,8451.47265625,-8516.7919921875,"Epi_SecA","#E69F00"
"klgipjbh-1",-7.97338146617723,1.00655043558675,8455.2998046875,-8516.765625,"Epi_SecA","#E69F00"
"klgjadko-1",-7.18003839900804,1.20834410624105,8453.9306640625,-8509.1728515625,"Epi_SecA","#E69F00"
"klgjcojc-1",-7.4381193583281,0.210170928998773,8460.6083984375,-8508.63671875,"Epi_SecA","#E69F00"
"klgjekhg-1",-6.26967424800706,2.57999313311178,8458.8828125,-8517.580078125,"Epi_SecA","#E69F00"
"klgjelkn-1",-5.3254222338469,-1.29891418977183,8456.017578125,-8497.5146484375,"Epi_SecA","#E69F00"
"klgjlbnb-1",-4.08924526622605,-0.176065351204093,8447.6435546875,-8503.0556640625,"Epi_SecA","#E69F00"
"klgjlldl-1",-5.61055702617479,-0.203928786651309,8446.373046875,-8515.125,"Epi_SecA","#E69F00"
"klgjnbfc-1",-3.52288002422166,0.367560927434747,8449.5263671875,-8506.0673828125,"Epi_SecA","#E69F00"
"klgjndno-1",-4.96202415874314,0.480937544866387,8447.1337890625,-8498.2578125,"Epi_SecA","#E69F00"
"klgkagli-1",-3.62110609462571,-2.3351203159849,8429.9072265625,-8495.556640625,"Epi_SecB","#56B4E9"
"klgkeehm-1",-5.61902470043016,-0.791558142141517,8495.1474609375,-8373.599609375,"Epi_SecA","#E69F00"
"klgkgepk-1",-4.80221933772874,-1.24072134061259,8521.4130859375,-8503.16015625,"Epi_SecA","#E69F00"
"klgkhkek-1",2.73877029964614,-2.769764776663,8499.484375,-8483.701171875,"Macrophage","#CC79A7"
"klgknajg-1",-4.55353540828538,-1.17031228108805,8520.294921875,-8375.7392578125,"Epi_SecA","#E69F00"
"klgkplif-1",5.04113584110427,-5.33078014417094,8515.3427734375,-8362.98828125,"T cell","#1C91D4"
"klglbmkd-1",-5.48302263667894,-0.915350313619788,8505.345703125,-8363.9423828125,"Epi_SecA","#E69F00"
"klgldedl-1",-5.50956386974168,-0.552220668033774,8519.28125,-8382.8857421875,"Epi_SecA","#E69F00"
"klgldnoe-1",1.44081997224975,-2.96218859715861,8508.087890625,-8395.1376953125,"Mesenchymal","#F0E442"
"klglfhkm-1",-6.03535932948899,-1.23278796239298,8509.6142578125,-8387.0810546875,"Epi_SecA","#E69F00"
"klglfind-1",10.9538903767793,5.8637641711672,8482.3564453125,-8286.8896484375,"Endothelial","#D55E00"
"klglfjdm-1",10.533928447458,-0.973698432878669,8488.8720703125,-8261.7158203125,"Mesenchymal","#F0E442"
"klglidpf-1",10.9600940282075,5.16610658602316,8493.2236328125,-8299.85546875,"Pericyte_SM","#0072B2"
"klglimmf-1",10.4170508916109,-1.53420805497568,8498.091796875,-8292.51171875,"Mesenchymal","#F0E442"
"klglogdc-1",9.52975516864943,-0.581794794038947,8501.0341796875,-8280.6591796875,"Mesenchymal","#F0E442"
"klglopme-1",11.0893035466402,6.08069885210592,8485.3173828125,-8308.619140625,"Endothelial","#D55E00"
"klglpkmf-1",11.0113606984346,4.62584245638448,8501.4609375,-8319.669921875,"Mesenchymal","#F0E442"
"klgmaccb-1",11.0024610097139,5.55250871615011,8496.1884765625,-8307.8408203125,"Endothelial","#D55E00"
"klgmaedi-1",11.0231996113985,5.72788942293722,8492.451171875,-8315.279296875,"Endothelial","#D55E00"
"klgmbpfn-1",10.1901116902559,-1.85383033318918,8507.0927734375,-8333.875,"Mesenchymal","#F0E442"
"klgmeknf-1",10.0151439244478,-1.97497784657877,8508.2109375,-8345.3525390625,"Mesenchymal","#F0E442"
"klgmeoek-1",9.08502154895949,-2.07577168507975,8519.375,-8325.91015625,"Mesenchymal","#F0E442"
"klgmlhcm-1",10.3811498219697,-2.1622379974882,8518.4453125,-8338.3603515625,"Mesenchymal","#F0E442"
"klgmmeih-1",7.531441741678,-0.32160357697409,8514.82421875,-8313.0927734375,"Mesenchymal","#F0E442"
"klgnbfbp-1",5.35240369388747,-1.82603501840037,8511.138671875,-8308.62890625,"Macrophage","#CC79A7"
"klgnckmd-1",-6.54781670024705,0.375117574497048,8484.8037109375,-8347.8037109375,"Epi_SecA","#E69F00"
"klgnhhkc-1",3.78289681026626,-5.34014427228373,8483.8505859375,-8334.1396484375,"Mesenchymal","#F0E442"
"klgnjnic-1",9.46946960041213,-2.43921100659769,8515.5693359375,-8281.943359375,"Mesenchymal","#F0E442"
"klgnpbni-1",11.0071902806489,4.09026754335958,8508.64453125,-8259.6298828125,"Mesenchymal","#F0E442"
"klgofhpf-1",10.7923064763277,4.88740146593649,8521.5751953125,-8261.28125,"Pericyte_SM","#0072B2"
"klgogfci-1",8.83710532734084,-1.83621060414713,8506.03515625,-8300.318359375,"Mesenchymal","#F0E442"
"klgohbnj-1",10.7881465489595,5.78269899324972,8517.40625,-8266.71484375,"Endothelial","#D55E00"
"klgolnok-1",10.477513843271,5.33715045885641,8519.3291015625,-8273.7724609375,"Endothelial","#D55E00"
"klgomffj-1",10.0244470174043,-1.7404451326887,8474.4111328125,-8278.0029296875,"Mesenchymal","#F0E442"
"klgopagk-1",9.78770022937941,-1.57763814492625,8465.5068359375,-8277.4345703125,"Mesenchymal","#F0E442"
"klgpadmj-1",10.2005868489473,-2.24533783955973,8469.521484375,-8271.4306640625,"Mesenchymal","#F0E442"
"klgpaimi-1",4.22384911129165,-5.43634140057963,8475.2685546875,-8319.51171875,"Mesenchymal","#F0E442"
"klgpbead-1",-6.89093679836106,0.567319755121057,8472.55078125,-8347.607421875,"Epi_SecA","#E69F00"
"klgpbmip-1",-6.73093885829759,1.65782285170156,8478.3564453125,-8326.2119140625,"Epi_SecA","#E69F00"
"klgpcfmf-1",-2.5577699606688,-2.81104695363444,8453.3876953125,-8325.2841796875,"Epi_SecB","#56B4E9"
"klgpgjan-1",10.5314832265108,-2.07123732133311,8466.7744140625,-8288.40625,"Mesenchymal","#F0E442"
"klgpidfm-1",-5.22371382167649,-1.76394462151926,8403.197265625,-8590.41015625,"Epi_SecA","#E69F00"
"klgplppg-1",-6.81539911678147,-1.15845179124277,8414.5009765625,-8589.6064453125,"Epi_SecA","#E69F00"
"klgpnaog-1",-2.51857227733445,-1.07879060073298,8412.4765625,-8583.3271484375,"Epi_SecA","#E69F00"
"klhabdmj-1",-6.55018658092332,0.0883962555368586,8412.548828125,-8603.20703125,"Epi_SecA","#E69F00"
"klhabmha-1",3.03217249462294,-2.88712727590006,8446.2568359375,-8586.0517578125,"Macrophage","#CC79A7"
"klhabnmb-1",-4.4118766253264,-3.50916659398478,8448.962890625,-8618.6171875,"Epi_SecB","#56B4E9"
"klhadhgc-1",-4.54690546443772,-3.44644510312479,8449.8232421875,-8604.2890625,"Epi_SecB","#56B4E9"
"klhaeedh-1",1.40454899618316,-2.77355992360514,8451.0849609375,-8593.4560546875,"Epi_SecA","#E69F00"
"klhallhk-1",-6.02218431880784,-0.757432337240394,8422.5712890625,-8592.4638671875,"Epi_SecA","#E69F00"
"klhanfof-1",-1.49225468089891,-1.05509835048121,8434.2900390625,-8627.9296875,"Epi_SecB","#56B4E9"
"klhbaaao-1",-4.33811659267259,-3.47469722791117,8426.4638671875,-8620.19921875,"Epi_SecB","#56B4E9"
"klhbbcgb-1",-2.80290097644639,-3.04124414487284,8439.0595703125,-8617.2705078125,"Epi_SecB","#56B4E9"
"klhbcgem-1",-4.472783989218,-3.44565164609354,8443.236328125,-8608.8017578125,"Epi_SecB","#56B4E9"
"klhbcibm-1",-2.41313857486558,-3.0335279659788,8432.9296875,-8590.6044921875,"Epi_SecB","#56B4E9"
"klhbeejn-1",-3.09194201877427,-2.2047024921934,8431.7646484375,-8682.3359375,"Epi_SecB","#56B4E9"
"klhbikkb-1",-6.98312944820237,0.110987727208917,8440.4951171875,-8700.19921875,"Epi_SecA","#E69F00"
"klhbnngb-1",-7.62665409496141,1.44247079329092,8445.21484375,-8689.5380859375,"Epi_SecA","#E69F00"
"klhbomfa-1",-0.192641622331859,2.3592532916506,8450.669921875,-8694.978515625,"Epi_SecA","#E69F00"
"klhchfnn-1",-5.56973547389817,-2.30276119275492,8435.4208984375,-8691.7802734375,"Epi_SecA","#E69F00"
"klhcmjfa-1",-5.11754555156541,-2.5796168999235,8443.7890625,-8681.6396484375,"Epi_SecA","#E69F00"
"klhdbdjo-1",-3.17813009670091,3.58939135508138,8448.51171875,-8734.4736328125,"Epi_SecA","#E69F00"
"klhdhfng-1",1.62497549602675,3.10302961306173,8443.376953125,-8744.8935546875,"Epi_SecA","#E69F00"
"klhdjilk-1",-6.7534589236052,-0.455225522951301,8446.302734375,-8719.8984375,"Epi_SecA","#E69F00"
"klhdlpcn-1",-2.14953560283494,3.14389574961263,8438.935546875,-8724.986328125,"Epi_SecA","#E69F00"
"klhdmkip-1",-3.60955566814256,2.94074500040609,8422.2138671875,-8724.5380859375,"Epi_SecA","#E69F00"
"klheccbp-1",1.82503371784377,2.03447187380392,8418.587890625,-8735.12109375,"Epi_SecA","#E69F00"
"klhefpkn-1",-5.51604122569871,0.632949118181054,8429.501953125,-8704.091796875,"Epi_SecA","#E69F00"
"klheihji-1",-4.85819954326463,2.73869049982626,8435.73046875,-8714.513671875,"Epi_SecA","#E69F00"
"klheijcp-1",-1.07651812484574,3.12293470339376,8434.7197265625,-8730.5791015625,"Epi_SecA","#E69F00"
"klhekhbn-1",-5.06104130199266,2.9153052611788,8430.12109375,-8719.7998046875,"Epi_SecA","#E69F00"
"klheoebp-1",2.04038971016097,3.24097192720968,8435.7451171875,-8739.638671875,"Epi_SecA","#E69F00"
"klhfadig-1",-4.47668117931199,-3.44698726697367,8414.0888671875,-8680.544921875,"Epi_SecA","#E69F00"
"klhfagnk-1",-3.58479875972581,-3.30301773114603,8441.3740234375,-8634.8671875,"Epi_SecB","#56B4E9"
"klhfakpo-1",-2.73460955074144,-2.37771784825724,8448.869140625,-8649.03515625,"Epi_SecB","#56B4E9"
"klhfdhhm-1",-3.2996448939116,-3.88878500028055,8435.841796875,-8644.443359375,"Epi_SecB","#56B4E9"
"klhfelef-1",-2.76278132846666,-3.60563408894938,8440.328125,-8653.486328125,"Epi_SecB","#56B4E9"
"klhfhdge-1",-2.97901243617845,-3.45597397847575,8432.2919921875,-8655.798828125,"Epi_SecA","#E69F00"
"klhfmnfk-1",-5.17313427379441,-2.51307570500773,8424.6083984375,-8671.994140625,"Epi_SecA","#E69F00"
"klhfnfkn-1",-3.70465464046312,-3.77043091817301,8431.4541015625,-8667.7216796875,"Epi_SecB","#56B4E9"
"klhgbdjb-1",-4.16631502559495,-3.15592944188517,8408.23046875,-8657.41015625,"Epi_SecA","#E69F00"
"klhgcogd-1",-3.71381706645799,-1.51294731660288,8417.357421875,-8667.4453125,"Epi_SecA","#E69F00"
"klhggkbg-1",8.86876063892531,-5.29329978986185,8449.1884765625,-8147.2021484375,"Plasma cell","#005685"
"klhgjgeh-1",10.4048686558931,-1.29930281205576,8456.029296875,-8145.30029296875,"Mesenchymal","#F0E442"
"klhgkbla-1",11.323967509958,0.28816122250158,8473.2802734375,-8144.4140625,"Mesenchymal","#F0E442"
"klhgkdfg-1",8.79341559955764,1.80723023848135,8481.923828125,-8146.7490234375,"Mesenchymal","#F0E442"
"klhgklmm-1",10.5848079259126,-1.64231395287913,8473.412109375,-8182.37841796875,"Mesenchymal","#F0E442"
"klhgnjgp-1",8.79289966175246,-4.57092868848246,8478.1923828125,-8197.8798828125,"Plasma cell","#005685"
"klhhageo-1",5.1412468487947,-2.56623756452006,8484.3974609375,-8202.298828125,"Macrophage","#CC79A7"
"klhhchif-1",10.7902484471529,4.08499515490133,8466.076171875,-8155.08349609375,"Endothelial","#D55E00"
"klhhebde-1",10.8296332890718,4.90056884722311,8472.0419921875,-8170.40625,"Pericyte_SM","#0072B2"
"klhhfdii-1",11.0384631688325,4.97194230990011,8472.935546875,-8157.92236328125,"Endothelial","#D55E00"
"klhhhpmj-1",11.2018981511323,5.88220298723776,8466.6826171875,-8167.22119140625,"Endothelial","#D55E00"
"klhiebco-1",8.81518512317824,-4.90942775769633,8446.888671875,-8153.056640625,"Plasma cell","#005685"
"klhihbpc-1",10.8212533528535,5.55995357470113,8459.4580078125,-8169.37451171875,"Endothelial","#D55E00"
"klhimgob-1",10.7207780415742,4.02018726305563,8459.4892578125,-8156.79931640625,"Mesenchymal","#F0E442"
"klhimkfm-1",7.46476464817214,-2.39912068410319,8486.9638671875,-8191.39892578125,"Mesenchymal","#F0E442"
"klhinbdi-1",9.54532676288771,-1.47979199452799,8502.4072265625,-8198.130859375,"Mesenchymal","#F0E442"
"klhjaihc-1",9.8267503316133,-1.63857638402384,8495.189453125,-8198.65234375,"Mesenchymal","#F0E442"
"klhjaiid-1",11.0355058247774,5.60454071001608,8503.3798828125,-8239.7529296875,"Endothelial","#D55E00"
"klhjbfac-1",11.1444306905,5.71831262545187,8512.2138671875,-8250.6396484375,"Endothelial","#D55E00"
"klhjegbh-1",10.9661155278413,5.415045146509,8493.5849609375,-8239.9501953125,"Pericyte_SM","#0072B2"
"klhjenhc-1",10.9886737401216,5.87769830660421,8490.4384765625,-8227.1015625,"Endothelial","#D55E00"
"klhjgabk-1",10.8537383610933,3.74292219118673,8500.3251953125,-8227.4892578125,"Mesenchymal","#F0E442"
"klhjgpam-1",10.3482270772188,3.2844868941744,8511.5751953125,-8226.5458984375,"Mesenchymal","#F0E442"
"klhjidlc-1",11.2638574177949,5.88230979876119,8483.634765625,-8225.931640625,"Endothelial","#D55E00"
"klhjlkgj-1",8.51501565525222,-4.64903938336771,8487.8017578125,-8207.298828125,"Plasma cell","#005685"
"klhjnfdd-1",6.43630891391921,-4.29435073895853,8495.0087890625,-8219.1044921875,"Mesenchymal","#F0E442"
"klhjpifp-1",10.9599576527803,5.85158384279806,8482.919921875,-8213.41796875,"Endothelial","#D55E00"
"klhkaaln-1",10.0701613957613,-1.99914121194285,8495.724609375,-8212.9912109375,"Mesenchymal","#F0E442"
"klhkbgca-1",10.011581950876,-1.21936237378519,8509.2294921875,-8199.4150390625,"Mesenchymal","#F0E442"
"klhkfejd-1",8.43482881138015,-3.5320242600004,8520.267578125,-8221.4287109375,"Plasma cell","#005685"
"klhkfepm-1",6.1762958104341,-4.76211559338969,8514.0712890625,-8212.75390625,"Mesenchymal","#F0E442"
"klhkfhpe-1",9.01038604328322,-0.790104861692603,8511.4677734375,-8206.025390625,"Mesenchymal","#F0E442"
"klhkmddb-1",10.7445655400484,-1.81795084042948,8472.80078125,-8198.6044921875,"Mesenchymal","#F0E442"
"klhlkmin-1",10.2008138234346,-1.72396778626841,8456.806640625,-8192.7744140625,"Mesenchymal","#F0E442"
"klhlmhja-1",10.17288356373,-1.58529698415201,8445.7734375,-8200.880859375,"Mesenchymal","#F0E442"
"klhlnaff-1",10.2367225224702,-0.904179091886695,8447.544921875,-8190.33642578125,"Mesenchymal","#F0E442"
"klhlnljl-1",10.9305320317476,4.61671865419943,8475.7568359375,-8215.8720703125,"Pericyte_SM","#0072B2"
"klhlpaap-1",9.79041438648391,-1.77049302621287,8469.751953125,-8244.4140625,"Mesenchymal","#F0E442"
"klhmbeie-1",11.2309270436494,-1.36812197728556,8463.0791015625,-8239.0341796875,"Mesenchymal","#F0E442"
"klhmblhp-1",7.16787391254592,1.57334423498708,8467.2529296875,-8228.9560546875,"Mesenchymal","#F0E442"
"klhmbnhf-1",4.89908891269851,-2.2911761955778,8479.0322265625,-8230.7763671875,"Macrophage","#CC79A7"
"klhmcifh-1",6.34189706394362,-4.30541002316874,8464.4404296875,-8217.05078125,"Mesenchymal","#F0E442"
"klhmdjgi-1",-5.90916628291917,-0.0764801719645814,8511.2763671875,-8146.20263671875,"Epi_SecA","#E69F00"
"klhmfbon-1",-6.95646376064134,0.675710145994012,8517.759765625,-8160.72802734375,"Epi_SecA","#E69F00"
"klhmgobe-1",6.0630784566133,0.182297740741555,8513.12890625,-8180.98876953125,"Mesenchymal","#F0E442"
"klhmkepf-1",5.25139289447951,-3.64231168790262,8515.1279296875,-8185.73193359375,"Macrophage","#CC79A7"
"klhmknhb-1",8.97454982349563,-4.45016538663309,8501.837890625,-8154.82470703125,"Plasma cell","#005685"
"klhmminb-1",9.53682952472854,-1.5273845152418,8502.5732421875,-8162.4404296875,"Mesenchymal","#F0E442"
"klhmndph-1",9.92526298114943,-0.670224423841651,8498.5830078125,-8176.56103515625,"Mesenchymal","#F0E442"
"klhmoiid-1",8.47910504886794,2.18202126459676,8540.314453125,-7940.9267578125,"Mesenchymal","#F0E442"
"klhnagod-1",0.946347692105054,2.0606304450472,8524.0322265625,-7969.75537109375,"Epi_SecA","#E69F00"
"klhnbehk-1",10.3140836293428,-0.204753603176291,8528.4501953125,-7954.07373046875,"Mesenchymal","#F0E442"
"klhncknh-1",-0.727504081037761,3.11029398874838,8538.1748046875,-7972.47314453125,"Epi_SecA","#E69F00"
"klhndmhe-1",0.516803228351354,2.51711214022238,8538.091796875,-7963.10986328125,"Epi_SecA","#E69F00"
"klhnekip-1",10.2497869069307,-1.04809563918513,8552.146484375,-7944.8564453125,"Mesenchymal","#F0E442"
"klhnhfnp-1",0.750820578130959,2.79577506022054,8547.21875,-7970.52001953125,"Epi_SecA","#E69F00"
"klhnkpgb-1",6.34543901035476,-4.73215496106547,8554.8388671875,-7953.4443359375,"Mesenchymal","#F0E442"
"klhnmfhd-1",-2.9508306448729,-0.127684141830619,8555.2099609375,-8131.33935546875,"Epi_SecA","#E69F00"
"klhnnajg-1",-4.19946331432176,0.326560173793618,8531.1572265625,-8110.71337890625,"Epi_SecA","#E69F00"
"klhnnhgl-1",-0.876632994917155,0.097931448980157,8536.4775390625,-8120.37744140625,"Epi_SecA","#E69F00"
"klhnpehn-1",-1.54096908023667,-0.565873290733512,8523.2080078125,-8111.72021484375,"Epi_SecA","#E69F00"
"klhohcil-1",8.37765126774001,-0.468353058532889,8557.251953125,-7984.4052734375,"Mesenchymal","#F0E442"
"klhokgik-1",-3.49198002269578,0.772339169545953,8554.9775390625,-8022.5556640625,"Epi_SecA","#E69F00"
"klholiab-1",4.35834985325026,-1.00681089921397,8550.7333984375,-7990.1884765625,"Mesenchymal","#F0E442"
"klhonedm-1",-4.67255348613572,-0.813249345258887,8535.62109375,-7994.39208984375,"Epi_SecA","#E69F00"
"klhooedf-1",-4.73971695354295,-1.33934700055521,8524.2099609375,-8002.8681640625,"Epi_SecA","#E69F00"
"klhopbko-1",-3.56971020152879,-0.35227718515795,8537.7392578125,-8001.84716796875,"Epi_SecA","#E69F00"
"klhpdndb-1",6.41241603443313,2.43018162684042,8576.814453125,-8098.640625,"Mesenchymal","#F0E442"
"klhpedfa-1",-3.62274021556687,-2.22857844396036,8573.923828125,-8124.54443359375,"Epi_SecA","#E69F00"
"klhpkmdj-1",1.9273192221849,1.48913395838339,8584.0205078125,-8099.50732421875,"Epi_SecA","#E69F00"
"kliaamlj-1",-2.89304251125169,-1.09230160279673,8568.796875,-8122.53369140625,"Epi_SecA","#E69F00"
"kliabbeo-1",-5.0550069277556,-0.232863228158172,8583.9091796875,-8137.54931640625,"Epi_SecA","#E69F00"
"kliacilp-1",-3.46155733516526,-1.01471203132075,8564.2275390625,-8128.33935546875,"Epi_SecA","#E69F00"
"kliacpne-1",-4.72213119914842,0.235285107656304,8575.994140625,-8129.59765625,"Epi_SecA","#E69F00"
"kliadbfb-1",-3.56029982021165,-1.05245846076411,8569.2998046875,-8129.0517578125,"Epi_SecA","#E69F00"
"klieaobi-1",-3.66387838771653,-0.592820669845756,8585.3193359375,-8196.5400390625,"Epi_SecA","#E69F00"
"klieibnd-1",-4.59240908077073,-0.508130546049293,8591.1630859375,-8198.6171875,"Epi_SecA","#E69F00"
"klieiicl-1",-3.63816351344895,-1.9121546701948,8574.90234375,-8193.578125,"Epi_SecA","#E69F00"
"kliekndf-1",-3.59094757488084,-2.38842904134196,8574.78125,-8181.18212890625,"Epi_SecA","#E69F00"
"klincgmf-1",-3.57627100398851,-2.14975988431376,8594.5380859375,-8054.748046875,"Epi_SecA","#E69F00"
"klindlje-1",-3.50195688655687,-0.500525947050269,8595.1787109375,-8065.04248046875,"Epi_SecA","#E69F00"
"klinhghf-1",-3.44931644847703,-1.28175901933115,8592.3798828125,-8075.8916015625,"Epi_SecA","#E69F00"
"klinhpfe-1",0.984426059815167,2.48248875574667,8592.580078125,-8068.94140625,"Epi_SecA","#E69F00"
"klinlkbi-1",-3.26347822597337,-1.44625746770304,8558.5966796875,-8060.26806640625,"Epi_SecA","#E69F00"
"klioabln-1",-6.19986528804612,2.20346916155416,8522.521484375,-7767.0908203125,"Epi_SecA","#E69F00"
"kliobcog-1",8.85105472156691,-1.80942260785502,8556.2646484375,-7753.10107421875,"Mesenchymal","#F0E442"
"klioboko-1",9.73319488117385,-0.220319788293059,8549.8203125,-7763.74853515625,"Mesenchymal","#F0E442"
"kliocmll-1",10.8734984929292,-1.96749150319498,8542.7861328125,-7757.8779296875,"Mesenchymal","#F0E442"
"klioebfi-1",10.5489030415742,-1.48903798623484,8534.380859375,-7879.54833984375,"Mesenchymal","#F0E442"
"klioiaeg-1",11.5583787495821,-0.132089521125968,8550.62890625,-7878.001953125,"Mesenchymal","#F0E442"
"kliojgba-1",11.4611993367403,-0.100705384598191,8548.25,-7868.1142578125,"Mesenchymal","#F0E442"
"kliomcge-1",10.6762004430025,-1.6719545082609,8542.41015625,-7858.3115234375,"Mesenchymal","#F0E442"
"klipbnna-1",11.2642407948701,-1.09742402596873,8536.78515625,-7866.369140625,"Mesenchymal","#F0E442"
"klipcdig-1",11.1816316182344,-1.28414225144785,8522.8251953125,-7938.63671875,"Mesenchymal","#F0E442"
"klipjaoa-1",10.1193843419282,-1.12183677716654,8531.287109375,-7924.9453125,"Mesenchymal","#F0E442"
"klipkddj-1",10.4392295415132,-1.27796911759775,8525.611328125,-7925.97802734375,"Mesenchymal","#F0E442"
"kliplodf-1",10.9687629277437,-0.911318953470405,8542.5576171875,-7919.14208984375,"Mesenchymal","#F0E442"
"klipnlab-1",4.61763172695327,0.222386602922265,8551.4833984375,-7928.9521484375,"Mast","#AD7700"
"kljaaefl-1",7.50049691745925,-0.52809825106066,8549.4462890625,-7925.12548828125,"Mesenchymal","#F0E442"
"kljaaeni-1",5.25376229831862,0.275945786996667,8545.3056640625,-7931.24169921875,"Mast","#AD7700"
"kljafpkd-1",10.8028741414278,-1.92464243932169,8529.8916015625,-7893.84228515625,"Mesenchymal","#F0E442"
"kljagiji-1",4.61054831096816,-2.30052506490153,8553.470703125,-7905.0732421875,"Macrophage","#CC79A7"
"kljagmnh-1",8.14026170322585,-1.48355125947398,8543.201171875,-7901.56298828125,"Mesenchymal","#F0E442"
"kljaloga-1",9.90740352222609,-1.86144280000132,8535.0732421875,-7903.24560546875,"Mesenchymal","#F0E442"
"kljamkdc-1",10.7968144948213,5.17571580843527,8546.072265625,-7889.759765625,"Endothelial","#D55E00"
"kljapajm-1",9.53575091907668,-0.514674689010795,8544.5947265625,-7770.26953125,"Mesenchymal","#F0E442"
"kljbaanl-1",10.6499019200532,-0.422434951500113,8538.9013671875,-7784.97509765625,"Mesenchymal","#F0E442"
"kljbbcac-1",9.84681087085891,1.37757170633871,8550.869140625,-7783.416015625,"Mesenchymal","#F0E442"
"kljbdjce-1",10.0945497090547,-0.662369425729926,8541.3974609375,-7775.33056640625,"Mesenchymal","#F0E442"
"kljbifbi-1",7.17321258136916,-1.8157750324766,8542.169921875,-7844.8193359375,"Mesenchymal","#F0E442"
"kljbkdcl-1",10.2175918156831,-0.557251180843528,8551.8193359375,-7843.84326171875,"Mesenchymal","#F0E442"
"kljbmdgn-1",9.02784019062209,1.2079328341921,8533.8369140625,-7839.435546875,"Mesenchymal","#F0E442"
"kljcbjje-1",7.90421538898635,-0.00220814658802312,8533.7705078125,-7849.0439453125,"Mesenchymal","#F0E442"
"kljccmde-1",-1.53772110393357,3.45873678164083,8530.4970703125,-7817.666015625,"Epi_SecA","#E69F00"
"kljcdhfj-1",7.97592835971999,-0.822117741541083,8531.6796875,-7807.11572265625,"Mesenchymal","#F0E442"
"kljcfcga-1",10.7611051137178,-1.34843217893046,8526.25390625,-7790.9775390625,"Mesenchymal","#F0E442"
"kljcjloo-1",10.8685164983003,-0.64860748811167,8526.943359375,-7798.32763671875,"Mesenchymal","#F0E442"
"kljckdio-1",8.03921037265944,1.23740172819692,8520.7041015625,-7807.3662109375,"Mesenchymal","#F0E442"
"kljdadfl-1",6.24331431934523,2.21875107721884,8517.744140625,-7796.76806640625,"Mesenchymal","#F0E442"
"kljdahgp-1",8.65754228183913,0.584057633443658,8552.310546875,-7829.92626953125,"Mesenchymal","#F0E442"
"kljdbbkj-1",4.38377481052565,-2.29031168980997,8554.97265625,-7806.525390625,"Macrophage","#CC79A7"
"kljdbfln-1",9.9198318059175,-1.70823084874552,8536.638671875,-7799.11474609375,"Mesenchymal","#F0E442"
"kljdcccm-1",7.87709622928786,-1.16415667100352,8537.6552734375,-7828.0478515625,"Mesenchymal","#F0E442"
"kljdeknb-1",8.86323695728469,0.710303191705529,8547.5068359375,-7794.8154296875,"Mesenchymal","#F0E442"
"kljdigid-1",10.8588233525484,-0.790250177816565,8526.3212890625,-7774.26611328125,"Mesenchymal","#F0E442"
"kljdiljg-1",11.2356343800752,-0.272107954458411,8530.3173828125,-7783.30224609375,"Mesenchymal","#F0E442"
"kljdlmii-1",11.2350259358613,-1.66243123574656,8520.3662109375,-7783.361328125,"Mesenchymal","#F0E442"
"kljdmean-1",11.580257945749,-0.598112757639106,8578.76171875,-7895.13720703125,"Mesenchymal","#F0E442"
"kljdmpfg-1",8.6387472684114,1.62690592245657,8588.99609375,-7872.240234375,"Mesenchymal","#F0E442"
"kljdnmjo-1",9.2078538472383,0.460485999151055,8589.7412109375,-7878.8603515625,"Mesenchymal","#F0E442"
"kljdpgap-1",11.4895053441255,-0.896504338220771,8582.5205078125,-7879.35009765625,"Mesenchymal","#F0E442"
"kljdpmhe-1",10.0911956364839,0.70571345524389,8594.392578125,-7923.28955078125,"Mesenchymal","#F0E442"
"kljebgmj-1",9.84487205097365,0.327602718635385,8584.751953125,-7934.501953125,"Mesenchymal","#F0E442"
"kljeeeki-1",8.70536046573806,1.67254758314687,8573.443359375,-7893.6513671875,"Mesenchymal","#F0E442"
"kljehbed-1",11.0724950368135,-1.27941703362864,8597.064453125,-7909.33642578125,"Mesenchymal","#F0E442"
"kljekilg-1",6.12465196201491,-4.16072952313822,8576.4619140625,-7934.1201171875,"T cell","#1C91D4"
"kljennag-1",11.4130521352022,-0.619498129324134,8588.4619140625,-7900.11669921875,"Mesenchymal","#F0E442"
"kljeobed-1",11.2827811772554,-0.831638987497504,8555.751953125,-7891.591796875,"Mesenchymal","#F0E442"
"kljeoclm-1",7.54846005985427,1.36529493765432,8568.08203125,-7913.3193359375,"Mesenchymal","#F0E442"
"kljeohih-1",11.1637549931734,-0.878855939344581,8561.513671875,-7901.02978515625,"Mesenchymal","#F0E442"
"kljfceda-1",10.042268329355,1.19176876978475,8569.8984375,-7881.791015625,"Mesenchymal","#F0E442"
"kljfgpog-1",11.0581775243013,-0.732000525430854,8559.87890625,-7879.046875,"Mesenchymal","#F0E442"
"kljgdlhc-1",10.6994834477632,-1.0505002693693,8563.908203125,-7944.4794921875,"Mesenchymal","#F0E442"
"kljgfmje-1",5.09832149097609,1.68012953238088,8565.90625,-7967.03173828125,"Mesenchymal","#F0E442"
"kljghljm-1",9.81238704273391,-0.84193777604502,8557.8916015625,-7964.28369140625,"Mesenchymal","#F0E442"
"kljgpoae-1",5.34175305912185,-2.06434845490855,8560.267578125,-8014.63623046875,"Macrophage","#CC79A7"
"kljhjdcb-1",11.0355554158418,5.50598037676412,8572.3037109375,-8009.71142578125,"Endothelial","#D55E00"
"kljhkdee-1",11.6173234517305,-0.769223924116309,8567.927734375,-8020.4609375,"Mesenchymal","#F0E442"
"kljhojcj-1",1.17057042667556,-2.75029027028483,8566.90625,-8032.56640625,"Mesenchymal","#F0E442"
"kljiailc-1",11.0449863011568,0.20972779826719,8590.0791015625,-8019.18017578125,"Mesenchymal","#F0E442"
"kljiigid-1",10.9222741658418,1.46604633764822,8593.1982421875,-8028.9541015625,"Mesenchymal","#F0E442"
"kljjfnfl-1",11.269937091562,-1.06377374692362,8579.962890625,-8021.68408203125,"Mesenchymal","#F0E442"
"kljjgann-1",11.0059562260835,4.34910762743551,8575.1376953125,-7990.87353515625,"Mesenchymal","#F0E442"
"kljjhpnj-1",11.1017251546113,4.79877269701559,8575.5732421875,-8003.13134765625,"Pericyte_SM","#0072B2"
"kljjjfih-1",7.81525664875197,-1.98047267957133,8588.0947265625,-8006.0224609375,"Mesenchymal","#F0E442"
"kljjleeh-1",10.9758868748872,0.098623980446641,8592.29296875,-7992.87060546875,"Mesenchymal","#F0E442"
"kljjnacc-1",10.7361569936006,-1.18990158601206,8565.693359375,-7990.86083984375,"Mesenchymal","#F0E442"
"kljjogbc-1",5.03062778064895,-1.57258009477061,8559.021484375,-8005.67138671875,"Macrophage","#CC79A7"
"kljjongi-1",6.47443585941481,-0.00974802984398168,8560.763671875,-7998.73193359375,"Mesenchymal","#F0E442"
"kljkcacf-1",11.0723796422212,-0.416644241050895,8597.1240234375,-7958.79248046875,"Mesenchymal","#F0E442"
"kljkeoli-1",10.6323371464937,-1.06926404996317,8567.8701171875,-7977.93603515625,"Mesenchymal","#F0E442"
"kljkfcff-1",10.3937078053682,-0.981952007250007,8575.0107421875,-7970.5615234375,"Mesenchymal","#F0E442"
"kljkfnni-1",9.01004272052932,1.44501531557638,8587.9541015625,-7980.57958984375,"Mesenchymal","#F0E442"
"klkahajc-1",8.71949344227004,4.94983137087423,8594.59375,-7805.8388671875,"Endothelial","#D55E00"
"klkcfhpm-1",6.45328288623977,-3.7135816769163,8595.568359375,-7836.767578125,"Mesenchymal","#F0E442"
"klkcnkhc-1",11.2360492284029,-0.913736041025336,8598.541015625,-7858.48583984375,"Mesenchymal","#F0E442"
"klkdddca-1",8.879595332834,1.33626974062521,8598.193359375,-7876.9462890625,"Mesenchymal","#F0E442"
"klkeecee-1",6.91565137455153,-1.78962540193003,8572.0703125,-7859.3291015625,"Mesenchymal","#F0E442"
"klkehioh-1",5.81821637699294,-4.99868928952616,8583.0126953125,-7822.71533203125,"T cell","#1C91D4"
"klkeknke-1",8.63078313419509,-1.50901257558268,8573.3642578125,-7829.431640625,"Mesenchymal","#F0E442"
"klkelnee-1",8.35693317005324,-4.60188877149027,8577.404296875,-7847.876953125,"Plasma cell","#005685"
"klkenhlo-1",9.36573081562209,-1.50006591840189,8579.3955078125,-7861.61962890625,"Mesenchymal","#F0E442"
"klkepmce-1",10.2797875935762,-1.57997250123423,8571.5556640625,-7867.7685546875,"Mesenchymal","#F0E442"
"klkfbbmf-1",5.98502355167556,-5.12887775464457,8594.0078125,-7844.54638671875,"T cell","#1C91D4"
"klkfcobf-1",5.34194665500808,0.584238831563775,8589.619140625,-7797.12060546875,"Mast","#AD7700"
"klkfdpbb-1",10.0942016179292,5.5041917605837,8581.9775390625,-7802.0673828125,"Endothelial","#D55E00"
"klkfegna-1",9.57481532642531,-0.602471943334754,8593.3232421875,-7817.5791015625,"Mesenchymal","#F0E442"
"klkfllif-1",11.0582442815034,-1.44808709187907,8587.7763671875,-7863.1826171875,"Mesenchymal","#F0E442"
"klkflole-1",9.37725978443313,-1.73289739652079,8589.5146484375,-7850.61328125,"Mesenchymal","#F0E442"
"klkfoddh-1",4.44764524051833,-2.52945029302042,8567.982421875,-7843.80859375,"Macrophage","#CC79A7"
"klkgblje-1",10.7059035832613,-1.63954603238505,8569.5419921875,-7810.2666015625,"Mesenchymal","#F0E442"
"klkgcacm-1",10.9400039250581,-1.56795334382456,8555.43359375,-7857.78466796875,"Mesenchymal","#F0E442"
"klkgmmkp-1",10.5789657170503,-1.01547783179682,8562.1015625,-7856.96875,"Mesenchymal","#F0E442"
"klkhadii-1",5.09796004841018,-0.486962224678214,8562.4921875,-7833.87255859375,"Mesenchymal","#F0E442"
"klkhajok-1",-8.55422920635057,1.6662920756777,8511.724609375,-7807.3466796875,"Epi_SecA","#E69F00"
"klkhccbg-1",8.51483827182937,1.09580851034719,8519.0400390625,-7791.22216796875,"Mesenchymal","#F0E442"
"klkhdebh-1",10.2008357579439,-1.69117474122446,8507.50390625,-7788.31591796875,"Mesenchymal","#F0E442"
"klkhdogf-1",7.22247701236892,-2.00643622441691,8512.21484375,-7780.8994140625,"Mesenchymal","#F0E442"
"klkhebfh-1",-7.73458523204637,1.69369543032247,8497.5625,-7795.31640625,"Epi_SecA","#E69F00"
"klkhgcai-1",-4.37377304485154,-0.08241501110148,8499.7666015625,-7762.0908203125,"Epi_SecA","#E69F00"
"klkhihpd-1",-6.04640287807298,-0.121705093742426,8493.1337890625,-7755.70068359375,"Epi_SecA","#E69F00"
"klkhjdpd-1",-9.16151184490037,1.72903037504751,8480.525390625,-7829.2705078125,"Epi_SecA","#E69F00"
"klkhkgld-1",10.8304400975435,-0.275749798254188,8462.181640625,-7765.15283203125,"Mesenchymal","#F0E442"
"klkhnnkl-1",10.7079186970918,5.8558558268984,8457.728515625,-7787.95751953125,"Epi_SecA","#E69F00"
"klkhpamn-1",10.3767276341646,-1.59141861958903,8453.41015625,-7779.498046875,"Mesenchymal","#F0E442"
"klkhpced-1",11.082497173044,-0.119997128234322,8451.8017578125,-7766.21044921875,"Mesenchymal","#F0E442"
"klkianed-1",10.4794602925508,0.547038619085137,8458.037109375,-7759.318359375,"Mesenchymal","#F0E442"
"klkicpmi-1",8.89895015308547,-0.895671124891456,8461.0693359375,-7774.58837890625,"Mesenchymal","#F0E442"
"klkidbbf-1",7.98180394718337,-0.738613481954749,8488.705078125,-7777.80078125,"Mesenchymal","#F0E442"
"klkidbmh-1",4.22307019779372,-2.18512260480326,8500.1611328125,-7777.8984375,"Macrophage","#CC79A7"
"klkiejpc-1",11.2873063618867,-0.579446371034797,8468.1083984375,-7769.05078125,"Mesenchymal","#F0E442"
"klkifekc-1",11.0129695470064,4.65737998919088,8478.6162109375,-7780.666015625,"Mesenchymal","#F0E442"
"klkihfpd-1",6.28380351612258,-1.57620036168497,8477.068359375,-7761.05078125,"Mesenchymal","#F0E442"
"klkihoco-1",9.63590865680861,-1.52369439168375,8477.9208984375,-7771.83984375,"Mesenchymal","#F0E442"
"klkijmnp-1",5.7166109616487,-2.12857329411906,8469.1845703125,-7777.57470703125,"Mesenchymal","#F0E442"
"klkjlfon-1",7.80858092853713,-0.903011079267676,8465.2548828125,-7757.21044921875,"Mesenchymal","#F0E442"
"klklbpag-1",6.61901813099074,0.477199558778588,8471.859375,-7753.20556640625,"Mesenchymal","#F0E442"
"klkljlfm-1",-5.15357632091355,-1.38468181653422,8483.2919921875,-8012.4296875,"Epi_SecA","#E69F00"
"klkmecee-1",-5.19835514476609,-0.457072998718436,8516.0283203125,-7999.22216796875,"Epi_SecA","#E69F00"
"klkmehaj-1",-4.42680162837815,0.136634383960549,8509.787109375,-7993.5146484375,"Epi_SecA","#E69F00"
"klkmelch-1",1.43110173294234,-2.4618133263151,8501.8115234375,-7989.7568359375,"Epi_SecA","#E69F00"
"klkmhein-1",-5.78462643077684,1.27148819403249,8474.4052734375,-8039.09765625,"Epi_SecA","#E69F00"
"klkmjfok-1",-5.98708719661546,0.870128337903802,8479.3515625,-8034.0185546875,"Epi_SecA","#E69F00"
"klkmjgoo-1",-6.84815639903855,1.43866217569906,8481.2314453125,-8039.92041015625,"Epi_SecA","#E69F00"
"klkmjpgo-1",-1.48939961841416,2.70449603037435,8461.1484375,-7983.29833984375,"Epi_SecA","#E69F00"
"klkmlclo-1",-4.46851677348924,-0.245351772145446,8457.919921875,-8015.43798828125,"Epi_SecA","#E69F00"
"klkmlpnd-1",3.47066240856337,2.37781060175497,8473.3583984375,-8022.43896484375,"Epi_SecA","#E69F00"
"klkmmoal-1",-7.72882503917527,0.122124259038751,8516.9228515625,-7908.88232421875,"Epi_SecA","#E69F00"
"klkmpfld-1",10.4623780781953,-2.16345560117167,8510.103515625,-7920.921875,"Mesenchymal","#F0E442"
"klknbkeo-1",10.6111541325777,-1.42746233506602,8512.509765625,-7934.623046875,"Mesenchymal","#F0E442"
"klknffhl-1",10.254634433481,-0.976695652441199,8500.6162109375,-7936.90185546875,"Mesenchymal","#F0E442"
"klknfmim-1",9.76035647937941,-0.861208374933417,8501.5068359375,-7930.9228515625,"Mesenchymal","#F0E442"
"klknglpp-1",-8.81081337383104,2.10854876474935,8490.9638671875,-7910.3818359375,"Epi_SecA","#E69F00"
"klknhbph-1",9.46661429950881,0.947843198343102,8512.0087890625,-7949.33544921875,"Mesenchymal","#F0E442"
"klknioip-1",8.17550283024001,1.41975772814352,8505.482421875,-7970.916015625,"Mesenchymal","#F0E442"
"klknnldk-1",9.58177905628371,-0.0388374620537118,8507.9990234375,-7964.17578125,"Mesenchymal","#F0E442"
"klknnpom-1",9.80893760273146,0.79465616182882,8491.7919921875,-7951.6630859375,"Mesenchymal","#F0E442"
"klkocanh-1",10.2012868458955,-0.818272526697333,8499.3544921875,-7953.9365234375,"Mesenchymal","#F0E442"
"klkocjea-1",11.4219556386201,-0.495563711361106,8461.6083984375,-7972.9462890625,"Mesenchymal","#F0E442"
"klkocpao-1",9.98845534870314,0.485498969121758,8468.5029296875,-7974.6494140625,"Mesenchymal","#F0E442"
"klkocpom-1",9.60233073780227,0.0511189742525263,8452.6396484375,-7972.208984375,"Epi_SecA","#E69F00"
"klkongil-1",6.4580226475923,-1.31589602990549,8476.0068359375,-7975.390625,"Mesenchymal","#F0E442"
"klkpaika-1",10.5939889485567,0.4411869688471,8486.1083984375,-7975.830078125,"Mesenchymal","#F0E442"
"klkpbjof-1",7.68134313175368,1.13770735697347,8475.986328125,-7948.76123046875,"Mesenchymal","#F0E442"
"klkpboib-1",9.40315681049514,1.68674183325369,8482.6064453125,-7963.7490234375,"Mesenchymal","#F0E442"
"klkpkfce-1",11.1255612904756,0.293618385358636,8469.126953125,-7960.251953125,"Mesenchymal","#F0E442"
"klkpmcbi-1",11.0923238332002,-1.119773502783,8461.2265625,-7951.724609375,"Mesenchymal","#F0E442"
"klkpnmjk-1",8.06155305454421,1.00625980333883,8480.169921875,-7953.30419921875,"Mesenchymal","#F0E442"
"kllaclhg-1",4.57115536281752,-3.02534186406534,8476.2900390625,-7937.23046875,"Macrophage","#CC79A7"
"klladmlf-1",10.4190173680513,-1.92919027371805,8490.1376953125,-7941.82421875,"Mesenchymal","#F0E442"
"kllafloo-1",10.1781087453096,-1.04694395823878,8482.1142578125,-7943.2060546875,"Mesenchymal","#F0E442"
"kllaheie-1",10.831517749521,0.527230445905511,8453.345703125,-7942.98876953125,"Mesenchymal","#F0E442"
"kllahmkf-1",7.04662375995803,-1.91241907639902,8468.7763671875,-7944.96435546875,"Mesenchymal","#F0E442"
"kllajhkj-1",5.11394744465041,-4.98787509961527,8467.5439453125,-7936.46533203125,"T cell","#1C91D4"
"kllakbhd-1",11.402336650583,-1.34182595773142,8453.4638671875,-7931.18896484375,"Mesenchymal","#F0E442"
"kllaonfi-1",-8.3591684763701,2.31646049456197,8486.951171875,-7925.40869140625,"Epi_SecA","#E69F00"
"klmdnbgh-1",-7.79765457561326,2.44788635210592,8589.326171875,-7773.1416015625,"Epi_SecA","#E69F00"
"klmdnhah-1",-7.40643066814256,2.51185930208761,8596.943359375,-7757.0966796875,"Epi_SecA","#E69F00"
"klmdnplp-1",-6.79813618114305,2.20120919184286,8587.6494140625,-7764.14599609375,"Epi_SecA","#E69F00"
"klmdoegd-1",5.487505489084,0.0408626391132517,8585.7001953125,-7794.5498046875,"Mast","#AD7700"
"klmdppee-1",10.8944354588716,5.89342964129049,8574.75390625,-7786.853515625,"Endothelial","#D55E00"
"klmeddbm-1",9.57846599170852,5.69028127626974,8585.96484375,-7789.8798828125,"Endothelial","#D55E00"
"klmehmmj-1",9.86537318775344,5.68578756289083,8581.54296875,-7785.82080078125,"Endothelial","#D55E00"
"klmeicef-1",10.7415395314424,4.69062364534933,8562.8525390625,-7788.61181640625,"Endothelial","#D55E00"
"klmeieco-1",6.9428072507112,-0.0538190075616197,8555.7939453125,-7817.90087890625,"Mesenchymal","#F0E442"
"klmeihfj-1",-7.3037952845366,1.01039219336111,8583.154296875,-7761.16845703125,"Epi_SecA","#E69F00"
"klmekcfa-1",6.32439046451735,-2.01569270654124,8561.0361328125,-7769.1298828125,"Mesenchymal","#F0E442"
"kmaelgkf-1",10.4820151860445,-1.20938026471537,8243.0322265625,-7827.6337890625,"Mesenchymal","#F0E442"
"kmaemkfc-1",10.8047547871797,-0.27748539610308,8248.9638671875,-7875.25,"Mesenchymal","#F0E442"
"kmaemnip-1",11.464761310312,0.912612561746423,8242.916015625,-7858.17236328125,"Mesenchymal","#F0E442"
"kmafakgd-1",10.2469392354219,-0.820811982587989,8249.4931640625,-7850.92626953125,"Mesenchymal","#F0E442"
"kmafdkim-1",9.85402064869094,-1.05313020511072,8244.7353515625,-7842.3427734375,"Mesenchymal","#F0E442"
"kmafebki-1",6.44808536121535,-1.90493785901469,8249.0146484375,-7836.62744140625,"Mesenchymal","#F0E442"
"kmafella-1",10.2417159611909,3.10255134539205,8215.986328125,-7888.21875,"Endothelial","#D55E00"
"kmaffkgm-1",10.9303746754854,-0.732760246233161,8208.52734375,-7862.677734375,"Mesenchymal","#F0E442"
"kmaffpha-1",10.9387546117036,4.6087535663088,8221.4580078125,-7821.478515625,"Pericyte_SM","#0072B2"
"kmafjogn-1",9.05183559009719,-4.66781961484354,8221.369140625,-7809.67333984375,"Plasma cell","#005685"
"kmaflebm-1",11.3729873234956,-1.0117817477743,8211.5712890625,-7795.23046875,"Mesenchymal","#F0E442"
"kmaflega-1",7.69186740467238,-1.6220459894697,8231.546875,-7809.626953125,"Mesenchymal","#F0E442"
"kmaflgoi-1",9.28853850910354,-2.77080118222636,8220.51953125,-7800.4228515625,"Mesenchymal","#F0E442"
"kmagadjc-1",10.2835450703828,2.53189981417257,8263.9951171875,-7919.56787109375,"Mesenchymal","#F0E442"
"kmagajcc-1",9.45608001300979,0.379520092769448,8282.2099609375,-7925.80029296875,"Mesenchymal","#F0E442"
"kmagbmjk-1",8.36082940647292,-1.70638072057169,8275.6435546875,-7917.896484375,"Mesenchymal","#F0E442"
"kmagchke-1",11.4933314854829,0.0920726551254435,8272.2060546875,-7921.9619140625,"Mesenchymal","#F0E442"
"kmagedbm-1",9.83432059833693,-0.517613496021445,8295.970703125,-7944.68896484375,"Mesenchymal","#F0E442"
"kmaggdoi-1",11.6123138005464,-0.841923411325629,8282.5224609375,-7950.89111328125,"Mesenchymal","#F0E442"
"kmaggopl-1",9.38194518634963,1.20578277544576,8287.7626953125,-7947.06689453125,"Mesenchymal","#F0E442"
"kmagjgdm-1",6.81115203449416,0.194769923253839,8322.279296875,-7955.24755859375,"Mesenchymal","#F0E442"
"kmagkhhh-1",10.8120923573701,1.49383211569387,8280.3291015625,-7938.0068359375,"Mesenchymal","#F0E442"
"kmagkkmc-1",10.137181812021,5.39509475664694,8268.5439453125,-7950.58056640625,"Endothelial","#D55E00"
"kmagllbm-1",9.63292174884963,2.12851560549337,8274.8525390625,-7948.77099609375,"Mesenchymal","#F0E442"
"kmagmlca-1",3.40990143367934,3.30254066423971,8279.158203125,-7958.23828125,"Epi_SecA","#E69F00"
"kmagnbfi-1",10.1776538426607,4.0134977145632,8270.568359375,-7957.6015625,"Endothelial","#D55E00"
"kmagnfeb-1",11.3390441472261,0.296046797796075,8257.1767578125,-7956.62841796875,"Mesenchymal","#F0E442"
"kmagpchk-1",7.45796018192458,-0.446562285856421,8256.369140625,-7934.0322265625,"Mesenchymal","#F0E442"
"kmahajmo-1",11.8568740422456,0.758472864194696,8273.0009765625,-7935.51220703125,"Mesenchymal","#F0E442"
"kmahbgeb-1",6.70154004642653,-0.763513024286445,8265.404296875,-7940.42724609375,"Mesenchymal","#F0E442"
"kmahbmhb-1",10.098963313791,5.47807825045187,8227.3984375,-7916.6611328125,"Endothelial","#D55E00"
"kmahliab-1",11.1522479588716,-0.983912761644538,8247.8095703125,-7918.61083984375,"Mesenchymal","#F0E442"
"kmahloie-1",7.7448320920198,-1.08289211554926,8229.9189453125,-7934.88037109375,"Mesenchymal","#F0E442"
"kmahmabp-1",6.48284679004836,-1.45256745381754,8234.4501953125,-7931.6123046875,"Macrophage","#CC79A7"
"kmahnkpa-1",10.0596948201387,3.96951950029928,8229.9638671875,-7923.2353515625,"Mesenchymal","#F0E442"
"kmaiaelc-1",-4.6571683352263,2.45449150042135,8264.2021484375,-7887.26220703125,"Epi_SecA","#E69F00"
"kmaicapd-1",11.8550763661592,0.954985503717248,8258.779296875,-7924.16748046875,"Mesenchymal","#F0E442"
"kmaicmle-1",9.44347339222121,0.826874975725,8262.0009765625,-7911.33544921875,"Mesenchymal","#F0E442"
"kmaidnbi-1",11.2987514073579,1.58224773840505,8257.0888671875,-7914.59033203125,"Mesenchymal","#F0E442"
"kmaikipk-1",8.76747041294265,3.47152960733968,8255.64453125,-7929.2939453125,"Mesenchymal","#F0E442"
"kmaimmoj-1",11.441157870981,0.69484657482702,8243.666015625,-7887.6376953125,"Mesenchymal","#F0E442"
"kmaioamm-1",12.0407949025362,-0.459265615181144,8253.4482421875,-7905.8154296875,"Mesenchymal","#F0E442"
"kmaionho-1",12.4165702397554,-0.427629168466742,8251.716796875,-7886.72021484375,"Mesenchymal","#F0E442"
"kmaipjek-1",10.4580407674043,6.04699409441549,8249.5087890625,-7897.66552734375,"Endothelial","#D55E00"
"kmajahkh-1",10.8708463246553,-1.04589569135111,8280.7783203125,-7769.76708984375,"Mesenchymal","#F0E442"
"kmajakac-1",10.3218703801363,4.60903394655782,8294.3427734375,-7772.923828125,"Endothelial","#D55E00"
"kmajjjpi-1",11.4995856816499,-1.46351062817972,8288.134765625,-7787.4296875,"Mesenchymal","#F0E442"
"kmajnjab-1",11.189747386667,-0.948178108171638,8336.1279296875,-7856.51806640625,"Mesenchymal","#F0E442"
"kmajopel-1",10.9264245564668,5.43398273424703,8324.974609375,-7867.97119140625,"Endothelial","#D55E00"
"kmakbllb-1",11.2333093220918,0.20930254892904,8325.576171875,-7860.53955078125,"Mesenchymal","#F0E442"
"kmakfpan-1",9.91335254261184,2.89746606783468,8324,-7855.2919921875,"Mesenchymal","#F0E442"
"kmakhdal-1",6.65108495304274,-3.6827560619871,8328.330078125,-7853.30029296875,"Mesenchymal","#F0E442"
"kmakilol-1",8.00581746647048,-3.88470041318339,8330.8017578125,-7845.43701171875,"Plasma cell","#005685"
"kmakjlda-1",6.09016614505935,-1.22120689912241,8303.240234375,-7825.326171875,"Macrophage","#CC79A7"
"kmakkgbg-1",11.8085408742158,-0.250760640339072,8314.6923828125,-7820.9990234375,"Mesenchymal","#F0E442"
"kmakoaai-1",11.0645471150606,-1.47772025628489,8316.9482421875,-7807.42041015625,"Mesenchymal","#F0E442"
"kmaledng-1",7.06488805362868,-0.219282563165839,8309.150390625,-7825.5732421875,"Mesenchymal","#F0E442"
"kmalgiap-1",9.69272189685988,-0.416193451122458,8308.0849609375,-7818.45703125,"Mesenchymal","#F0E442"
"kmalidim-1",11.5637088353364,-1.1317397312681,8303.685546875,-7861.18603515625,"Mesenchymal","#F0E442"
"kmaligja-1",8.16912751743483,-0.616229052976783,8316.595703125,-7839.47119140625,"Mesenchymal","#F0E442"
"kmalolap-1",11.372647815439,0.428908590837304,8314.1884765625,-7852.32080078125,"Mesenchymal","#F0E442"
"kmamcdgm-1",8.66803889820266,-0.340259666876014,8310.1806640625,-7842.0087890625,"Mesenchymal","#F0E442"
"kmamikfa-1",7.61463265964675,-1.45622980161112,8286.2880859375,-7812.98876953125,"Mesenchymal","#F0E442"
"kmamkmjp-1",5.82986741611647,-2.47658025784891,8298.9609375,-7817.23095703125,"Macrophage","#CC79A7"
"kmamlgoc-1",10.5365624959199,4.00117671923238,8298.998046875,-7805.80322265625,"Mesenchymal","#F0E442"
"kmanbaji-1",5.39875464985061,-0.09647715589505,8288.6728515625,-7819.80859375,"Macrophage","#CC79A7"
"kmancinc-1",12.0121894414155,-0.488954688743766,8301.978515625,-7781.5234375,"Mesenchymal","#F0E442"
"kmanihfe-1",10.9173684651582,4.29630983309347,8298.89453125,-7795.6923828125,"Mesenchymal","#F0E442"
"kmanochn-1",10.6863856847017,2.95453727678854,8295.6201171875,-7784.888671875,"Mesenchymal","#F0E442"
"kmapkpag-1",-4.5587567751677,-0.157603892819102,8334.8017578125,-7797.93359375,"Epi_SecA","#E69F00"
"kmapogpn-1",11.851425700876,0.00319347219068247,8319.8935546875,-7798.7470703125,"Mesenchymal","#F0E442"
"kmbagmkc-1",11.1435161168306,-0.18657434298199,8327.919921875,-7831.22802734375,"Mesenchymal","#F0E442"
"kmbakdma-1",11.5293479497163,-0.941253419355567,8319.7734375,-7831.85791015625,"Mesenchymal","#F0E442"
"kmbalaie-1",8.80951552936721,1.61145449118215,8326.2001953125,-7796.87744140625,"Mesenchymal","#F0E442"
"kmbamfnj-1",11.0066400105684,-0.978315051035102,8322.3388671875,-7816.1376953125,"Mesenchymal","#F0E442"
"kmbannbl-1",-4.70421118190599,-1.32075130505961,8348.8896484375,-7793.38232421875,"Epi_SecA","#E69F00"
"kmbaofec-1",-5.56346744945359,1.3993459983309,8356.490234375,-7812.7626953125,"Epi_SecA","#E69F00"
"kmbcbchc-1",-4.6348294680388,-1.18481218381327,8361.09375,-7800.7099609375,"Epi_SecA","#E69F00"
"kmbcclil-1",-5.27394718578172,-0.801071162656959,8373.72265625,-7804.76513671875,"Epi_SecA","#E69F00"
"kmbcdiop-1",-4.74710411479783,0.249571655555551,8371.5849609375,-7822.060546875,"Epi_SecA","#E69F00"
"kmbckacn-1",-3.47946495464158,-1.64159738583964,8366.03515625,-7756.5322265625,"Epi_SecA","#E69F00"
"kmbfhemh-1",11.4797778660982,-1.22194373174113,8292.7509765625,-7759.18359375,"Mesenchymal","#F0E442"
"kmbfkjgn-1",6.81021314212966,-0.212730440632518,8289.1259765625,-7750.80810546875,"Mesenchymal","#F0E442"
"kmbgfnaa-1",10.7754970128267,3.7673548503359,8298.66796875,-7761.59033203125,"Mesenchymal","#F0E442"
"kmbgmamb-1",11.3342986638277,-1.4236966328184,8309.43359375,-7761.77099609375,"Mesenchymal","#F0E442"
"kmbgmiih-1",8.72960048267531,-1.26565861268442,8304.5361328125,-7756.25927734375,"Mesenchymal","#F0E442"
"kmcceedg-1",-6.99219221523118,0.0430934919555827,8025.81787109375,-8230.2744140625,"Epi_SecA","#E69F00"
"kmccekja-1",-7.62067455699754,0.561605934663598,8037.27392578125,-8215.9111328125,"Epi_SecA","#E69F00"
"kmccfplp-1",-4.48763412883592,-2.85559689565104,8047.166015625,-8237.744140625,"Epi_SecA","#E69F00"
"kmccgcol-1",-7.7693247263701,0.0395627363165064,8060.36767578125,-8247.2412109375,"Epi_SecA","#E69F00"
"kmcchgbg-1",1.12815623829055,-2.76530015035075,8049.734375,-8243.6572265625,"Epi_SecB","#56B4E9"
"kmcchhak-1",-6.70908827236009,-0.105369785190638,8004.95166015625,-8236.9189453125,"Epi_SecA","#E69F00"
"kmcchpef-1",-7.36708301952195,0.802170579000299,8027.9541015625,-8241.2470703125,"Epi_SecA","#E69F00"
"kmccimkg-1",-2.4121937220366,1.04416227774221,8009.67578125,-8242.326171875,"Epi_SecA","#E69F00"
"kmcckkaj-1",-8.40598911693406,0.626377348466699,8010.05078125,-8249.5283203125,"Epi_SecA","#E69F00"
"kmccojfb-1",-7.99092239787889,2.2507590098818,8000.51904296875,-8255.7841796875,"Epi_SecA","#E69F00"
"kmccpgen-1",-4.63826555660081,-2.92689024968546,8034.01904296875,-8271.4326171875,"Epi_SecA","#E69F00"
"kmcdbkdg-1",-4.55184645107103,-3.12367689176005,8026.048828125,-8267.892578125,"Epi_SecB","#56B4E9"
"kmcdfaji-1",-3.55678409984422,-2.77394640012186,8004.623046875,-8311.083984375,"Epi_SecB","#56B4E9"
"kmcdfbei-1",-3.18404669215989,-3.71742927594584,8027.599609375,-8283.732421875,"Epi_SecB","#56B4E9"
"kmcdgfnh-1",-2.70371622493577,-3.61773621602457,8016.1533203125,-8288.53125,"Epi_SecB","#56B4E9"
"kmcdhcfn-1",-3.47549766948533,-3.12761461301249,8071.6767578125,-8219.013671875,"Epi_SecB","#56B4E9"
"kmcdiggp-1",-4.48841089656663,-3.41018497510355,8095.2880859375,-8256.16015625,"Epi_SecA","#E69F00"
"kmcdjpkj-1",-7.7586759989531,0.0667925967415019,8051.7099609375,-8253.00390625,"Epi_SecA","#E69F00"
"kmcdklhi-1",-4.38313908031297,0.362038288875405,8111.49462890625,-8258.76171875,"Epi_SecA","#E69F00"
"kmcdmmcf-1",-7.52340549877,1.10936129526693,8022.0087890625,-8248.484375,"Epi_SecA","#E69F00"
"kmcdpepo-1",-4.67035574367356,-2.8631633476774,8036.58984375,-8262.615234375,"Epi_SecA","#E69F00"
"kmceejjh-1",-6.86263031413865,0.203657780452554,8044.40185546875,-8259.0654296875,"Epi_SecA","#E69F00"
"kmceghmf-1",1.33441262790847,-2.94066035314005,8037.5771484375,-8250.052734375,"Epi_SecB","#56B4E9"
"kmcegobc-1",-5.68953222682786,0.925826434655969,7981.24267578125,-8239.22265625,"Epi_SecA","#E69F00"
"kmcejode-1",-7.83017200877977,1.99552667574484,7992.22802734375,-8236.2978515625,"Epi_SecA","#E69F00"
"kmcekejn-1",9.92372565815139,-1.97660672231119,7978.966796875,-8202.9541015625,"Mesenchymal","#F0E442"
"kmcenfho-1",-7.08606905391526,2.31045043901998,7988.19384765625,-8210.2578125,"Epi_SecA","#E69F00"
"kmceochn-1",-6.59405846050096,1.83361840681631,7997.1025390625,-8304.923828125,"Epi_SecA","#E69F00"
"kmcfddji-1",0.115274661275624,-2.90428864522379,7982.14599609375,-8299.1337890625,"Epi_SecA","#E69F00"
"kmcfofjn-1",-7.40138477733445,-0.0475036905567006,7983.94873046875,-8311.4521484375,"Epi_SecA","#E69F00"
"kmcgbail-1",-5.44011539867234,3.39098561243612,7991.36474609375,-8307.7197265625,"Epi_SecA","#E69F00"
"kmcgcbki-1",-7.00334972789598,2.54478824572164,7984.24609375,-8263.1572265625,"Epi_SecA","#E69F00"
"kmcgchim-1",-8.20747227123094,1.39095950560171,7994.103515625,-8271.73046875,"Epi_SecA","#E69F00"
"kmcgmfbb-1",-6.20962328365159,2.10575592951376,7966.53125,-8246.0390625,"Epi_SecA","#E69F00"
"kmcgnmjb-1",-7.094854301718,2.56370795206625,7988.015625,-8254.408203125,"Epi_SecA","#E69F00"
"kmcgoiel-1",-7.02667135646653,0.472918276353662,7991.40966796875,-8246.76953125,"Epi_SecA","#E69F00"
"kmcgpepb-1",-6.95178360393357,1.63752305941183,7975.77587890625,-8246.02734375,"Epi_SecA","#E69F00"
"kmdflacf-1",-1.26650089671922,-2.65531432195109,8025.30859375,-8648.046875,"Epi_SecB","#56B4E9"
"kmdfpmff-1",-3.82102913310838,-3.27098977132242,8021.49755859375,-8676.5859375,"Epi_SecB","#56B4E9"
"kmdgcfdf-1",-2.71547955921006,-3.43240391774576,8016.6142578125,-8663.5244140625,"Epi_SecB","#56B4E9"
"kmdgdpod-1",-1.44901604106736,-2.88729822202128,8030.626953125,-8659.005859375,"Epi_SecB","#56B4E9"
"kmdgfeld-1",-1.53898090770555,-2.95884644551676,8037.78515625,-8660.8818359375,"Epi_SecB","#56B4E9"
"kmdgieen-1",0.421795480939626,-0.666603978113349,8034.64453125,-8649.9716796875,"Epi_SecB","#56B4E9"
"kmdgkoka-1",3.73509078571486,-1.55609416528147,8009.33837890625,-8647.15234375,"Macrophage","#CC79A7"
"kmdglfii-1",-3.41723246028733,-3.61284601254862,8006.408203125,-8689.904296875,"Epi_SecB","#56B4E9"
"kmdgmapf-1",-3.9512791102202,-3.59655248685282,8004.0185546875,-8679.4169921875,"Epi_SecB","#56B4E9"
"kmdgmodc-1",-3.75212711742234,-4.08576118512553,7998.66064453125,-8686.45703125,"Epi_SecB","#56B4E9"
"kmdgolai-1",-4.59920496394944,-3.66190301938456,8001.0234375,-8663.9716796875,"Epi_SecB","#56B4E9"
"kmdhbajk-1",-4.27242655208421,-4.16127407117289,7992.556640625,-8722.1650390625,"Epi_SecB","#56B4E9"
"kmdhbbnb-1",-7.68141884258104,1.18822908835012,7999.7177734375,-8778.9619140625,"Epi_SecA","#E69F00"
"kmdheigi-1",-4.61120123317552,-3.69297039075297,8007.47021484375,-8751.4833984375,"Epi_SecB","#56B4E9"
"kmdhgkci-1",-4.32835573604417,-4.05727469487589,8000.83544921875,-8738.0634765625,"Epi_SecB","#56B4E9"
"kmdhgloo-1",1.13684331724334,1.21473586992819,7998.541015625,-8752.4091796875,"Epi_SecA","#E69F00"
"kmdhliei-1",-4.59051985194993,-3.21081745191019,8010.685546875,-8787.2275390625,"Epi_SecB","#56B4E9"
"kmdidmdb-1",-5.99498648097825,-2.35472237630289,8007.16943359375,-8795.681640625,"Epi_SecA","#E69F00"
"kmdidncn-1",-3.96143907955003,-3.72780835194987,8021.578125,-8785.498046875,"Epi_SecB","#56B4E9"
"kmdjhkhe-1",4.3804145390718,-5.01027547879618,8033.26708984375,-8742.337890625,"Mesenchymal","#F0E442"
"kmdjidgp-1",2.86296921322036,1.6905372186144,8036.470703125,-8726.30078125,"Epi_SecB","#56B4E9"
"kmdjifpd-1",-5.17923540523362,-3.18594157262247,8016.56591796875,-8767.1904296875,"Epi_SecA","#E69F00"
"kmdjiojd-1",-5.06641334941697,-3.64938580556315,8015.61083984375,-8746.7431640625,"Epi_SecA","#E69F00"
"kmdkejkp-1",-4.41565603664231,-4.05309259457987,8025.12841796875,-8749.7138671875,"Epi_SecB","#56B4E9"
"kmdkfapn-1",-3.1585053866179,-3.67597305341166,8011.6396484375,-8693.5,"Epi_SecB","#56B4E9"
"kmdkfefb-1",-4.18622536113572,-3.50279223485392,8020.421875,-8697.9736328125,"Epi_SecA","#E69F00"
"kmdkfibg-1",-0.0741673772604476,-0.253327618674453,8012.08349609375,-8701.607421875,"Epi_SecB","#56B4E9"
"kmdkpckm-1",-3.9401912157805,-4.77054035230082,8015.05615234375,-8721.80078125,"Epi_SecB","#56B4E9"
"kmdlafhi-1",-4.54338831355882,-3.90204894109171,7996.38427734375,-8700.591796875,"Epi_SecB","#56B4E9"
"kmdlbgap-1",-4.11672253063035,-4.35564577145975,8008.02783203125,-8724.380859375,"Epi_SecB","#56B4E9"
"kmdldeld-1",-3.61998981883836,-4.36737548871439,8000.88818359375,-8728.2578125,"Epi_SecB","#56B4E9"
"kmdldjlg-1",-4.33037752559495,-4.1776381687681,8000.18798828125,-8712.2255859375,"Epi_SecB","#56B4E9"
"kmdldlkc-1",-3.94403261592698,-4.07553183598917,8003.83251953125,-8700.5869140625,"Epi_SecB","#56B4E9"
"kmdlemmn-1",-3.837295002249,-3.79426157040995,8048.67529296875,-8661.0634765625,"Epi_SecB","#56B4E9"
"kmdlkmne-1",-3.88631290843797,-3.82219421430033,8060.1865234375,-8681.4150390625,"Epi_SecB","#56B4E9"
"kmdmbkop-1",-3.95946878841233,-3.55686556859415,8055.85107421875,-8669.1982421875,"Epi_SecB","#56B4E9"
"kmdmcfbg-1",-3.66657251766038,-3.54331314130228,8065.73974609375,-8658.8046875,"Epi_SecB","#56B4E9"
"kmdmfoph-1",3.12929397175002,-2.25021922154825,8043.52783203125,-8678.767578125,"Macrophage","#CC79A7"
"kmdmhccn-1",-6.93140358379197,-1.96980809731882,8052.9921875,-8770.4990234375,"Epi_SecA","#E69F00"
"kmdmjbko-1",-8.52385754039598,-0.618851895765479,8063.103515625,-8797.71875,"Epi_SecA","#E69F00"
"kmdmmcpi-1",-7.78112644603562,-0.673044617609199,8063.9443359375,-8790.138671875,"Epi_SecA","#E69F00"
"kmdnebpf-1",-7.46949619701219,-1.63108932538431,8055.38720703125,-8785.1005859375,"Epi_SecA","#E69F00"
"kmdngbja-1",-4.08806414058519,-3.42394148869913,8053.99072265625,-8726.125,"Epi_SecB","#56B4E9"
"kmdnknkg-1",-3.86318869045091,-3.43782460256022,8065.1240234375,-8763.4716796875,"Epi_SecA","#E69F00"
"kmdnlfco-1",-3.65871996333909,-2.94070469899576,8058.6318359375,-8748.8486328125,"Epi_SecB","#56B4E9"
"kmdnodjp-1",-4.30534595897508,-2.33767067952555,8072.001953125,-8752.5029296875,"Epi_SecA","#E69F00"
"kmdnokad-1",-5.91981739452195,-2.61815893216532,8064.61181640625,-8733.21484375,"Epi_SecA","#E69F00"
"kmdnpnce-1",-1.61626738956285,-2.47108184857767,8055.30419921875,-8696.884765625,"Epi_SecB","#56B4E9"
"kmdocfdb-1",-2.39361257007432,-2.98266613049906,8067.8193359375,-8710.8984375,"Epi_SecB","#56B4E9"
"kmdoeiof-1",-2.70593637874437,-2.87998139424723,8060.61474609375,-8702.2666015625,"Epi_SecB","#56B4E9"
"kmdofine-1",-4.98782820155931,-3.12326991124552,8043.5693359375,-8495.1591796875,"Epi_SecA","#E69F00"
"kmdolhdp-1",-0.462264603880168,-1.61438357396525,8042.8330078125,-8527.865234375,"Epi_SecB","#56B4E9"
"kmdoljii-1",-2.20300597598863,-2.87222492261332,8063.59228515625,-8558.013671875,"Epi_SecB","#56B4E9"
"kmdooolp-1",-3.06602830341172,-2.68553912206095,8055.4384765625,-8565.7490234375,"Epi_SecB","#56B4E9"
"kmdopfeb-1",-2.37230081012559,-2.89711582227152,8057.369140625,-8557.029296875,"Epi_SecB","#56B4E9"
"kmdopnkm-1",-3.1846911375792,-3.51204287572306,8042.87109375,-8552.8134765625,"Epi_SecB","#56B4E9"
"kmdpaidn-1",-1.57299155643296,-2.77619516415995,8044.60693359375,-8604.912109375,"Epi_SecB","#56B4E9"
"kmdpallh-1",0.606347345802068,-0.575587417320426,8045.400390625,-8598.267578125,"Epi_SecB","#56B4E9"
"kmdpcfcj-1",-2.28508014133287,-2.59668004079264,8044.576171875,-8569.7509765625,"Epi_SecB","#56B4E9"
"kmdpckpc-1",-7.67602867534471,0.161857430501763,8065.87841796875,-8514.08984375,"Epi_SecA","#E69F00"
"kmdpehhj-1",-3.23964590480638,-3.44090878529948,8052.35986328125,-8541.4423828125,"Epi_SecB","#56B4E9"
"kmdpeloe-1",-6.12212318828416,-2.71931016011637,8060.42822265625,-8500.50390625,"Epi_SecA","#E69F00"
"kmdpfppc-1",-7.91132492473436,-0.754617209867652,8054.8134765625,-8507.826171875,"Epi_SecA","#E69F00"
"kmdpgkcn-1",3.20719914982009,2.07342589335043,8013.89892578125,-8583.3525390625,"Epi_SecB","#56B4E9"
"kmdphkej-1",2.52917616913009,1.21143854097921,8034.3388671875,-8591.5009765625,"Epi_SecB","#56B4E9"
"kmdpnnok-1",-1.41653222492051,-2.16436492963236,8016.1884765625,-8639.9189453125,"Epi_SecB","#56B4E9"
"kmdpopco-1",-1.45273298671556,-2.72276341481608,8042.0458984375,-8634.91015625,"Epi_SecB","#56B4E9"
"kmeackbo-1",-1.38701409747911,-2.84850036664408,8035.4736328125,-8630.6767578125,"Epi_SecB","#56B4E9"
"kmeackdn-1",-0.785401887205363,-2.09353363080424,8026.09375,-8632.1474609375,"Epi_SecB","#56B4E9"
"kmeaeccn-1",-0.787424749639751,-1.99344348473948,8023.0068359375,-8636.80078125,"Epi_SecB","#56B4E9"
"kmeafhng-1",1.53539007255721,0.318848077817742,7994.15576171875,-8585.12890625,"Epi_SecB","#56B4E9"
"kmeagiko-1",-4.15293259074998,-3.32380163236063,8063.0146484375,-8571.1318359375,"Epi_SecB","#56B4E9"
"kmeajgep-1",0.557804041597127,-0.64681887193125,8059.91943359375,-8612.0537109375,"Epi_SecB","#56B4E9"
"kmeamgda-1",0.207736783715962,-1.0025141195814,8054.5712890625,-8601.76171875,"Epi_SecB","#56B4E9"
"kmebbkah-1",0.0170970494477738,-1.33497809930247,8061.349609375,-8592.462890625,"Epi_SecB","#56B4E9"
"kmebboni-1",-4.40804476192308,-3.32825600667399,8054.20654296875,-8577.3388671875,"Epi_SecB","#56B4E9"
"kmebdeph-1",2.23212724277663,1.47156012491781,8057.82763671875,-8622.9541015625,"Epi_SecB","#56B4E9"
"kmebfedc-1",-3.78088707378221,-3.67883288426798,8058.24267578125,-8650.373046875,"Epi_SecB","#56B4E9"
"kmebgmhd-1",0.597060897442578,-0.451250280574973,8059.927734375,-8630.4599609375,"Epi_SecB","#56B4E9"
"kmebhmpd-1",-3.64478725841355,-3.65157281918925,8058.69189453125,-8636.9208984375,"Epi_SecB","#56B4E9"
"kmebkhnp-1",-6.273809379843,1.16451013521749,8068.50390625,-8631.4716796875,"Epi_SecA","#E69F00"
"kmebmhpk-1",2.98290424892592,-2.53641378446024,8045.70947265625,-8616.16796875,"Macrophage","#CC79A7"
"kmebmjgg-1",-3.75023073604417,-3.6838387207548,8050.89453125,-8642.1884765625,"Epi_SecB","#56B4E9"
"kmebnndf-1",-1.50319737842393,-2.31096875234049,8044.017578125,-8646.158203125,"Epi_SecB","#56B4E9"
"kmebphok-1",-4.27207607677293,-3.45139467282694,8020.8154296875,-8505.1953125,"Epi_SecB","#56B4E9"
"kmecckde-1",-3.92517036845994,-3.06917225881022,8022.93505859375,-8498.8369140625,"Epi_SecA","#E69F00"
"kmecgfkn-1",-4.25855678966355,-3.91130315823954,8016.57177734375,-8545.3349609375,"Epi_SecB","#56B4E9"
"kmechjho-1",3.7535708481996,0.332891945405786,8026.37744140625,-8570.755859375,"Mesenchymal","#F0E442"
"kmecidoo-1",0.893505648764848,-0.365034426883872,8027.54150390625,-8561.9521484375,"Epi_SecB","#56B4E9"
"kmeckkic-1",3.01740437099624,-0.525527353719886,8024.38525390625,-8558.31640625,"Epi_SecB","#56B4E9"
"kmeckkpm-1",-4.08914417674852,-3.902093525366,8025.78564453125,-8540.0732421875,"Epi_SecB","#56B4E9"
"kmecmefb-1",-3.59217590740037,-4.03761088414591,7998.0478515625,-8572.9931640625,"Epi_SecB","#56B4E9"
"kmecmgfb-1",3.46015935489821,-1.99420201344889,8002.5146484375,-8515.654296875,"Macrophage","#CC79A7"
"kmecobob-1",-3.85396665981126,-3.85325538678568,8010.0439453125,-8526.998046875,"Epi_SecB","#56B4E9"
"kmecpcia-1",-8.42710155895066,1.33893287615377,8062.65673828125,-8405.6796875,"Epi_SecA","#E69F00"
"kmedbkpa-1",-2.0803484385283,-3.54579531712931,7895.6064453125,-8381.8115234375,"Epi_SecB","#56B4E9"
"kmedfomi-1",-6.89621443202806,-0.518729563192542,8043.23974609375,-8408.05859375,"Epi_SecA","#E69F00"
"kmedghml-1",1.96699719974685,-2.85528313680094,8051.1845703125,-8401.7734375,"Mesenchymal","#F0E442"
"kmedhokn-1",-7.88661522319627,0.169969384237115,8068.5712890625,-8421.9072265625,"Epi_SecA","#E69F00"
"kmedibmo-1",-7.41609138896775,0.148784910007302,8054.1376953125,-8424.1015625,"Epi_SecA","#E69F00"
"kmedjbec-1",-6.71527332713914,-0.467585052684958,8046.59326171875,-8418.8662109375,"Epi_SecA","#E69F00"
"kmedmdle-1",-0.951831168440105,-1.60920989079874,7876.49951171875,-8451.7548828125,"Epi_SecB","#56B4E9"
"kmedmfih-1",-3.28126758983445,-3.49028670354288,8032.97607421875,-8428.23046875,"Epi_SecB","#56B4E9"
"kmednceo-1",-2.48816580226731,-3.42125427289408,8000.54296875,-8386.3798828125,"Epi_SecB","#56B4E9"
"kmeeacpk-1",-0.928803271559001,-3.35482060475748,8012.7353515625,-8398.033203125,"Epi_SecB","#56B4E9"
"kmeeclij-1",3.64661365101027,-1.92744743390482,7999.142578125,-8460.0888671875,"Macrophage","#CC79A7"
"kmeedcan-1",4.34289222309279,-0.522873486713584,7996.46728515625,-8443.265625,"Macrophage","#CC79A7"
"kmeeekpf-1",3.47703223774123,0.429063980146234,8013.04833984375,-8438.6669921875,"Epi_SecB","#56B4E9"
"kmeegeki-1",-3.79810614040208,-3.59976136250895,8017.625,-8495.5693359375,"Epi_SecB","#56B4E9"
"kmeehjkm-1",4.22043710300612,0.799017970128839,8006.81689453125,-8451.095703125,"Mesenchymal","#F0E442"
"kmeehmof-1",3.88979416439223,2.02351630167562,8010.08544921875,-8455.7724609375,"Epi_SecB","#56B4E9"
"kmeeihpl-1",-5.07154030254197,-2.76831256909769,8019.75341796875,-8482.0146484375,"Epi_SecA","#E69F00"
"kmefhhah-1",3.04057889530349,-2.63529598279398,8005.49609375,-8431.9111328125,"Macrophage","#CC79A7"
"kmefhpln-1",-4.49128002574754,-3.58110391660136,8031.5927734375,-8383.615234375,"Epi_SecB","#56B4E9"
"kmefiagl-1",-7.57545513561082,0.223142985864465,8059.09521484375,-8391.3720703125,"Epi_SecA","#E69F00"
"kmefjilb-1",-4.35695499828172,-3.40667044682902,8037.73291015625,-8396.271484375,"Epi_SecB","#56B4E9"
"kmefnlia-1",-6.34955448558641,-0.940071161226447,8048.85009765625,-8487.16015625,"Epi_SecA","#E69F00"
"kmefpkhf-1",-4.32288307597947,-3.18390810056132,8061.49755859375,-8492.1591796875,"Epi_SecA","#E69F00"
"kmeghpfh-1",-5.27169365337205,-2.32119380994242,8026.18603515625,-8477.640625,"Epi_SecA","#E69F00"
"kmegilno-1",-3.79917044093919,-2.3752986149351,8028.7880859375,-8507.595703125,"Epi_SecB","#56B4E9"
"kmegkbig-1",-6.01367515971971,-2.37244903607767,8032.3017578125,-8495.9453125,"Epi_SecA","#E69F00"
"kmeglcig-1",-4.79413980892015,-3.10750281377238,8030.67724609375,-8483.8857421875,"Epi_SecB","#56B4E9"
"kmegnifd-1",-7.26909775188279,0.629143063588922,8053.517578125,-8434.162109375,"Epi_SecA","#E69F00"
"kmehapaa-1",-8.54893249919725,0.237399999662225,8052.48681640625,-8469.322265625,"Epi_SecA","#E69F00"
"kmehcmma-1",-7.51825088908982,0.363789979978387,8040.76220703125,-8454.0166015625,"Epi_SecA","#E69F00"
"kmehhpgc-1",-8.49928898265672,1.03521800474722,8067.98876953125,-8437.9267578125,"Epi_SecA","#E69F00"
"kmehjand-1",2.58402865478682,2.15511477427084,8059.19970703125,-8280.17578125,"Epi_SecB","#56B4E9"
"kmehnkop-1",-4.31617493083787,-3.60052525563639,8048.3662109375,-8308.267578125,"Epi_SecB","#56B4E9"
"kmeiampg-1",-4.61284918239427,-3.560456390814,8055.88916015625,-8302.806640625,"Epi_SecB","#56B4E9"
"kmeifjdi-1",-6.59348482539964,-1.95258593125742,8068.88330078125,-8302.826171875,"Epi_SecA","#E69F00"
"kmeiihck-1",-4.51240152767015,-3.75955068631571,8066.33740234375,-8291.6708984375,"Epi_SecA","#E69F00"
"kmeikhlg-1",2.82031946727919,2.66674411730367,8042.26025390625,-8339.4990234375,"Epi_SecA","#E69F00"
"kmeilaif-1",3.52526956150222,2.56270063356954,8036.02392578125,-8341.21484375,"Epi_SecA","#E69F00"
"kmeipocc-1",2.52962403843093,1.82786703543264,8046.62890625,-8333.390625,"Epi_SecB","#56B4E9"
"kmejepjj-1",-7.49924892833543,-0.449907864765342,8055.2001953125,-8332.0625,"Epi_SecA","#E69F00"
"kmejfgmc-1",-8.03981728008104,0.228671018644158,8062.52734375,-8335.55859375,"Epi_SecA","#E69F00"
"kmejfkaa-1",1.14737355062652,0.607366745038812,8043.88818359375,-8327.369140625,"Epi_SecB","#56B4E9"
"kmejfnkb-1",-6.37946695735765,2.19043958620626,8053.92431640625,-8323.978515625,"Epi_SecA","#E69F00"
"kmejgigg-1",-4.393194145468,-3.54735600514811,8044.8759765625,-8317.5703125,"Epi_SecB","#56B4E9"
"kmejjmel-1",-5.03681129863572,2.87578332857687,8065.494140625,-8322.4521484375,"Epi_SecA","#E69F00"
"kmejlame-1",-3.70164055278611,-3.28015696568888,8057.9619140625,-8317.458984375,"Epi_SecB","#56B4E9"
"kmejlccp-1",-6.90916103771043,-1.13381588025492,8046.40673828125,-8365.2783203125,"Epi_SecA","#E69F00"
"kmejmagn-1",0.692182921859502,-2.94936883016032,8039.01611328125,-8376.162109375,"Epi_SecB","#56B4E9"
"kmejmgni-1",-4.53630012920213,-3.60776030583781,8036.591796875,-8366.4404296875,"Epi_SecB","#56B4E9"
"kmekbiob-1",3.73600512096572,-1.70926785035532,7974.5732421875,-8389.7060546875,"Macrophage","#CC79A7"
"kmekedkl-1",3.78914146969008,1.6800745768984,7992.154296875,-8383.5654296875,"Epi_SecB","#56B4E9"
"kmekgeca-1",4.08584003994155,0.38649896220762,7991.92041015625,-8378.2373046875,"Epi_SecB","#56B4E9"
"kmekhimp-1",-2.81897515704942,-3.73604118390482,8007.294921875,-8377.0576171875,"Epi_SecB","#56B4E9"
"kmekilno-1",3.95834713527846,-1.65506362481516,7983.18212890625,-8375.033203125,"Macrophage","#CC79A7"
"kmekkadd-1",-2.55752295902085,-2.8737367348234,7981.6240234375,-8352.6376953125,"Epi_SecB","#56B4E9"
"kmekkhmp-1",-3.13464850833726,-3.8611065105955,7967.64599609375,-8355.6826171875,"Epi_SecB","#56B4E9"
"kmekleol-1",-2.2051624720366,-3.64532553716105,7978.69287109375,-8361.3740234375,"Epi_SecB","#56B4E9"
"kmelabka-1",-8.18837780406785,1.16159069971639,7995.24951171875,-8321.6669921875,"Epi_SecA","#E69F00"
"kmelaige-1",-6.85690493038011,-0.73572724624079,7976.4443359375,-8346.5478515625,"Epi_SecA","#E69F00"
"kmelbnnp-1",-7.55909866741014,0.427074913545434,7989.01416015625,-8336.224609375,"Epi_SecA","#E69F00"
"kmelccab-1",-6.84505314281297,1.60156703428823,7973.2109375,-8333.955078125,"Epi_SecA","#E69F00"
"kmelfkhn-1",-7.58157391002488,0.153512869640176,7968.72119140625,-8331.8828125,"Epi_SecA","#E69F00"
"kmelgobl-1",6.56860690662551,-2.98586737676066,8180.837890625,-8737.64453125,"Mesenchymal","#F0E442"
"kmelinpj-1",8.54246049472976,0.0283322303136035,8183.03173828125,-8731.576171875,"Mesenchymal","#F0E442"
"kmeljpon-1",-6.79477066448045,0.302668128772561,8161.6337890625,-8678.779296875,"Epi_SecA","#E69F00"
"kmelkdpi-1",-7.78685516765428,0.931815747781579,8163.005859375,-8716.2080078125,"Epi_SecA","#E69F00"
"kmelkkgf-1",-7.63838715007615,0.952318315072839,8174.61376953125,-8749.9091796875,"Epi_SecA","#E69F00"
"kmelnhjp-1",5.78542285511184,-0.185612525180991,8190.43505859375,-8751.29296875,"Mesenchymal","#F0E442"
"kmelnpon-1",8.2345405156343,-1.72565841241282,8185.01025390625,-8750.4921875,"Mesenchymal","#F0E442"
"kmemapmn-1",8.8793216283052,0.0757733179767771,8189.88720703125,-8731.19921875,"Mesenchymal","#F0E442"
"kmemgoil-1",10.2652879292696,-1.86858713193339,8186.4208984375,-8737.966796875,"Mesenchymal","#F0E442"
"kmemiepi-1",-7.84766048839402,1.83865690664846,8166.85009765625,-8744.7119140625,"Epi_SecA","#E69F00"
"kmeohani-1",1.64582526037383,-2.54953109784525,8161.1083984375,-8781.841796875,"Mesenchymal","#F0E442"
"kmeoomea-1",10.4703126485078,5.62369716600973,8186.3876953125,-8767.0185546875,"Endothelial","#D55E00"
"kmepadlj-1",6.11349635669875,-0.676647777990516,8185.9267578125,-8774.099609375,"Endothelial","#D55E00"
"kmepfoem-1",10.1179709965913,4.90034568743307,8189.15087890625,-8796.3388671875,"Endothelial","#D55E00"
"kmepfoon-1",8.54279380390334,5.19132078127462,8184.44677734375,-8792.2421875,"Endothelial","#D55E00"
"kmephhcn-1",-4.7610125010283,-2.2860070423643,8135.40771484375,-8743.5947265625,"Epi_SecB","#56B4E9"
"kmepkphd-1",2.2512960965364,-2.63152849240702,8147.2666015625,-8750.5107421875,"Macrophage","#CC79A7"
"kmepnhpj-1",-7.20993370464158,-0.891034896806891,8151.0986328125,-8736.4658203125,"Epi_SecA","#E69F00"
"kmfabdca-1",-6.14038032939744,1.37875283197958,8138.662109375,-8728.9248046875,"Epi_SecA","#E69F00"
"kmfaebbg-1",-7.39635414531541,0.046542157097642,8140.3603515625,-8721.2099609375,"Epi_SecA","#E69F00"
"kmfaehik-1",-7.19052214076829,-0.464582975343879,8126.99609375,-8756.9873046875,"Epi_SecA","#E69F00"
"kmfaikhf-1",-8.57354206493211,1.11718821959097,8124.73681640625,-8774.8525390625,"Epi_SecA","#E69F00"
"kmfajipp-1",-7.00328487804246,-0.158621850744899,8133.29345703125,-8765.021484375,"Epi_SecA","#E69F00"
"kmfajmbm-1",-6.9004978602202,-0.38352855606478,8140.72900390625,-8773.5634765625,"Epi_SecA","#E69F00"
"kmfannfm-1",-8.2556242411406,0.675257687135522,8152.91552734375,-8796.216796875,"Epi_SecA","#E69F00"
"kmfaoefe-1",-7.26019329479051,-0.151105068014081,8149.31884765625,-8764.05859375,"Epi_SecA","#E69F00"
"kmfapeij-1",1.92355936119246,-2.78924595876139,8142.53271484375,-8757.2802734375,"Mesenchymal","#F0E442"
"kmfbbaoi-1",-4.13520950725389,-3.19874345822733,8118.65087890625,-8735.6474609375,"Epi_SecA","#E69F00"
"kmfbcimj-1",-4.8368648951323,-2.70671641393107,8120.19873046875,-8749.19140625,"Epi_SecB","#56B4E9"
"kmfbegac-1",-5.93900770595384,-1.16371357007426,8128.00341796875,-8669.802734375,"Epi_SecA","#E69F00"
"kmfbgakj-1",2.18594699451613,3.11580408052999,8120.263671875,-8661.8896484375,"Epi_SecA","#E69F00"
"kmfbklim-1",-7.0348653261931,-0.611674066023047,8137.55322265625,-8674.875,"Epi_SecA","#E69F00"
"kmfbnjfi-1",-6.45239729335618,-0.171994085745032,8151.751953125,-8678.017578125,"Epi_SecA","#E69F00"
"kmfccope-1",-6.53765911510301,-0.563863362507041,8150.04736328125,-8667.0673828125,"Epi_SecA","#E69F00"
"kmfcgpjb-1",-7.83315414836717,-0.395805026725944,8139.46337890625,-8687.708984375,"Epi_SecA","#E69F00"
"kmfckmhf-1",-6.69466633251023,-0.42799609465998,8151.31201171875,-8709.9990234375,"Epi_SecA","#E69F00"
"kmfcnojn-1",-7.77990478923631,0.253100876375024,8131.5341796875,-8712.263671875,"Epi_SecA","#E69F00"
"kmfcoohg-1",-6.88855451991868,-1.60581790967387,8116.08056640625,-8684.9521484375,"Epi_SecA","#E69F00"
"kmfdbgol-1",-7.88610596111131,0.0246838300069018,8117.8330078125,-8707.9296875,"Epi_SecA","#E69F00"
"kmfddgio-1",3.44374518940139,-1.34644412560862,8124.95751953125,-8695.6591796875,"Epi_SecA","#E69F00"
"kmfkfpki-1",-7.30390114238572,0.929747585817163,8137.8662109375,-8785.568359375,"Epi_SecA","#E69F00"
"kmfkmemn-1",4.37797933170485,-2.26698600812357,8169.0615234375,-8787.017578125,"Macrophage","#CC79A7"
"kmfknchf-1",9.01552539417434,-1.99142527146738,8175.37646484375,-8788.1572265625,"Mesenchymal","#F0E442"
"kmfknkoi-1",-7.71036762645555,-0.280639405683692,8124.26513671875,-8791.26953125,"Epi_SecA","#E69F00"
"kmfkppcf-1",10.2303090626924,-0.870369251207526,8170.837890625,-8799.5654296875,"Mesenchymal","#F0E442"
"kmflhjnl-1",-7.17493290355516,1.51174784140188,8131.72509765625,-8797.447265625,"Epi_SecA","#E69F00"
"kmgdokak-1",-2.66576857021165,2.53842461542684,8070.24560546875,-8744.0791015625,"Epi_SecB","#56B4E9"
"kmgeahho-1",-4.22526544978929,-3.30627429051798,8076.63134765625,-8732.6142578125,"Epi_SecB","#56B4E9"
"kmgeamij-1",-6.44659799983812,-1.24503731294077,8085.89501953125,-8753.521484375,"Epi_SecA","#E69F00"
"kmgebifg-1",-7.10216326167894,-0.38631757660311,8080.99267578125,-8743.486328125,"Epi_SecA","#E69F00"
"kmgechan-1",-6.47461933543992,-1.40600990815562,8078.669921875,-8762.8125,"Epi_SecA","#E69F00"
"kmgecolp-1",-4.35325760295701,-3.16761672063273,8079.24169921875,-8772.326171875,"Epi_SecB","#56B4E9"
"kmgefbjl-1",-4.60701555660081,-2.57062184377116,8079.15576171875,-8780.5361328125,"Epi_SecA","#E69F00"
"kmgefboe-1",-4.55873579433274,-3.3933147148649,8085.9755859375,-8778.408203125,"Epi_SecA","#E69F00"
"kmgehlni-1",-2.97805494716478,-2.99952971501749,8072.423828125,-8779.4033203125,"Epi_SecB","#56B4E9"
"kmgejhge-1",-2.84020156314683,-2.6099747376005,8095.46826171875,-8752.6611328125,"Epi_SecB","#56B4E9"
"kmgeppdc-1",-7.75186390331102,0.184641842408959,8092.859375,-8769.5361328125,"Epi_SecA","#E69F00"
"kmgfbiip-1",-7.72111076762986,0.313846085830514,8106.7109375,-8772.2724609375,"Epi_SecA","#E69F00"
"kmgfefbi-1",-4.74865431239915,-3.51026784940165,8108.5986328125,-8759.0048828125,"Epi_SecA","#E69F00"
"kmgfgfbk-1",-6.22624821117234,-2.39109193845194,8088.94970703125,-8737.814453125,"Epi_SecA","#E69F00"
"kmgfkghp-1",1.35931443521666,-1.9122310833494,8109.0009765625,-8732.5693359375,"Epi_SecB","#56B4E9"
"kmgflool-1",-4.29116911342454,-3.43273365064066,8107.6953125,-8744.6494140625,"Epi_SecA","#E69F00"
"kmgfnedn-1",-4.46020407131028,-3.52912580533427,8098.69384765625,-8739.970703125,"Epi_SecB","#56B4E9"
"kmghdbkp-1",-3.79083103587937,-3.4623757557432,8084.1982421875,-8789.1640625,"Epi_SecB","#56B4E9"
"kmgjlmmm-1",-6.29461235454393,-2.29108535809916,8102.39794921875,-8793.86328125,"Epi_SecA","#E69F00"
"kmgjmncp-1",-7.47345299175096,1.83447802500326,8074.630859375,-8403.0966796875,"Epi_SecA","#E69F00"
"kmgjoilj-1",-8.25367779186082,-0.124186287955459,8079.6171875,-8411.37109375,"Epi_SecA","#E69F00"
"kmgkddag-1",-7.17317003658128,0.690840010209863,8079.095703125,-8446.3974609375,"Epi_SecA","#E69F00"
"kmgkejjk-1",-5.45176119258714,-1.09476887746256,8086.46923828125,-8449.38671875,"Epi_SecA","#E69F00"
"kmgkfclo-1",-6.56222052028489,-1.1129523472349,8098.5712890625,-8408.873046875,"Epi_SecA","#E69F00"
"kmgkfgcg-1",-7.09249252727342,0.0502028657634898,8103.30078125,-8423.60546875,"Epi_SecA","#E69F00"
"kmgkjcmc-1",-7.46661419322801,0.327957723899667,8102.85107421875,-8416.8984375,"Epi_SecA","#E69F00"
"kmgkkmnk-1",-6.7106203501494,-0.605445440248664,8098.8642578125,-8664.166015625,"Epi_SecA","#E69F00"
"kmgkliie-1",-3.86667913844895,-3.55255138440531,8097.48193359375,-8674.880859375,"Epi_SecA","#E69F00"
"kmglaooh-1",-2.97186273982835,-3.35409867329996,8092.2451171875,-8682.1015625,"Epi_SecB","#56B4E9"
"kmglbdmd-1",2.28655450889754,-2.71024906201762,8111.830078125,-8697.296875,"Mesenchymal","#F0E442"
"kmglcomb-1",-3.78783316066575,-3.57878005071085,8098.94384765625,-8697.7939453125,"Epi_SecB","#56B4E9"
"kmglffdn-1",-4.07692427089524,-3.00887000127238,8105.62939453125,-8685.6572265625,"Epi_SecA","#E69F00"
"kmglfkbp-1",-1.92537111690354,-1.96573054356974,8096.90087890625,-8710.134765625,"Epi_SecB","#56B4E9"
"kmglgipp-1",-0.975126809385539,-1.14728891415995,8084.97119140625,-8727.1318359375,"Epi_SecB","#56B4E9"
"kmglkkpj-1",1.63091784069228,2.1166037364443,8093.5771484375,-8727.22265625,"Epi_SecB","#56B4E9"
"kmglligo-1",1.76230286905455,-2.41437732739847,8109.12158203125,-8725.5068359375,"Epi_SecB","#56B4E9"
"kmgllpna-1",-3.7106146281035,-3.26854502721232,8109.0634765625,-8715.6806640625,"Epi_SecB","#56B4E9"
"kmgmbkff-1",-4.58793873241258,-3.48244487805765,8085.56640625,-8716.9091796875,"Epi_SecA","#E69F00"
"kmgmbmnk-1",-5.14146036556077,-2.89692890210551,8080.6416015625,-8670.30859375,"Epi_SecA","#E69F00"
"kmgmcmjf-1",-3.47987646510911,-3.37131535573405,8072.99462890625,-8692.6025390625,"Epi_SecB","#56B4E9"
"kmgmedbj-1",-3.5573615496428,-3.45862328572672,8085.6162109375,-8688.78125,"Epi_SecB","#56B4E9"
"kmgmigoi-1",-3.15097207477403,-3.52769672437113,8074.111328125,-8678.4658203125,"Epi_SecB","#56B4E9"
"kmgmiiec-1",-4.1760663454802,-3.42385541959208,8069.06494140625,-8669.595703125,"Epi_SecB","#56B4E9"
"kmgminem-1",-3.07585257938218,-2.94544970555704,8076.4169921875,-8580.4208984375,"Epi_SecB","#56B4E9"
"kmgmjihj-1",-1.45523042133165,-2.34700572057169,8084.58837890625,-8581.779296875,"Epi_SecB","#56B4E9"
"kmgmndef-1",-2.39882559230638,-2.78046309514445,8083.68603515625,-8572.97265625,"Epi_SecB","#56B4E9"
"kmgmnepj-1",-4.55194277217698,-2.40383231206339,8074.20849609375,-8569.99609375,"Epi_SecA","#E69F00"
"kmgmocoh-1",-4.4573540156157,-2.63403999371928,8092.57861328125,-8575.875,"Epi_SecA","#E69F00"
"kmgmpfka-1",1.17281123349357,2.6703032298525,8101.90478515625,-8653.08984375,"Epi_SecA","#E69F00"
"kmgmplbh-1",3.51857166835952,3.56039751009542,8109.92431640625,-8648.904296875,"Epi_SecB","#56B4E9"
"kmgnagad-1",0.393140011522054,1.63682342009145,8100.7998046875,-8658.4970703125,"Epi_SecA","#E69F00"
"kmgnhdlo-1",1.26521294662642,2.70089996294576,8082.0283203125,-8628.5966796875,"Epi_SecA","#E69F00"
"kmgnhmjp-1",-6.32214493205857,-0.759269352392371,8086.162109375,-8643.32421875,"Epi_SecA","#E69F00"
"kmgnhmof-1",-5.34389109065843,-2.09721290631693,8084.06396484375,-8651.8291015625,"Epi_SecA","#E69F00"
"kmgnhndd-1",-4.04680151393724,-3.32788407369059,8079.5849609375,-8658.8095703125,"Epi_SecB","#56B4E9"
"kmgnpkgh-1",-0.769710368421794,-1.0520038561384,8084.3466796875,-8588.6552734375,"Epi_SecA","#E69F00"
"kmgobkon-1",-2.07739872386766,-3.11596118970316,8111.5517578125,-8595.814453125,"Epi_SecA","#E69F00"
"kmgocmfg-1",-0.105114287641765,-0.367384757236655,8096.5947265625,-8589.90234375,"Epi_SecA","#E69F00"
"kmgodclj-1",-7.04092258861375,2.01682770685751,8100.125,-8525.6015625,"Epi_SecA","#E69F00"
"kmgodnjl-1",-6.51335710933519,-1.70453655286234,8091.8623046875,-8520.01171875,"Epi_SecA","#E69F00"
"kmgoebgp-1",-7.49889034679246,1.93602097467977,8108.20068359375,-8481.6943359375,"Epi_SecA","#E69F00"
"kmgogeni-1",-7.51280445506883,0.192227755351846,8105.228515625,-8535.6015625,"Epi_SecA","#E69F00"
"kmgojbmo-1",-6.86790127208543,-0.211253839866336,8113.13134765625,-8541.505859375,"Epi_SecA","#E69F00"
"kmgojcml-1",2.32108383724379,-3.31515299840372,8072.8369140625,-8559.5556640625,"Epi_SecB","#56B4E9"
"kmgolhai-1",-3.35608763149095,-4.03765904469889,8069.6884765625,-8548.73828125,"Epi_SecB","#56B4E9"
"kmgomngm-1",-7.16840261867356,-0.462001021341498,8084.064453125,-8534.396484375,"Epi_SecA","#E69F00"
"kmgopadn-1",-3.32820457866502,-3.60806619687479,8068.44580078125,-8535.810546875,"Epi_SecB","#56B4E9"
"kmgophob-1",-7.18513483455491,-0.317042376236136,8073.7275390625,-8473.8779296875,"Epi_SecA","#E69F00"
"kmgpgpdf-1",-7.2045783465178,-0.727650459245856,8070.2744140625,-8521.630859375,"Epi_SecA","#E69F00"
"kmgpioll-1",-5.95868296077562,-2.30053364797037,8077.05126953125,-8526.62890625,"Epi_SecA","#E69F00"
"kmgpkebj-1",-7.39947456767869,-0.193008761243041,8080.15478515625,-8495.69140625,"Epi_SecA","#E69F00"
"kmgpljjp-1",-3.4772891466887,-2.52560841603678,8081.1220703125,-8516.8251953125,"Epi_SecA","#E69F00"
"kmhahimb-1",-2.50253290584397,-2.62098204656046,8070.3046875,-8486.224609375,"Epi_SecB","#56B4E9"
"kmhahkcb-1",-1.6711117689879,0.206450347467248,8119.27392578125,-8539.265625,"Epi_SecB","#56B4E9"
"kmhahlog-1",-7.06492514064622,0.433911208673303,8120.71923828125,-8569.265625,"Epi_SecA","#E69F00"
"kmhajdgd-1",-7.62414211681199,0.604462925954644,8131.06298828125,-8551.564453125,"Epi_SecA","#E69F00"
"kmhakfla-1",-6.7383713190825,-0.808361466364081,8116.509765625,-8557.34375,"Epi_SecA","#E69F00"
"kmhakmed-1",-5.38930220058274,-1.86244213147562,8138.7451171875,-8536.6337890625,"Epi_SecA","#E69F00"
"kmhamopb-1",-7.50380653789354,-0.305762450532134,8159.4521484375,-8544.1259765625,"Epi_SecA","#E69F00"
"kmhapemm-1",-5.50039286067796,-1.7743864016096,8144.1591796875,-8548.1865234375,"Epi_SecA","#E69F00"
"kmhappoc-1",-7.2883390848906,0.00088235424358088,8120.15234375,-8530.4345703125,"Epi_SecA","#E69F00"
"kmhbdlmg-1",-7.9944691126616,1.1574653430422,8134.85546875,-8520.7958984375,"Epi_SecA","#E69F00"
"kmhbdppo-1",9.55578380176711,3.98983943895895,8173.44921875,-8660.119140625,"Mesenchymal","#F0E442"
"kmhbgehk-1",11.0677276189058,6.17052257494528,8172.6953125,-8671.7421875,"Endothelial","#D55E00"
"kmhbhehg-1",9.03937106678176,-1.468575115637,8183.630859375,-8664.595703125,"Mesenchymal","#F0E442"
"kmhbhjfh-1",10.5108647877901,-0.839736695722754,8183.21826171875,-8675.8701171875,"Mesenchymal","#F0E442"
"kmhbidab-1",8.78150229999709,1.15860748724539,8185.97509765625,-8682.6103515625,"Mesenchymal","#F0E442"
"kmhbljib-1",10.8088222081392,5.93526304201681,8176.67919921875,-8683.794921875,"Endothelial","#D55E00"
"kmhbnjng-1",10.7258678014009,6.3021882815798,8178.57421875,-8700.2509765625,"Endothelial","#D55E00"
"kmhbpmfo-1",8.06682258197951,3.3639079375704,8177.6982421875,-8712.86328125,"Mesenchymal","#F0E442"
"kmhcdamj-1",10.0542541081636,0.191481058164422,8185.7822265625,-8720.75,"Mesenchymal","#F0E442"
"kmhcdpei-1",4.63155561039138,-2.138097639517,8174.14404296875,-8713.974609375,"Macrophage","#CC79A7"
"kmhcpplg-1",8.28074317524123,1.34562087492544,8189.18017578125,-8710.55078125,"Mesenchymal","#F0E442"
"kmhdbjgj-1",6.90249019214797,1.34444380240041,8174.36865234375,-8701.271484375,"Mesenchymal","#F0E442"
"kmhdegdg-1",9.63956218311477,0.0365836812694712,8187.8212890625,-8691.29296875,"Mesenchymal","#F0E442"
"kmhdgfnf-1",9.23949199268508,-1.14474641843241,8189.70849609375,-8615.890625,"Mesenchymal","#F0E442"
"kmhdgpcl-1",9.93197207996535,-1.11964320702952,8171.25048828125,-8649.119140625,"Mesenchymal","#F0E442"
"kmhdiedc-1",10.2555366093843,-0.523210044340308,8188.66015625,-8653.9228515625,"Mesenchymal","#F0E442"
"kmhdipjm-1",10.0923963124483,4.21368587450582,8178.31689453125,-8651.3388671875,"Endothelial","#D55E00"
"kmhdkodk-1",7.2302394444673,-1.84884595437449,8182.73876953125,-8632.759765625,"Mesenchymal","#F0E442"
"kmhebomp-1",9.75394683429885,-0.855327423052009,8191.22216796875,-8643.9765625,"Mesenchymal","#F0E442"
"kmhejind-1",8.39115338871169,-3.49252783818644,8184.59130859375,-8641.0634765625,"Plasma cell","#005685"
"kmheldkc-1",6.70044189045119,0.145944405957048,8191.0673828125,-8631.58203125,"Mesenchymal","#F0E442"
"kmhelmhp-1",9.09131961414504,-0.931338246301825,8174.7373046875,-8625.3408203125,"Mesenchymal","#F0E442"
"kmhenbem-1",-5.68119806697679,3.02143800692159,8169.7578125,-8606.826171875,"Epi_SecA","#E69F00"
"kmhendpj-1",3.10571723529982,3.38359082178671,8165.59228515625,-8613.931640625,"Epi_SecA","#E69F00"
"kmhfckbb-1",5.16740422794509,-2.26377141042155,8179.7890625,-8615.8203125,"Macrophage","#CC79A7"
"kmhfebjj-1",9.12741427967238,0.317584518953149,8188.6044921875,-8506.65234375,"Mesenchymal","#F0E442"
"kmhfenln-1",10.2991843754976,-0.707434113458808,8192.154296875,-8521.21875,"Mesenchymal","#F0E442"
"kmhffemj-1",4.35014777729201,-2.49567448659342,8178.48583984375,-8516.451171875,"Macrophage","#CC79A7"
"kmhffmdi-1",-8.67327255657029,0.637151364847009,8175.12353515625,-8560.7919921875,"Epi_SecA","#E69F00"
"kmhgbdjm-1",-9.17465824535203,1.50968242125112,8162.87646484375,-8599.1103515625,"Epi_SecA","#E69F00"
"kmhgekco-1",-5.98731846263719,2.46981847719747,8168.5556640625,-8591.85546875,"Epi_SecA","#E69F00"
"kmhgggbk-1",1.71583711454558,-2.35957395596903,8145.66748046875,-8572.6025390625,"Epi_SecA","#E69F00"
"kmhgjghb-1",-7.54420704295945,1.66112089590627,8142.9560546875,-8562.580078125,"Epi_SecA","#E69F00"
"kmhgjmcp-1",-6.92069096019578,2.75759470896322,8152.3662109375,-8600.5380859375,"Epi_SecA","#E69F00"
"kmhgjmnc-1",-7.36183304241014,1.17473292784292,8158.658203125,-8586.7998046875,"Epi_SecA","#E69F00"
"kmhgmcje-1",-7.47541756084275,0.89195430712301,8141.71435546875,-8582.6689453125,"Epi_SecA","#E69F00"
"kmhhajdg-1",-2.5949923460753,3.37418592409689,8141.37255859375,-8595.7822265625,"Epi_SecA","#E69F00"
"kmhhamdd-1",-3.42985386302781,-3.39813887639445,8117.79638671875,-8582.265625,"Epi_SecB","#56B4E9"
"kmhhapad-1",-7.91987175395799,-0.252649034694846,8129.720703125,-8414.9873046875,"Epi_SecA","#E69F00"
"kmhhbfja-1",-5.96534151485276,-1.91446995301646,8124.7021484375,-8439.470703125,"Epi_SecA","#E69F00"
"kmhhcdmn-1",10.25660281727,0.436417285962884,8143.3818359375,-8434.6826171875,"Mesenchymal","#F0E442"
"kmhhdpad-1",9.11589675495314,0.958749298616235,8160.583984375,-8426.9912109375,"Mesenchymal","#F0E442"
"kmhhfjof-1",10.1616101796358,0.998969201608483,8168.99755859375,-8429.1435546875,"Mesenchymal","#F0E442"
"kmhhfklm-1",10.0901675755708,5.44863212542135,8150.98974609375,-8433.1689453125,"Endothelial","#D55E00"
"kmhhjbio-1",10.7806478078096,2.11454976038534,8156.71630859375,-8433.0439453125,"Mesenchymal","#F0E442"
"kmhhlibn-1",8.98530059406447,0.551600460573022,8154.55810546875,-8411.8876953125,"Mesenchymal","#F0E442"
"kmhhppko-1",9.35807090351271,2.13488161997396,8173.31201171875,-8406.9140625,"Mesenchymal","#F0E442"
"kmhiahci-1",7.56439595768142,2.31322515444357,8163,-8417.83203125,"Mesenchymal","#F0E442"
"kmhiimgm-1",11.1580329472749,-1.15735816522043,8149.6806640625,-8418.5654296875,"Mesenchymal","#F0E442"
"kmhjalig-1",11.2859893376558,-1.20268117947977,8164.65283203125,-8476.8876953125,"Mesenchymal","#F0E442"
"kmhjangc-1",8.60143428394484,-0.856115515665229,8168.4306640625,-8497.8330078125,"Mesenchymal","#F0E442"
"kmhjfngf-1",11.1444535786836,-1.08349775834482,8167.07080078125,-8488.6826171875,"Mesenchymal","#F0E442"
"kmhjjldo-1",8.69169765064406,-1.60258948369425,8156.54638671875,-8509.552734375,"Mesenchymal","#F0E442"
"kmhjmcmk-1",5.36722999164748,-2.14143955274027,8169.796875,-8506.5849609375,"Macrophage","#CC79A7"
"kmhjmpna-1",8.50001912662673,-0.20487840785187,8162.59423828125,-8505.3955078125,"Mesenchymal","#F0E442"
"kmhjoccd-1",11.3614574010103,-1.04019242091578,8179.0224609375,-8482.3564453125,"Mesenchymal","#F0E442"
"kmhjpcal-1",10.75407081196,-0.979186888174231,8183.40087890625,-8493.5634765625,"Mesenchymal","#F0E442"
"kmhjpgfd-1",9.51725249836135,-1.3627995209257,8176.4052734375,-8497.7578125,"Mesenchymal","#F0E442"
"kmhjpokf-1",9.65326076099563,-1.56844269795817,8178.8046875,-8507.419921875,"Mesenchymal","#F0E442"
"kmhkcbec-1",10.513067775461,4.61775768236715,8150.22705078125,-8445.123046875,"Endothelial","#D55E00"
"kmhkfbim-1",8.43946414539504,4.45003211931783,8138.90869140625,-8452.1337890625,"Endothelial","#D55E00"
"kmhkjkbb-1",6.44441037723708,0.12398675517637,8144.55810546875,-8449.1416015625,"Mesenchymal","#F0E442"
"kmhkjpio-1",9.71349673816848,-0.176631446317847,8143.60205078125,-8456.984375,"Mesenchymal","#F0E442"
"kmhkjpmh-1",11.1657090718477,-0.421529169515784,8142.1728515625,-8476.6533203125,"Mesenchymal","#F0E442"
"kmhklgka-1",9.92153125354934,-1.00217794938486,8157.13232421875,-8487.7412109375,"Mesenchymal","#F0E442"
"kmhkmadd-1",10.4181247288911,-0.206901076571162,8146.0673828125,-8480.828125,"Mesenchymal","#F0E442"
"kmhkmgci-1",9.1350589329927,-2.21174251599711,8145.00048828125,-8492.8271484375,"Mesenchymal","#F0E442"
"kmhkngnk-1",8.2678804928987,0.249262665077035,8160.4892578125,-8498.650390625,"Mesenchymal","#F0E442"
"kmhkppca-1",10.2435708577363,-1.03768574757975,8132.06494140625,-8476.1416015625,"Mesenchymal","#F0E442"
"kmhlafoj-1",9.27006488392043,5.85375106768209,8139.4482421875,-8475.5205078125,"Endothelial","#D55E00"
"kmhlbkdn-1",9.84184413501906,-0.21292231543463,8137.62060546875,-8465.205078125,"Mesenchymal","#F0E442"
"kmhlcocd-1",10.3837047154634,0.57115865187246,8131.98681640625,-8484.0498046875,"Mesenchymal","#F0E442"
"kmhlgfbp-1",10.2745109135835,0.649897043271844,8175.01708984375,-8434.8349609375,"Mesenchymal","#F0E442"
"kmhlianj-1",11.1044345433443,0.272610162063424,8185.16552734375,-8433.9599609375,"Mesenchymal","#F0E442"
"kmhllpnj-1",10.8742900426118,-0.498160953954871,8166.02734375,-8455.10546875,"Mesenchymal","#F0E442"
"kmhlnnlm-1",10.1501431996553,0.860213880105798,8187.7255859375,-8467.3896484375,"Mesenchymal","#F0E442"
"kmhmdadk-1",10.6764770085542,1.31629598574239,8183.4765625,-8456.4560546875,"Mesenchymal","#F0E442"
"kmhmfbah-1",11.108129077646,-0.102276730672534,8152.55615234375,-8470.2802734375,"Mesenchymal","#F0E442"
"kmhmfckm-1",10.1564517552583,-0.690613682703193,8156.35205078125,-8449.54296875,"Mesenchymal","#F0E442"
"kmhmiepf-1",10.1996694142549,0.431741778417413,8156.82763671875,-8460.9296875,"Mesenchymal","#F0E442"
"kmhmimig-1",9.6717210347383,0.457484666868035,8185.76318359375,-8440.3916015625,"Mesenchymal","#F0E442"
"kmhmmpoo-1",8.4481406743257,1.3354061885317,8190.62939453125,-8445.357421875,"Mesenchymal","#F0E442"
"kmhmohje-1",-7.12197775295091,-1.17951023145121,8116.75732421875,-7906.94580078125,"Epi_SecA","#E69F00"
"kmhmpfel-1",-6.9492883150847,-0.838615770773108,8122.9580078125,-7919.8779296875,"Epi_SecA","#E69F00"
"kmhncpkb-1",-0.922285146024943,-3.16749894185465,8118.6474609375,-7894.29736328125,"Epi_SecB","#56B4E9"
"kmhnfaop-1",-1.97979349544358,-3.64696943326395,8153.96044921875,-7904.49462890625,"Epi_SecB","#56B4E9"
"kmhnflal-1",-2.48555583408189,-3.49601232572001,8158.45947265625,-7923.50830078125,"Epi_SecB","#56B4E9"
"kmhnkadg-1",-2.22799224307847,-3.67042099996012,8145.32421875,-7919.578125,"Epi_SecB","#56B4E9"
"kmhnpcbh-1",-2.46098226955247,-3.59568965001505,8140.58056640625,-7913.52197265625,"Epi_SecB","#56B4E9"
"kmhnpllk-1",-2.6211678450377,-2.95165502591532,8140.5458984375,-7879.47021484375,"Epi_SecB","#56B4E9"
"kmhoanig-1",-4.69383758952928,-2.78541814847391,8134.73828125,-7888.81689453125,"Epi_SecB","#56B4E9"
"kmhobddb-1",-5.58922953059983,-1.95210778279703,8126.7216796875,-7899.064453125,"Epi_SecA","#E69F00"
"kmhoddnk-1",-5.69944900920701,-2.30182349248331,8130.90771484375,-7913.7783203125,"Epi_SecA","#E69F00"
"kmhodmgb-1",-7.20188660075975,0.46663600639898,8132.6484375,-7902.15478515625,"Epi_SecA","#E69F00"
"kmhoeadm-1",-2.75879067828965,-3.39342033429545,8145.5244140625,-7928.31982421875,"Epi_SecB","#56B4E9"
"kmhofdld-1",-2.17007059505296,-3.60403835339945,8144.50830078125,-7943.29248046875,"Epi_SecB","#56B4E9"
"kmhofnpk-1",-2.0587317412169,-3.6236728386442,8154.09765625,-7937.392578125,"Epi_SecB","#56B4E9"
"kmhohejc-1",-7.69845909526658,0.100119773908441,8115.9638671875,-7929.5556640625,"Epi_SecA","#E69F00"
"kmhohepg-1",-3.18396229198289,-3.34777128262919,8136.212890625,-7930.40625,"Epi_SecB","#56B4E9"
"kmhokelj-1",-6.20348305156541,-1.35159480138224,8087.83740234375,-7930.263671875,"Epi_SecA","#E69F00"
"kmhomhll-1",-3.77090353420091,-3.15039860768717,8083.09326171875,-7964.39404296875,"Epi_SecB","#56B4E9"
"kmhonepj-1",-2.15976805141282,-3.38341414494913,8094.509765625,-7975.3154296875,"Epi_SecB","#56B4E9"
"kmhpebma-1",1.93646221706557,-2.79170882268351,8103.1015625,-7972.7841796875,"Mesenchymal","#F0E442"
"kmhphgec-1",-5.10675949504686,-2.04263829751414,8077.80029296875,-7975.00830078125,"Epi_SecA","#E69F00"
"kmhpilej-1",-2.16683573177171,1.08100295500356,8073.9384765625,-7980.43359375,"Epi_SecA","#E69F00"
"kmhppffm-1",-3.21853823116136,2.49831569628317,8067.5625,-7971.58740234375,"Epi_SecA","#E69F00"
"kmhppknp-1",-5.67126316478562,-2.45337974591654,8080.060546875,-7946.56494140625,"Epi_SecA","#E69F00"
"kmiaachk-1",-5.89709944179368,-2.81219780011576,8071.28564453125,-7891.72900390625,"Epi_SecA","#E69F00"
"kmiaejdf-1",1.37882685014892,1.2139519496401,8096.328125,-7895.41552734375,"Epi_SecB","#56B4E9"
"kmiafmaj-1",-5.13859600475145,-2.85541331334513,8082.841796875,-7891.13623046875,"Epi_SecA","#E69F00"
"kmiafnco-1",-5.43754476955247,-1.89346062703532,8102.7490234375,-7904.8203125,"Epi_SecA","#E69F00"
"kmiagneb-1",-6.84873003413987,-0.837844367460425,8106.64013671875,-7911.93896484375,"Epi_SecA","#E69F00"
"kmiamibl-1",-2.31010145595384,-2.95107733769816,8103.30859375,-7891.9638671875,"Epi_SecB","#56B4E9"
"kmiapaij-1",2.28961783001113,-2.85727083249491,8109.73828125,-7893.3408203125,"Macrophage","#CC79A7"
"kmibeedd-1",-3.9387788241179,-3.14091121716898,8108.7197265625,-7883.36669921875,"Epi_SecB","#56B4E9"
"kmicaodo-1",-5.06458563258958,-2.40850793881815,8072.89013671875,-7902.51513671875,"Epi_SecA","#E69F00"
"kmicfclh-1",-2.89619821956468,-1.9284539179365,8082.8857421875,-7917.0439453125,"Epi_SecA","#E69F00"
"kmicfjgj-1",-4.74754614284349,-3.15739690823954,8090.85546875,-7918.7265625,"Epi_SecB","#56B4E9"
"kmicglgf-1",-5.75504393031907,-2.59625160260599,8080.982421875,-7907.63134765625,"Epi_SecA","#E69F00"
"kmicioeh-1",-3.3025278513701,-3.33691656155985,8091.18017578125,-7904.94140625,"Epi_SecB","#56B4E9"
"kmicnhcc-1",4.3372552926271,-5.17465745969218,8080.12939453125,-8160.3046875,"Epi_SecB","#56B4E9"
"kmidalnf-1",-4.62491793086839,-2.98540246053141,8072.63623046875,-8167.02685546875,"Epi_SecA","#E69F00"
"kmidcapo-1",-6.03329796245408,-0.871461387113746,8086.62548828125,-8092.99072265625,"Epi_SecA","#E69F00"
"kmidcddk-1",-3.32091230800462,-3.0048094944517,8092.9130859375,-8115.56689453125,"Epi_SecB","#56B4E9"
"kmidcnhp-1",-5.5934624140532,-2.62590133710306,8078.86669921875,-8100.62744140625,"Epi_SecA","#E69F00"
"kmiddnch-1",-2.33035654475999,-2.95881712003153,8076.46533203125,-8131.9677734375,"Epi_SecB","#56B4E9"
"kmidgdgg-1",-2.94834322383714,-3.70572435422343,8086.62060546875,-8131.287109375,"Epi_SecB","#56B4E9"
"kmidhggm-1",-2.27530831744981,-3.5232409195463,8111.0888671875,-8141.4794921875,"Epi_SecB","#56B4E9"
"kmidhgjg-1",-6.32890886714769,-2.15373217626017,8102.62451171875,-8098.77685546875,"Epi_SecA","#E69F00"
"kmidjilg-1",-4.59752363612962,-3.0192617134611,8100.86962890625,-8108.2001953125,"Epi_SecA","#E69F00"
"kmidkfoi-1",3.2597828442781,-1.12930881543558,8111.4296875,-8115.6416015625,"Epi_SecA","#E69F00"
"kmidklbk-1",-5.39600223949266,-2.02435874505442,8113.0810546875,-8106.974609375,"Epi_SecA","#E69F00"
"kmidpcgd-1",-4.47129005840135,-1.7841895775358,8101.3134765625,-8117.08837890625,"Epi_SecA","#E69F00"
"kmiebaie-1",-2.98717064311814,-3.54248106046122,8135.2197265625,-8120.8896484375,"Epi_SecB","#56B4E9"
"kmiebdlp-1",-3.26788134029222,-3.85043036504191,8156.38427734375,-8112.1279296875,"Epi_SecB","#56B4E9"
"kmiefhem-1",-4.38077587535691,-2.91615402264994,8135.404296875,-8106.623046875,"Epi_SecB","#56B4E9"
"kmiegioe-1",-2.64466590335679,-3.53608643575114,8180.46435546875,-8167.46533203125,"Epi_SecB","#56B4E9"
"kmiemded-1",0.725474451723574,-0.491205747560676,8163.7431640625,-8152.84423828125,"Epi_SecB","#56B4E9"
"kmiemhcf-1",-0.684345669058086,-2.20412885709208,8169.7314453125,-8158.69287109375,"Epi_SecB","#56B4E9"
"kmieneff-1",-1.90624207904649,-3.04705941243571,8181.861328125,-8157.34912109375,"Epi_SecB","#56B4E9"
"kmieneli-1",-4.06527418544603,-3.36880361600321,8158.04443359375,-8163.0107421875,"Epi_SecB","#56B4E9"
"kmifckhj-1",-2.52231163432908,-3.67503010793131,8131.13525390625,-8138.88720703125,"Epi_SecB","#56B4E9"
"kmifdaaj-1",1.78996830532241,-2.77495324178141,8142.0703125,-8168.98681640625,"Mesenchymal","#F0E442"
"kmifdcbm-1",0.459086292478322,-1.12498771710795,8138.53515625,-8161.70263671875,"Epi_SecB","#56B4E9"
"kmifikdg-1",-2.34241265704942,-3.33380353017252,8151.65478515625,-8156.8525390625,"Epi_SecB","#56B4E9"
"kmifodep-1",0.454315894338368,-0.956669862703498,8147.16650390625,-8148.91552734375,"Epi_SecB","#56B4E9"
"kmigapng-1",-2.29282564571214,-3.47293388410013,8111.462890625,-8009.22998046875,"Epi_SecB","#56B4E9"
"kmigbepb-1",-2.394663519171,-3.29593646092814,8118.009765625,-8018.091796875,"Epi_SecA","#E69F00"
"kmigdfdj-1",-1.98029131343675,-2.75195943875712,8119.3837890625,-7989.7236328125,"Epi_SecB","#56B4E9"
"kmigegnn-1",-4.44946474483323,-3.29008113904398,8113.07763671875,-7997.982421875,"Epi_SecA","#E69F00"
"kmiggije-1",4.61765747615981,-5.20306169553202,8132.2978515625,-7957.0751953125,"T cell","#1C91D4"
"kmiggnpj-1",-2.97298426082444,-3.94400059743326,8135.96875,-7965.85400390625,"Epi_SecB","#56B4E9"
"kmigicki-1",1.48130767891097,-3.16840660138529,8126.49658203125,-7964.29541015625,"Epi_SecB","#56B4E9"
"kmigiemh-1",4.33289866993117,-5.22790967984598,8125.2890625,-7957.1572265625,"Mesenchymal","#F0E442"
"kmigjcik-1",-2.4106718962462,-3.48197352452677,8122.60205078125,-7997.3544921875,"Epi_SecB","#56B4E9"
"kmigpndf-1",-3.76766485622239,-3.43234979672831,8134.091796875,-7995.76611328125,"Epi_SecB","#56B4E9"
"kmihccnp-1",-2.74352425983262,-3.46621763272684,8125.84228515625,-8007.1728515625,"Epi_SecA","#E69F00"
"kmihinhf-1",-2.40158028056932,-3.58955490155619,8130.98486328125,-7974.037109375,"Epi_SecB","#56B4E9"
"kmihnfhj-1",-0.965174502638103,-3.15906130834025,8112.04150390625,-7986.06494140625,"Epi_SecA","#E69F00"
"kmihomkn-1",-2.59709186008287,-3.58903324170512,8131.3203125,-7983.96533203125,"Epi_SecB","#56B4E9"
"kmiiaiab-1",-2.46180695941758,-3.4376970486204,8115.13037109375,-7978.74951171875,"Epi_SecB","#56B4E9"
"kmiidkhi-1",-3.0789532130034,0.00713779465753275,8189.048828125,-7990.82177734375,"Epi_SecA","#E69F00"
"kmiifbfi-1",-2.75567192485643,-3.64201914830607,8136.98974609375,-8015.39501953125,"Epi_SecB","#56B4E9"
"kmiiieim-1",-2.64857191493821,-1.8441090540449,8188.2529296875,-8005.44287109375,"Epi_SecB","#56B4E9"
"kmiikkkm-1",-0.650907344129802,-2.4385892109434,8144.2841796875,-7993.80712890625,"Epi_SecB","#56B4E9"
"kmiilfae-1",1.73334919759917,-2.73770916028422,8194.1513671875,-8114.06640625,"Mesenchymal","#F0E442"
"kmijhhpp-1",0.457447164746999,1.11300290064413,8184.60205078125,-8026.546875,"Epi_SecB","#56B4E9"
"kmijkgnl-1",0.763299761395036,0.168059174581353,8183.96142578125,-8031.826171875,"Epi_SecA","#E69F00"
"kmijolnb-1",3.80236988613295,-0.0197599859396772,8184.73486328125,-7982.1884765625,"Epi_SecB","#56B4E9"
"kmikaegi-1",-5.14829344203782,0.0728452398021861,8188.65966796875,-7978.3955078125,"Epi_SecA","#E69F00"
"kmikbiab-1",5.02381473133254,-5.35072290463846,8113.84521484375,-8045.169921875,"Mesenchymal","#F0E442"
"kmikcgpf-1",-2.51321834972215,-3.19251000447672,8128.27880859375,-8046.20166015625,"Epi_SecB","#56B4E9"
"kmikgnje-1",-4.02101559093309,-3.32184993787211,8125.63671875,-8036.95751953125,"Epi_SecB","#56B4E9"
"kmikhled-1",-5.71364445140672,-2.49720298810404,8123.671875,-8111.4580078125,"Epi_SecA","#E69F00"
"kmikjhkf-1",-2.39542979648423,-3.38773929639262,8123.0693359375,-8122.18701171875,"Epi_SecB","#56B4E9"
"kmikmphp-1",-2.65552300861192,-3.09175288243693,8115.2060546875,-8068.13623046875,"Epi_SecB","#56B4E9"
"kmiknkle-1",-2.69386476924729,-3.40549933476847,8118.30029296875,-8087.38671875,"Epi_SecB","#56B4E9"
"kmikpejb-1",-4.08042282512498,-3.15603601499003,8121.314453125,-8074.8515625,"Epi_SecA","#E69F00"
"kmilaked-1",-2.31344766071153,-2.80611407323283,8128.23046875,-8067.21337890625,"Epi_SecB","#56B4E9"
"kmilclfl-1",-0.336338347700359,-1.60605310960215,8126.947265625,-8089.3779296875,"Epi_SecB","#56B4E9"
"kmilgbff-1",-3.90263075282884,-3.14211308522623,8135.00634765625,-8096.931640625,"Epi_SecB","#56B4E9"
"kmilinlf-1",-2.22286147525621,-3.20295059247416,8137.78466796875,-8068.724609375,"Epi_SecB","#56B4E9"
"kmilldmi-1",-3.00007385661912,-3.41765677495402,8135.4990234375,-8079.119140625,"Epi_SecB","#56B4E9"
"kmilljpe-1",-2.67061037471604,-3.25456940694254,8127.9833984375,-8081.4052734375,"Epi_SecB","#56B4E9"
"kmiloodc-1",-2.30643505504441,-3.55866944356364,8134.85791015625,-8056.76416015625,"Epi_SecB","#56B4E9"
"kmimbbpi-1",-4.32405275752854,-2.88251125379008,8118.83251953125,-8058.35205078125,"Epi_SecB","#56B4E9"
"kmimciia-1",-7.23757118633104,-0.692327554659064,8079.306640625,-8080.330078125,"Epi_SecA","#E69F00"
"kmimecdk-1",-6.91197294643235,-1.7718764500181,8085.455078125,-8040.25390625,"Epi_SecA","#E69F00"
"kmimfdhf-1",-5.29484457423997,-1.25905978246134,8087.453125,-8071.07470703125,"Epi_SecB","#56B4E9"
"kmimhnhh-1",-8.0106052820952,1.8314862294634,8069.66796875,-8067.861328125,"Epi_SecA","#E69F00"
"kmimlchd-1",-7.0311712687285,-0.367546613649543,8082.97900390625,-8055.87451171875,"Epi_SecA","#E69F00"
"kmimledm-1",-6.66687769344163,-0.0380288840691404,8074.923828125,-8040.87841796875,"Epi_SecA","#E69F00"
"kmimmdlj-1",-3.16901893070054,-2.99729764027994,8094.43310546875,-8071.5927734375,"Epi_SecB","#56B4E9"
"kmimmpgc-1",-3.13116878917527,-3.38346755071085,8104.33203125,-8091.53515625,"Epi_SecB","#56B4E9"
"kmimogal-1",-4.01774496486497,-2.97885310216349,8102.70263671875,-8083.4228515625,"Epi_SecA","#E69F00"
"kmimpmol-1",-3.99245972087693,-3.33011352582377,8092.86181640625,-8083.5400390625,"Epi_SecA","#E69F00"
"kminfdoh-1",-2.65606588771653,-3.40240013165873,8106.3056640625,-8049.57421875,"Epi_SecA","#E69F00"
"kminfjhg-1",-4.27036041667771,-2.20327674909037,8094.6787109375,-8035.65869140625,"Epi_SecA","#E69F00"
"kminhaim-1",-2.89203829219651,-3.17174756093424,8103.23291015625,-8062.1201171875,"Epi_SecB","#56B4E9"
"kminjjjg-1",-3.56166166713548,-3.25604593320292,8096.3515625,-8050.7587890625,"Epi_SecA","#E69F00"
"kminmlap-1",-7.11113924434495,-1.79774128957194,8072.357421875,-8003.5830078125,"Epi_SecA","#E69F00"
"kminnlpn-1",-7.28839630534959,-1.50314449830454,8089.373046875,-7984.6728515625,"Epi_SecA","#E69F00"
"kmioabpk-1",-0.111359006670238,1.2491526647051,8095.65185546875,-7999.21337890625,"Epi_SecB","#56B4E9"
"kmioaclp-1",-5.83724207332444,-2.70129644437235,8084.8740234375,-7996.04296875,"Epi_SecA","#E69F00"
"kmiocojg-1",-7.50945896556687,-0.541626240448173,8073.42724609375,-7989.990234375,"Epi_SecA","#E69F00"
"kmiofeok-1",-5.27705521037889,-2.91749941869181,8070.619140625,-8013.896484375,"Epi_SecA","#E69F00"
"kmiohjkb-1",-5.74445671489549,-0.0306701169769124,8067.62060546875,-8030.16259765625,"Epi_SecA","#E69F00"
"kmioiajg-1",-4.93857521465135,-2.36078416867655,8071.4326171875,-8022.685546875,"Epi_SecA","#E69F00"
"kmiopbod-1",-5.51964897563768,-2.60854160352152,8084.95703125,-8027.46826171875,"Epi_SecA","#E69F00"
"kmioppfc-1",-3.89048284938645,-3.09722792668741,8082.91259765625,-8018.6015625,"Epi_SecA","#E69F00"
"kmipbgba-1",-7.59625477245164,-2.12421834035319,8086.80322265625,-8007.64111328125,"Epi_SecA","#E69F00"
"kmipdjmo-1",-3.68103975704026,-3.22618543668192,8103.1455078125,-8025.40283203125,"Epi_SecA","#E69F00"
"kmipenkp-1",-4.63100428035569,-2.54121434255045,8106.5458984375,-8016.3369140625,"Epi_SecA","#E69F00"
"kmipgkhk-1",-2.33435148647142,-2.97365104718607,8101.22216796875,-8007.416015625,"Epi_SecB","#56B4E9"
"kmipianf-1",-3.84827656200242,-3.3422847942869,8094.2578125,-8015.900390625,"Epi_SecB","#56B4E9"
"kmipnfjf-1",-1.81830782344651,-3.1714936451475,8104.30029296875,-7999.37158203125,"Epi_SecB","#56B4E9"
"kmipnnjh-1",2.27761428901839,-2.79754578633707,8103.03955078125,-7987.26513671875,"Macrophage","#CC79A7"
"kmipphej-1",-4.186247295645,-3.07622277303141,8070.2919921875,-8198.8681640625,"Epi_SecA","#E69F00"
"kmjacjne-1",-7.36520332744432,-0.0329061665992097,8069.85205078125,-8388.0625,"Epi_SecA","#E69F00"
"kmjadkpd-1",-7.28366989543748,-0.17700080885094,8077.26953125,-8354.3603515625,"Epi_SecA","#E69F00"
"kmjadneb-1",-4.91558498790574,-2.29856693311137,8093.7392578125,-8358.17578125,"Epi_SecA","#E69F00"
"kmjaenpo-1",-7.4941782419951,0.478069309755151,8087.04052734375,-8353.029296875,"Epi_SecA","#E69F00"
"kmjaiicn-1",-6.79763502528978,-0.998402114347632,8086.7041015625,-8315.94140625,"Epi_SecA","#E69F00"
"kmjamfek-1",-7.59028381755662,-0.972799952463325,8090.57421875,-8323.2236328125,"Epi_SecA","#E69F00"
"kmjaokcj-1",-0.0147555535109054,-2.77327000661295,8081.70068359375,-8473.4501953125,"Epi_SecA","#E69F00"
"kmjbaegb-1",-7.47515530040574,0.321992878480737,8100.58642578125,-8498.7822265625,"Epi_SecA","#E69F00"
"kmjbknel-1",-5.56769556453538,0.0280094860633059,8115.97265625,-8490.2314453125,"Epi_SecA","#E69F00"
"kmjbloho-1",-8.05376285960984,0.246427450939004,8110.845703125,-8421.333984375,"Epi_SecA","#E69F00"
"kmjbmpod-1",1.56861560890365,-2.58617245717448,8081.83984375,-8463.2734375,"Epi_SecA","#E69F00"
"kmjcalpf-1",-7.1894792979033,0.0149555920203372,8115.9853515625,-8458.685546875,"Epi_SecA","#E69F00"
"kmjcalpk-1",2.26794355461287,-2.49245035214823,8097.625,-8367.80078125,"Epi_SecB","#56B4E9"
"kmjccghp-1",-7.47459072521043,0.519028965993707,8077.7421875,-8394.73046875,"Epi_SecA","#E69F00"
"kmjcejij-1",0.297129505368947,3.01975310282308,8078.59521484375,-8431.1962890625,"Epi_SecA","#E69F00"
"kmjchahc-1",-7.95689052989793,-0.274306546286757,8089.73095703125,-8405.30859375,"Epi_SecA","#E69F00"
"kmjchken-1",-5.49973577907395,-2.26922452016276,8099.2353515625,-8327.3359375,"Epi_SecA","#E69F00"
"kmjcpglm-1",-7.2070631449492,-0.938101764158423,8100.22900390625,-8332.78125,"Epi_SecA","#E69F00"
"kmjcpkgo-1",-7.32172340801072,0.171184514327828,8098.0390625,-8343.5,"Epi_SecA","#E69F00"
"kmjdckml-1",-7.32739395549607,-1.19784462018412,8109.4482421875,-8405.5693359375,"Epi_SecA","#E69F00"
"kmjdihij-1",-7.58768696239305,-0.386437322334464,8111.61767578125,-8365.087890625,"Epi_SecA","#E69F00"
"kmjdjphh-1",-7.28009170940232,2.04999006228048,8106.68603515625,-8349.6884765625,"Epi_SecA","#E69F00"
"kmjdleni-1",-7.51232189586473,-0.815717454389747,8108.7314453125,-8333.236328125,"Epi_SecA","#E69F00"
"kmjdmopc-1",-4.19369835307908,-3.42317473454874,8078.66650390625,-8210.974609375,"Epi_SecB","#56B4E9"
"kmjdnhem-1",-5.82983679225755,-2.14726531072062,8087.12744140625,-8297.546875,"Epi_SecA","#E69F00"
"kmjeccgc-1",-7.45937389781785,-0.935394759611304,8093.0576171875,-8309.9306640625,"Epi_SecA","#E69F00"
"kmjeclee-1",-4.00389189174485,-3.80697595639628,8089.50830078125,-8268.2099609375,"Epi_SecB","#56B4E9"
"kmjednmk-1",-5.9121298258574,-0.668740566209968,8098.25732421875,-8276.3701171875,"Epi_SecA","#E69F00"
"kmjegnki-1",-5.82019276073289,-2.10307538075846,8107.69140625,-8268.3916015625,"Epi_SecA","#E69F00"
"kmjegokl-1",2.69251232692885,-1.86819183392924,8117.37158203125,-8276.7197265625,"Epi_SecB","#56B4E9"
"kmjehhjo-1",-7.29258865764451,-0.66635423465174,8109.892578125,-8278.982421875,"Epi_SecA","#E69F00"
"kmjejabd-1",-5.16719669750047,-2.57367121739786,8079.47265625,-8293.0322265625,"Epi_SecB","#56B4E9"
"kmjenedg-1",-2.06068677356553,-0.120308551327403,8081.14599609375,-8310.7734375,"Epi_SecA","#E69F00"
"kmjenocj-1",-4.04303688457322,-1.08526747985285,8079.3623046875,-8307.056640625,"Epi_SecB","#56B4E9"
"kmjepfel-1",-4.28951734950853,-3.6513246254484,8080.1865234375,-8278.5234375,"Epi_SecB","#56B4E9"
"kmjepfof-1",-4.79189819743943,-2.04423319859904,8105.11474609375,-8247.5087890625,"Epi_SecA","#E69F00"
"kmjfccjo-1",-3.96500534465623,-3.1982954697172,8098.89794921875,-8239.943359375,"Epi_SecA","#E69F00"
"kmjfkebk-1",-7.12127632549119,2.39072549776632,8150.34912109375,-8306.83984375,"Epi_SecA","#E69F00"
"kmjflaab-1",-4.5028862421782,2.44721472696859,8158.33837890625,-8299.3994140625,"Epi_SecA","#E69F00"
"kmjfmhif-1",-6.243056720999,0.205989961191003,8151.451171875,-8297.0810546875,"Epi_SecA","#E69F00"
"kmjfnkam-1",8.72994142124343,2.13443458513815,8193.3017578125,-8353.291015625,"Mesenchymal","#F0E442"
"kmjfpepn-1",9.52057986805129,1.17904830412466,8188.41064453125,-8350.4033203125,"Mesenchymal","#F0E442"
"kmjgaafa-1",7.14666848728347,2.90741908983785,8183.92822265625,-8338.865234375,"Mesenchymal","#F0E442"
"kmjgfmim-1",6.70327239582229,3.33003724054891,8183.26806640625,-8334.7705078125,"Mesenchymal","#F0E442"
"kmjgmeic-1",8.59971910068679,1.03824770884115,8185.64794921875,-8304.248046875,"Mesenchymal","#F0E442"
"kmjgmhoo-1",10.095283084604,-0.513845618204291,8190.1162109375,-8307.7744140625,"Mesenchymal","#F0E442"
"kmjgokop-1",8.72884946415114,1.01261890368063,8188.1796875,-8297.111328125,"Mesenchymal","#F0E442"
"kmjgpicn-1",10.7429194981782,-1.06504177613657,8185.20458984375,-8320.2392578125,"Mesenchymal","#F0E442"
"kmjgpkfn-1",9.52295260975051,0.481578175588433,8177.8603515625,-8333.7080078125,"Mesenchymal","#F0E442"
"kmjhbbpc-1",8.6575518185823,0.615222518010919,8182.22314453125,-8328.298828125,"Mesenchymal","#F0E442"
"kmjhfnol-1",9.98842292377639,-0.361082996563132,8172.33837890625,-8347.5302734375,"Mesenchymal","#F0E442"
"kmjhkcbg-1",-7.40394920757127,0.655643646283929,8163.29248046875,-8333.6982421875,"Epi_SecA","#E69F00"
"kmjhkfma-1",-3.55457443645311,3.37278330759603,8160.16064453125,-8379.5341796875,"Epi_SecA","#E69F00"
"kmjhkjof-1",9.90924983570266,0.651138369603936,8173.34716796875,-8370.3056640625,"Mesenchymal","#F0E442"
"kmjhknib-1",7.2114143902986,3.43618524508077,8169.779296875,-8381.505859375,"Mesenchymal","#F0E442"
"kmjhmfbp-1",6.9470739896028,2.22442067102987,8175.06884765625,-8389.8115234375,"Mesenchymal","#F0E442"
"kmjhoecm-1",6.88357501575637,2.90876234011251,8180.00927734375,-8392.0859375,"Mesenchymal","#F0E442"
"kmjhpjbm-1",6.76786189624953,2.7026358886202,8187.95556640625,-8402.9296875,"Mesenchymal","#F0E442"
"kmjiaefn-1",7.4622974927156,2.35854089693624,8193.1044921875,-8394.9150390625,"Mesenchymal","#F0E442"
"kmjicohg-1",9.02085261890578,1.64459264711935,8179.0556640625,-8369.365234375,"Mesenchymal","#F0E442"
"kmjicokl-1",6.92600303241896,2.72283447222311,8181.2734375,-8380.65625,"Mesenchymal","#F0E442"
"kmjidnlh-1",8.18679719516921,2.76125061945516,8189.32861328125,-8373.1025390625,"Mesenchymal","#F0E442"
"kmjiffho-1",8.04901462146926,3.12709916071493,8185.8720703125,-8382.2939453125,"Mesenchymal","#F0E442"
"kmjifhkl-1",10.4514995152681,-0.0837819160382108,8161.5830078125,-8405.728515625,"Mesenchymal","#F0E442"
"kmjiinpj-1",9.18453364917922,1.42201722101766,8168.64892578125,-8397.779296875,"Mesenchymal","#F0E442"
"kmjikpam-1",5.78144603321242,-1.50634371800822,8161.64794921875,-8390.64453125,"Mesenchymal","#F0E442"
"kmjilfma-1",-7.86029190471482,1.29143834547598,8129.60791015625,-8373.962890625,"Epi_SecA","#E69F00"
"kmjilmgj-1",-7.25826019695115,0.777461235090081,8128.51611328125,-8398.6435546875,"Epi_SecA","#E69F00"
"kmjimcec-1",-7.25641674449754,0.0817912413318797,8117.6572265625,-8393.4677734375,"Epi_SecA","#E69F00"
"kmjimnpi-1",-7.96912903240037,0.614980225129907,8124.69140625,-8382.57421875,"Epi_SecA","#E69F00"
"kmjinohj-1",-7.12031692912889,-0.506047363714393,8148.302734375,-8388.6103515625,"Epi_SecA","#E69F00"
"kmjiolbn-1",8.05275207111525,-1.87959646745127,8156.2265625,-8396.8974609375,"Mesenchymal","#F0E442"
"kmjjdfcj-1",-7.48617119243455,0.495453660054986,8147.82861328125,-8376.189453125,"Epi_SecA","#E69F00"
"kmjjdhfn-1",-6.51808781078172,-0.345355685190375,8139.587890625,-8385.5380859375,"Epi_SecA","#E69F00"
"kmjjkaca-1",-7.73627991130662,2.13972413973409,8142.09228515625,-8332.9736328125,"Epi_SecA","#E69F00"
"kmjjkicm-1",-6.7484073107512,2.30411732630331,8150.0966796875,-8329.484375,"Epi_SecA","#E69F00"
"kmjjlhmd-1",-6.86546844890428,0.209942166372125,8151.48046875,-8322.30078125,"Epi_SecA","#E69F00"
"kmjjlmdd-1",-7.08736795833421,0.381824765964334,8141.28515625,-8318.328125,"Epi_SecA","#E69F00"
"kmjjnbfe-1",-7.76381058147264,1.43170571760732,8157.57568359375,-8342.412109375,"Epi_SecA","#E69F00"
"kmjjpenb-1",-7.05841822078538,2.09243810610372,8136.8046875,-8340.4775390625,"Epi_SecA","#E69F00"
"kmjkecpd-1",-7.20964426448655,1.77132869200308,8137.2060546875,-8363.2431640625,"Epi_SecA","#E69F00"
"kmjkjgbp-1",-7.0537485544951,-0.0586287522177057,8120.517578125,-8327.56640625,"Epi_SecA","#E69F00"
"kmjkllbe-1",-7.51632923534227,-0.562350298599418,8126.25439453125,-8365.958984375,"Epi_SecA","#E69F00"
"kmjkplam-1",-1.87611836841416,-3.68859397931498,8139.3837890625,-8189.4072265625,"Epi_SecB","#56B4E9"
"kmjlghfe-1",-4.48325819423509,-2.98032390637797,8166.0986328125,-8182.60595703125,"Epi_SecA","#E69F00"
"kmjlkael-1",-2.92474669864488,-2.88237940831583,8193.640625,-8190.421875,"Epi_SecB","#56B4E9"
"kmjllncg-1",-2.24664349010301,-3.51769840283793,8182.2646484375,-8179.00830078125,"Epi_SecB","#56B4E9"
"kmjlohcl-1",-8.22346825054002,0.102382530136888,8140.40478515625,-8218.2255859375,"Epi_SecA","#E69F00"
"kmjlpjdf-1",-6.83666796138597,1.92001760439474,8153.20166015625,-8217.732421875,"Epi_SecA","#E69F00"
"kmjmclil-1",0.0140730673997391,-3.00365817113322,8149.0712890625,-8191.455078125,"Epi_SecB","#56B4E9"
"kmjmdfjp-1",-3.70777220180345,-3.28452264829081,8160.8427734375,-8196.119140625,"Epi_SecB","#56B4E9"
"kmjmdpao-1",2.02348499843764,-2.86373602910441,8156.28955078125,-8204.37109375,"Mesenchymal","#F0E442"
"kmjmfhme-1",-5.45057529857469,-2.23467146916788,8119.8798828125,-8204.271484375,"Epi_SecA","#E69F00"
"kmjmgiae-1",-3.25362820079637,-3.64767014546793,8128.2197265625,-8189.8505859375,"Epi_SecB","#56B4E9"
"kmjmhcmm-1",-6.71457666805101,1.71413505510885,8148.44287109375,-8276.6904296875,"Epi_SecA","#E69F00"
"kmjmjnfm-1",-7.60107941081834,1.22582340674001,8149.86669921875,-8261.833984375,"Epi_SecA","#E69F00"
"kmjmmhlm-1",-7.61493343761277,0.62449163631994,8155.55908203125,-8252.478515625,"Epi_SecA","#E69F00"
"kmjmpemm-1",11.3762298161714,-1.41333853764933,8190.97021484375,-8285.1416015625,"Mesenchymal","#F0E442"
"kmjnflbi-1",-7.92812580516648,1.09714425043661,8155.89306640625,-8282.1806640625,"Epi_SecA","#E69F00"
"kmjngdjc-1",-7.83491844585252,2.2501269622286,8192.822265625,-8252.0712890625,"Epi_SecA","#E69F00"
"kmjnjkfh-1",-6.88052935054612,-1.12586366696757,8163.8349609375,-8225.88671875,"Epi_SecA","#E69F00"
"kmjnkbga-1",-6.05905813625169,0.262698863311593,8158.86474609375,-8223.583984375,"Epi_SecA","#E69F00"
"kmjnkfhe-1",2.08193164417434,2.37551010088522,8144.33349609375,-8246.875,"Epi_SecB","#56B4E9"
"kmjnnecm-1",6.4026051099031,3.48310006098348,8143.85595703125,-8243.22265625,"Mesenchymal","#F0E442"
"kmjnoigo-1",3.6510170037477,-1.32281851334971,8124.2470703125,-8277.9462890625,"Mesenchymal","#F0E442"
"kmjnphdp-1",1.96131330082106,-2.14168083234232,8121.27392578125,-8267.7646484375,"Epi_SecB","#56B4E9"
"kmjoaimc-1",-5.170453495291,-2.51355087323588,8135.5029296875,-8263.05078125,"Epi_SecA","#E69F00"
"kmjoapjk-1",-6.05270380428147,-0.101548942127343,8122.826171875,-8261.1025390625,"Epi_SecA","#E69F00"
"kmjobgkk-1",-7.61102051189256,1.26373422579366,8149.58447265625,-8229.5107421875,"Epi_SecA","#E69F00"
"kmjocnnn-1",-3.92179483821702,1.84963047937948,8131.578125,-8226.083984375,"Epi_SecA","#E69F00"
"kmjodjdj-1",8.64044671604323,0.950538401170556,7980.19873046875,-7982.82568359375,"Mesenchymal","#F0E442"
"kmjoeoei-1",9.20299106189895,-1.84867822690409,7972.3369140625,-7951.40673828125,"Mesenchymal","#F0E442"
"kmjofegk-1",-7.25762218883348,3.08870828585226,7981.13330078125,-7952.74609375,"Epi_SecA","#E69F00"
"kmjoohma-1",7.86266856739211,-2.83956753774088,7976.81689453125,-7945.8798828125,"Mesenchymal","#F0E442"
"kmjooljb-1",-7.64996284892869,2.90340483622152,7986.84033203125,-7939.20751953125,"Epi_SecA","#E69F00"
"kmjoondh-1",-4.52624363353562,3.20262754396993,8045.8994140625,-7982.06787109375,"Epi_SecA","#E69F00"
"kmjopbdm-1",-6.10920566966844,3.2898534579714,8029.14990234375,-7982.5361328125,"Epi_SecA","#E69F00"
"kmjpbkjl-1",-6.15078539302659,3.36795723871786,8037.6416015625,-7982.0673828125,"Epi_SecA","#E69F00"
"kmjpckcb-1",-7.41479534557176,2.28631985621053,8032.97412109375,-7970.43505859375,"Epi_SecA","#E69F00"
"kmjpijcb-1",-8.63544315746141,1.84940743879873,7999.9462890625,-7936.84521484375,"Epi_SecA","#E69F00"
"kmjpkfcl-1",-8.58769936015916,1.36622858481008,8060.66552734375,-7931.8447265625,"Epi_SecA","#E69F00"
"kmjpknpn-1",-7.39004845073533,2.3597403808077,8047.509765625,-7935.93408203125,"Epi_SecA","#E69F00"
"kmjplncp-1",-5.92803329875779,2.81155622438986,8066.89306640625,-7961.6181640625,"Epi_SecA","#E69F00"
"kmjpmbal-1",-8.32067722728562,0.873662476106469,8031.23828125,-7959.01611328125,"Epi_SecA","#E69F00"
"kmjpodin-1",-7.05964464595628,-0.463699306682761,8052.390625,-7954.76416015625,"Epi_SecA","#E69F00"
"kmjpopda-1",-7.48940987041307,0.209746543927972,8044.697265625,-7946.16552734375,"Epi_SecA","#E69F00"
"kmkadeaf-1",-8.39347977092576,1.941829804941,8034.7216796875,-7949.0849609375,"Epi_SecA","#E69F00"
"kmkadgod-1",-6.35407394817186,3.32807410196859,8035.9990234375,-7939.576171875,"Epi_SecA","#E69F00"
"kmkaedjn-1",-8.16014332225633,-0.624028261140998,7992.0654296875,-8088.92041015625,"Epi_SecA","#E69F00"
"kmkaiegj-1",-7.45072502544236,1.57606876329977,7998.8017578125,-8097.67724609375,"Epi_SecA","#E69F00"
"kmkaiobo-1",-8.2441896860869,2.6232811255892,8045.77978515625,-8099.56640625,"Epi_SecA","#E69F00"
"kmkakepg-1",-4.84460348537278,2.73517334894735,8060.30126953125,-8172.064453125,"Epi_SecA","#E69F00"
"kmkakifd-1",-7.51986736705613,-0.0529268303374605,8032.82958984375,-8187.56689453125,"Epi_SecA","#E69F00"
"kmkakmnd-1",-7.19407839229417,-0.0624640466133909,8067.337890625,-8185.064453125,"Epi_SecA","#E69F00"
"kmkampmk-1",-6.6759352152617,1.15334821180898,8057.23095703125,-8197.3125,"Epi_SecA","#E69F00"
"kmkbanci-1",-6.67333502223802,2.61700571016866,8025.34423828125,-8178.634765625,"Epi_SecA","#E69F00"
"kmkbbonj-1",0.66332438686776,-0.20253310664099,7992.13330078125,-8135.93212890625,"Epi_SecB","#56B4E9"
"kmkbebhe-1",1.13907497474837,1.74092197851736,7997.837890625,-8133.41943359375,"Epi_SecA","#E69F00"
"kmkbelkn-1",-1.45417732646775,3.5517958445986,7978.20556640625,-8184.310546875,"Epi_SecA","#E69F00"
"kmkbfgma-1",9.69482951709914,-1.44869505925577,7989.9169921875,-8195.021484375,"Mesenchymal","#F0E442"
"kmkbgdkb-1",-4.23158115794969,2.7855376048525,7993.337890625,-8176.3935546875,"Epi_SecA","#E69F00"
"kmkboplc-1",-8.47493404796434,1.51930606798727,7992.224609375,-8183.6640625,"Epi_SecA","#E69F00"
"kmkcddai-1",-6.02281279018235,1.27311444716055,7986.04638671875,-8180.35791015625,"Epi_SecA","#E69F00"
"kmkchdfm-1",-9.05364937236619,1.99514520601827,8000.20361328125,-8171.296875,"Epi_SecA","#E69F00"
"kmkckfbb-1",-5.68244118144822,1.22413289980489,8010.09912109375,-8122.7470703125,"Epi_SecA","#E69F00"
"kmkckoko-1",-8.05631966045213,1.61639583544332,8019.09521484375,-8121.01318359375,"Epi_SecA","#E69F00"
"kmkcocao-1",-5.66250271251512,-3.2525254444639,8012.54931640625,-8143.576171875,"Epi_SecA","#E69F00"
"kmkdagnh-1",-7.38780826976609,1.38773656324941,8027.16455078125,-8165.14599609375,"Epi_SecA","#E69F00"
"kmkdepii-1",-8.73782295635057,1.46712387041647,8012.357421875,-8159.76025390625,"Epi_SecA","#E69F00"
"kmkdgfok-1",-3.74731153896165,-3.03520571751993,8023.189453125,-8148.04638671875,"Epi_SecB","#56B4E9"
"kmkdjiii-1",-3.6664866869719,-2.49229299588602,8039.064453125,-8146.2431640625,"Epi_SecB","#56B4E9"
"kmkdlkia-1",-0.509111112859965,0.543758754297082,8034.40869140625,-8139.9453125,"Epi_SecA","#E69F00"
"kmkdllhf-1",10.3783650929658,4.18703782991964,8030.18505859375,-8021.9638671875,"Pericyte_SM","#0072B2"
"kmkdmdgp-1",6.94797664234328,-3.82845413251322,8041.95654296875,-8027.494140625,"T cell","#1C91D4"
"kmkeapjg-1",10.7129350239961,6.06565988497335,8042.58544921875,-8015.2138671875,"Endothelial","#D55E00"
"kmkeccap-1",9.91772132465529,6.16969335512716,8037.28662109375,-8022.49853515625,"Endothelial","#D55E00"
"kmkehlol-1",8.85600143024611,5.22325504259664,8046.57177734375,-8023.64990234375,"Endothelial","#D55E00"
"kmkemjog-1",10.3320584828584,4.41494691805441,8044.67431640625,-8033.18896484375,"Mesenchymal","#F0E442"
"kmkenhnd-1",10.5023818547456,-2.02722012563151,8054.10888671875,-8031.43115234375,"Mesenchymal","#F0E442"
"kmkenigk-1",10.7240653569429,-1.44713842435282,8054.24267578125,-8021.982421875,"Mesenchymal","#F0E442"
"kmkephfk-1",-2.2934193079741,2.85993636087972,8049.5615234375,-7986.1005859375,"Epi_SecA","#E69F00"
"kmkeppjk-1",-5.62796348979783,0.366153006120507,8054.19287109375,-7988.02783203125,"Epi_SecA","#E69F00"
"kmkfbcjf-1",-8.09551281383348,2.27876198725301,8056.38330078125,-7971.0595703125,"Epi_SecA","#E69F00"
"kmkfbekc-1",6.96381335804152,-3.18797862096232,8041.40185546875,-8005.517578125,"Mesenchymal","#F0E442"
"kmkfboik-1",9.73940425464797,-0.647671993211921,8037.1650390625,-7992.36865234375,"Mesenchymal","#F0E442"
"kmkfedgi-1",8.99842601368117,5.27637994722921,8028.5068359375,-8031.00537109375,"Endothelial","#D55E00"
"kmkfjemi-1",10.3692851597993,6.11288106875021,8038.20263671875,-8035.73828125,"Endothelial","#D55E00"
"kmkfpihm-1",8.81344371387648,5.32330024675924,8032.71875,-8037.1669921875,"Endothelial","#D55E00"
"kmkfpoil-1",9.99729209491896,6.05567777590353,8034.21337890625,-8029.943359375,"Endothelial","#D55E00"
"kmkgafgm-1",9.00421004841018,1.19600213007528,8015.9599609375,-8007.443359375,"Mesenchymal","#F0E442"
"kmkgcclf-1",9.28367000171828,3.56519687609274,8006.8681640625,-8026.0986328125,"Endothelial","#D55E00"
"kmkgeimf-1",10.2408147389619,0.524693910642449,8009.56591796875,-8019.6201171875,"Mesenchymal","#F0E442"
"kmkghjcg-1",7.95696836063552,2.13674605326254,8019.091796875,-8017.13232421875,"Mesenchymal","#F0E442"
"kmkgkgpo-1",7.66445737430739,1.99976671175558,7969.580078125,-8031.16943359375,"Mesenchymal","#F0E442"
"kmkglpcc-1",8.23382955143142,1.05801701979238,7988.724609375,-8040.615234375,"Mesenchymal","#F0E442"
"kmkgokci-1",9.3540940816133,0.498651866479699,7997.79638671875,-8037.39599609375,"Mesenchymal","#F0E442"
"kmkhcefi-1",8.90398269245314,0.498728696866815,7978.50341796875,-8030.66650390625,"Mesenchymal","#F0E442"
"kmkhepfb-1",9.56796508381057,3.23586285547811,7993.58203125,-8010.19873046875,"Endothelial","#D55E00"
"kmkhfago-1",8.3119798238008,0.647647444768731,8000.18212890625,-8024.599609375,"Mesenchymal","#F0E442"
"kmkhoeoi-1",9.43874507496047,0.286326442523782,7998.25439453125,-8017.1396484375,"Mesenchymal","#F0E442"
"kmkibjmm-1",8.10411553928542,4.4596327586611,8021.4267578125,-8031.11962890625,"Endothelial","#D55E00"
"kmkiddoh-1",9.7428994710176,6.20019853548605,8017.748046875,-8026.88720703125,"Endothelial","#D55E00"
"kmkiepen-1",7.09618621418166,3.99051511721212,8018.40283203125,-8040.40234375,"Mesenchymal","#F0E442"
"kmkiklni-1",9.41821151325393,-0.256525735692199,8027.25244140625,-8039.6455078125,"Mesenchymal","#F0E442"
"kmkilfmg-1",10.0672088200777,3.196064595743,8020.1875,-8035.578125,"Mesenchymal","#F0E442"
"kmkjdeha-1",9.48950343677688,5.71371877626974,8011.18212890625,-8032.2734375,"Endothelial","#D55E00"
"kmkjdlpm-1",9.97930961200881,1.13002360300619,7983.30810546875,-8012.42236328125,"Mesenchymal","#F0E442"
"kmkjefli-1",7.52167897770095,0.511074726148431,7982.17919921875,-8024.81689453125,"Mesenchymal","#F0E442"
"kmkjfdfo-1",7.18498378345656,2.6651819987734,7980.455078125,-8019.59912109375,"Mesenchymal","#F0E442"
"kmkjhckb-1",-8.87123913219285,2.11553299860555,8012.408203125,-8067.287109375,"Epi_SecA","#E69F00"
"kmkjhkoj-1",-8.31465000560594,2.27142894701559,8011.27001953125,-8075.82470703125,"Epi_SecA","#E69F00"
"kmkjhnfm-1",-9.18352455547166,1.89331078962881,7979.779296875,-8083.671875,"Epi_SecA","#E69F00"
"kmkjjfdd-1",-3.79164356639695,-4.03173291249674,7988.8046875,-8126.31494140625,"Epi_SecB","#56B4E9"
"kmkkbihb-1",-0.634716100004436,3.41021049456197,7992.60009765625,-8078.140625,"Epi_SecA","#E69F00"
"kmkknndd-1",-8.03766292980027,2.17296803431112,7986.7529296875,-8077.4306640625,"Epi_SecA","#E69F00"
"kmkkojeg-1",-8.40105766704393,2.52408111528951,8039.59814453125,-8054.2265625,"Epi_SecA","#E69F00"
"kmklakfh-1",-7.18112320354295,2.51141989664633,8033.3251953125,-8078.9296875,"Epi_SecA","#E69F00"
"kmklfjhg-1",4.96403508732009,0.876653973623101,8050.62353515625,-7999.0263671875,"Mesenchymal","#F0E442"
"kmklgpkg-1",-7.768447345999,0.339422975345437,8059.8544921875,-7998.931640625,"Epi_SecA","#E69F00"
"kmklhibg-1",-2.87837857654405,-3.03790938420695,8050.87890625,-8144.5849609375,"Epi_SecB","#56B4E9"
"kmkliapc-1",-7.90879387309861,1.40309775309164,8068.67578125,-8080.87158203125,"Epi_SecA","#E69F00"
"kmklopnd-1",-7.50671524455857,-0.373105819658454,8065.1904296875,-7983.23828125,"Epi_SecA","#E69F00"
"kmkmapel-1",-7.22989410808396,2.26130092577535,8068.42041015625,-8058.72900390625,"Epi_SecA","#E69F00"
"kmkmbffn-1",-8.50497955730271,0.36813000278074,8062.794921875,-8044.36474609375,"Epi_SecA","#E69F00"
"kmkmfdoi-1",-2.38869876315904,-3.56902467770975,8105.65234375,-8071.92626953125,"Epi_SecB","#56B4E9"
"kmkmjfao-1",-5.93977541377854,-0.385566260055716,8080.13818359375,-8067.47412109375,"Epi_SecA","#E69F00"
"kmkmjfhe-1",-0.235304064062358,2.76957881884176,8058.4443359375,-8007.80810546875,"Epi_SecA","#E69F00"
"kmkmjgbh-1",-8.46241325786424,2.42329061464864,8048.18798828125,-8049.70751953125,"Epi_SecA","#E69F00"
"kmkmncka-1",-9.06001038005662,2.11987126307089,8048.5673828125,-8067.45166015625,"Epi_SecA","#E69F00"
"kmkmookn-1",7.033066325876,-0.840415831045325,8050.95263671875,-8009.470703125,"Mesenchymal","#F0E442"
"kmknacld-1",10.5926805073946,-1.65546762509745,8003.32568359375,-7987.5732421875,"Mesenchymal","#F0E442"
"kmkncfeo-1",9.41456657001662,1.80096841291982,8011.12158203125,-7990.150390625,"Mesenchymal","#F0E442"
"kmkncipb-1",7.82698159763503,1.31753409342367,8006.36767578125,-8006.0166015625,"Mesenchymal","#F0E442"
"kmknfddi-1",7.1148419911592,2.1962038321932,7999.8916015625,-7999.2529296875,"Mesenchymal","#F0E442"
"kmkngnmj-1",10.0719190175264,0.446114067598168,8011.6826171875,-7999.49560546875,"Mesenchymal","#F0E442"
"kmkngpbd-1",10.3895307118623,0.866717342897241,8001.53271484375,-7993.1904296875,"Mesenchymal","#F0E442"
"kmknjhea-1",9.41856055805373,0.366105143590753,8025.06201171875,-7989.16162109375,"Mesenchymal","#F0E442"
"kmknplef-1",8.14030080387282,0.998167399926965,8024.63623046875,-7999.591796875,"Mesenchymal","#F0E442"
"kmkobblb-1",9.92251926014113,3.81285870508749,8031.6376953125,-8002.5009765625,"Endothelial","#D55E00"
"kmkoebmh-1",7.51418405124831,2.635339860483,8018.02685546875,-7997.32568359375,"Mesenchymal","#F0E442"
"kmkogchp-1",10.5496841008394,0.928445820375268,8018.2236328125,-7990.55712890625,"Mesenchymal","#F0E442"
"kmkohfbg-1",8.92526870319533,1.44527662233907,7989.49365234375,-7993.9296875,"Mesenchymal","#F0E442"
"kmkopjbc-1",8.46797376224685,1.50406814055044,7979.70703125,-7998.5732421875,"Mesenchymal","#F0E442"
"kmkpaclf-1",6.77236657688308,2.46970546679098,7979.625,-7990.5390625,"Mesenchymal","#F0E442"
"kmkpccel-1",10.1195073659151,-0.245975802973922,7989.27978515625,-7984.0517578125,"Mesenchymal","#F0E442"
"kmkpcomm-1",11.4515452916353,-0.068213872001584,7611.7060546875,-7882.6337890625,"Mesenchymal","#F0E442"
"kmkpddnh-1",9.54286246845412,1.01361442045767,7603.88427734375,-7898.6552734375,"Mesenchymal","#F0E442"
"kmkpdmmb-1",11.226482921335,0.318410728736703,7608.0654296875,-7891.986328125,"Mesenchymal","#F0E442"
"kmkpefph-1",10.3184543187349,0.392322634025399,7606.1064453125,-7869.259765625,"Mesenchymal","#F0E442"
"kmkpfmag-1",10.2903914983003,2.19284022287924,7584.42138671875,-7877.36865234375,"Mesenchymal","#F0E442"
"kmkpgndd-1",7.30286269733596,2.51835167841512,7593.798828125,-7886.68310546875,"Mesenchymal","#F0E442"
"kmkphdfb-1",11.0888495976655,0.766301934285943,7601.4306640625,-7875.421875,"Mesenchymal","#F0E442"
"kmkpimnf-1",10.277939372751,1.21634495691854,7593.787109375,-7895.35986328125,"Mesenchymal","#F0E442"
"kmkpkbac-1",-5.26458925655198,2.85066640810568,7450.9990234375,-7881.126953125,"Epi_SecA","#E69F00"
"kmkpknjp-1",-5.54889292171312,1.84245062307913,7457.15087890625,-7883.96044921875,"Epi_SecA","#E69F00"
"kmkpkoac-1",-2.74032706668687,0.556455735727136,7454.0869140625,-7890.181640625,"Epi_SecA","#E69F00"
"kmkpmaci-1",-4.29826015880418,-0.803703840212043,7464.43896484375,-7889.03466796875,"Epi_SecA","#E69F00"
"kmkpmeho-1",-3.68050856044603,-1.51014923615855,7465.6630859375,-7877.00244140625,"Epi_SecA","#E69F00"
"kmkpnljb-1",-5.43305057933641,0.114950124784295,7507.02587890625,-7948.47412109375,"Epi_SecA","#E69F00"
"kmlaeobd-1",10.4249234730928,6.19576585726339,7606.49853515625,-7919.04345703125,"Endothelial","#D55E00"
"kmlamkic-1",5.71679883548903,-4.93675910993021,7601.83154296875,-7930.8271484375,"T cell","#1C91D4"
"kmlapgbe-1",10.8123956258028,0.72839981751043,7612.41259765625,-7913.48095703125,"Mesenchymal","#F0E442"
"kmlbaobk-1",9.77350574085402,5.7361310763796,7608.56201171875,-7915.41357421875,"Endothelial","#D55E00"
"kmlbclfk-1",10.5525861317842,0.0669398500164195,7599.6318359375,-7915.0830078125,"Mesenchymal","#F0E442"
"kmlbcmof-1",8.06617885181594,3.89717066721517,7603.34326171875,-7910.64892578125,"Mesenchymal","#F0E442"
"kmlbeiei-1",-7.05530208995652,2.47167265848715,7522.19287109375,-7947.466796875,"Epi_SecA","#E69F00"
"kmlbgphg-1",9.32848601886916,1.81543291048605,7606.1748046875,-7943.7373046875,"Mesenchymal","#F0E442"
"kmlbhane-1",11.0028539235322,-1.05850767655772,7610.650390625,-7940.98095703125,"Mesenchymal","#F0E442"
"kmlbhgfg-1",-4.42478269985032,0.118460689349954,7517.6591796875,-7940.37255859375,"Epi_SecA","#E69F00"
"kmlbkcld-1",-5.70888227870774,2.52879202799398,7511.2080078125,-7867.654296875,"Epi_SecA","#E69F00"
"kmlbkdda-1",-3.9244269793303,-4.29660713239115,7533.16015625,-7911.60498046875,"Epi_SecA","#E69F00"
"kmlbnpcd-1",-5.05303902080369,-0.802246029810126,7524.82373046875,-7920.9609375,"Epi_SecA","#E69F00"
"kmlcblfh-1",-2.73016876628709,1.22422278360922,7516.25146484375,-7923.23388671875,"Epi_SecA","#E69F00"
"kmlcfbek-1",-2.57218760898423,1.60079467730123,7493.72314453125,-7898.10791015625,"Epi_SecA","#E69F00"
"kmlcgaek-1",-4.93750757625413,1.13603580431539,7537.9521484375,-7979.48583984375,"Epi_SecA","#E69F00"
"kmlchdpo-1",-7.91498131206346,1.98549712137777,7538.638671875,-7969.99609375,"Epi_SecA","#E69F00"
"kmlcjeoo-1",-4.1168384020598,1.74313390688497,7524.40283203125,-7991.03759765625,"Epi_SecA","#E69F00"
"kmlclafl-1",-3.87834972789598,1.75029731230337,7539.623046875,-7989.63916015625,"Epi_SecA","#E69F00"
"kmlcllgo-1",-3.0298158591063,-0.466340537504371,7516.04296875,-7988.611328125,"Epi_SecB","#56B4E9"
"kmlcmdlo-1",-4.04277319362474,-0.383356477455314,7644.2509765625,-7984.892578125,"Epi_SecA","#E69F00"
"kmlcmecp-1",-0.513401693609477,1.48461127714712,7643.22998046875,-7975.74365234375,"Epi_SecA","#E69F00"
"kmldacfo-1",-3.69556755473924,0.773873691125695,7632.37255859375,-7991.55322265625,"Epi_SecA","#E69F00"
"kmldbbie-1",-3.83176226070237,1.78434586958486,7639.67138671875,-7996.08544921875,"Epi_SecA","#E69F00"
"kmldbbmb-1",-3.96694940975022,0.254321549697701,7647.931640625,-8038.056640625,"Epi_SecA","#E69F00"
"kmldeafo-1",0.659795911106347,2.44904005961019,7646.8427734375,-7968.55615234375,"Epi_SecA","#E69F00"
"kmldhcnf-1",0.357193433734654,2.23409021334249,7656.96875,-7976.654296875,"Epi_SecA","#E69F00"
"kmldhmmf-1",10.5407214696138,1.03895235495168,7660.06884765625,-7963.59228515625,"Mesenchymal","#F0E442"
"kmldipae-1",10.9773536259859,-0.0278875709931211,7607.27099609375,-8049.1572265625,"Mesenchymal","#F0E442"
"kmldmnge-1",-3.74412531307054,1.30609202818472,7621.87060546875,-8047.41259765625,"Epi_SecA","#E69F00"
"kmldpbig-1",-5.301801151541,2.67070329622823,7632.76708984375,-8046.65576171875,"Epi_SecA","#E69F00"
"kmldpnac-1",-5.07000059535813,3.0703538699587,7624.99072265625,-8037.798828125,"Epi_SecA","#E69F00"
"kmleaego-1",10.0096478993623,1.36463034586508,7613.67578125,-8044.92822265625,"Mesenchymal","#F0E442"
"kmlebiln-1",9.12518268177199,1.27602029280264,7619.0458984375,-8034.494140625,"Mesenchymal","#F0E442"
"kmlecmkp-1",9.12309794971633,1.09446669058401,7611.2861328125,-8037.4501953125,"Mesenchymal","#F0E442"
"kmlecopi-1",10.6620736653535,0.717445020242517,7615.4755859375,-8032.86865234375,"Mesenchymal","#F0E442"
"kmleeibp-1",9.25705009052443,1.91324246363241,7614.861328125,-8025.78076171875,"Mesenchymal","#F0E442"
"kmlejnmn-1",11.0109801823823,0.778146926923577,7620.6484375,-8022.60400390625,"Mesenchymal","#F0E442"
"kmlekedc-1",-5.96909136226487,2.33943951563436,7592.61376953125,-7952.48876953125,"Epi_SecA","#E69F00"
"kmlelbgm-1",-6.07174963405442,2.60866439776022,7587.7900390625,-7953.73681640625,"Epi_SecA","#E69F00"
"kmlfacda-1",9.05581527301955,2.07178771929342,7621.806640625,-8015.22900390625,"Mesenchymal","#F0E442"
"kmlfcfjh-1",8.90405517170119,0.973352794214074,7617.92578125,-8013.25048828125,"Mesenchymal","#F0E442"
"kmlfdccm-1",9.69488101551223,0.996913198991601,7622.28662109375,-8006.341796875,"Mesenchymal","#F0E442"
"kmlfgola-1",8.62945466587233,3.01807177500326,7621.0087890625,-7995.38720703125,"Mesenchymal","#F0E442"
"kmlfiaak-1",10.6798043782442,1.31272137598592,7623.748046875,-7980.70166015625,"Mesenchymal","#F0E442"
"kmlfioid-1",-6.05414242198777,2.18305814699728,7595.94482421875,-7967.7783203125,"Epi_SecA","#E69F00"
"kmlflhao-1",11.1721463734834,-0.699563677744086,7612.5087890625,-7963.60693359375,"Mesenchymal","#F0E442"
"kmlfljkb-1",-5.62792200496507,2.51773298220236,7595.95654296875,-7977.412109375,"Epi_SecA","#E69F00"
"kmlgcohi-1",-4.0786303942473,1.76480424837667,7545.15576171875,-8003.0107421875,"Epi_SecA","#E69F00"
"kmlgmiml-1",-3.48937220027757,0.230404440923516,7549.5166015625,-8010.36474609375,"Epi_SecA","#E69F00"
"kmlgonjn-1",-6.44934029033494,1.46409047083456,7577.68359375,-7978.5576171875,"Epi_SecA","#E69F00"
"kmlhddnk-1",-6.72391409328294,0.978275184198205,7583.0361328125,-8001.12255859375,"Epi_SecA","#E69F00"
"kmlhdfeg-1",-6.55475229671312,1.30717015699941,7571.54296875,-8045.86962890625,"Epi_SecA","#E69F00"
"kmlhdlco-1",-3.65802425792527,1.25937140421468,7559.16455078125,-8050.8779296875,"Epi_SecA","#E69F00"
"kmlhffkh-1",-4.53708261897874,0.712988678975884,7562.1611328125,-8032.2314453125,"Epi_SecA","#E69F00"
"kmlhhpea-1",-4.05247826030564,0.876826409860436,7549.09033203125,-7985.8330078125,"Epi_SecA","#E69F00"
"kmlhkdfj-1",-4.03766436031175,2.9199005408724,7560.41650390625,-7987.10888671875,"Epi_SecA","#E69F00"
"kmlhkldp-1",-5.26245779445481,0.76923233704168,7559.01220703125,-7974.623046875,"Epi_SecA","#E69F00"
"kmlhndig-1",10.2087407643526,5.11124790148336,7407.89111328125,-7960.0673828125,"Endothelial","#D55E00"
"kmlhnndn-1",-4.6161002581389,1.9691542430361,7422.94140625,-7968.52099609375,"Epi_SecA","#E69F00"
"kmlhoadk-1",-5.31826490810228,1.92435992197592,7425.02978515625,-7958.09765625,"Epi_SecA","#E69F00"
"kmlhojeg-1",-4.24224085262132,1.63512373404104,7431.09375,-8047.90478515625,"Epi_SecA","#E69F00"
"kmlholkk-1",10.3301168019502,0.0842739983041926,7404.3759765625,-7988.0322265625,"Mesenchymal","#F0E442"
"kmlhpemk-1",-2.81101698329759,0.880492095514123,7410.91796875,-7990.90234375,"Epi_SecA","#E69F00"
"kmlhpmlm-1",-4.09613031795335,1.39258659319479,7417.2080078125,-7975.31591796875,"Epi_SecA","#E69F00"
"kmliambp-1",9.76475673267531,-0.236342142657454,7403.04052734375,-7981.14990234375,"Mesenchymal","#F0E442"
"kmliciid-1",-4.32390112331224,2.08908284144003,7363.0830078125,-8036.064453125,"Epi_SecA","#E69F00"
"kmlifjda-1",-2.14143628528428,3.15595090822775,7371.36474609375,-8038.84619140625,"Epi_SecA","#E69F00"
"kmlinjae-1",1.20272898027587,2.9391032500704,7367.814453125,-8040.14013671875,"Epi_SecA","#E69F00"
"kmlinnln-1",-4.65507502010179,2.9934781833132,7364.2265625,-8042.169921875,"Epi_SecA","#E69F00"
"kmliobel-1",-6.1890983050139,2.00344026522238,7356.16845703125,-8042.48876953125,"Epi_SecA","#E69F00"
"kmljkbid-1",-6.23327154567552,1.50479209856588,7371.73046875,-8031.5166015625,"Epi_SecA","#E69F00"
"kmljkmjn-1",-6.13247866084886,2.51844108538229,7387.16748046875,-7983.96728515625,"Epi_SecA","#E69F00"
"kmljnolg-1",9.98012595722365,4.31525838808614,7397.41162109375,-7996.66552734375,"Mesenchymal","#F0E442"
"kmlkbake-1",-6.69490427425218,1.95005214647848,7382.189453125,-7992.9345703125,"Epi_SecA","#E69F00"
"kmlkbgki-1",9.13556056568313,4.26218641237814,7373.29931640625,-8046.791015625,"Mesenchymal","#F0E442"
"kmlkgjei-1",8.32603984424758,-1.09586035771769,7380.15283203125,-8049.01806640625,"Mesenchymal","#F0E442"
"kmlkmbdg-1",5.70296102115798,-0.859043713049109,7379.53173828125,-8056.33935546875,"Macrophage","#CC79A7"
"kmlkoglg-1",10.5148177678316,-1.50787269635599,7386.07373046875,-8033.77099609375,"Mesenchymal","#F0E442"
"kmllbgac-1",6.06885676929641,-3.9602526382963,7385.64501953125,-8051.0849609375,"Mesenchymal","#F0E442"
"kmlleigp-1",5.75295835086989,-1.10188138051432,7385.99658203125,-8043.57080078125,"Mesenchymal","#F0E442"
"kmllgeen-1",-5.41485685756517,0.189427797361199,7380.0810546875,-8021.68701171875,"Epi_SecA","#E69F00"
"kmllhkfc-1",9.76032310077834,4.8748234553774,7392.255859375,-8014.986328125,"Endothelial","#D55E00"
"kmllhkgn-1",-1.73276347568345,2.72204316095907,7389.9384765625,-8004.81201171875,"Epi_SecA","#E69F00"
"kmllmomh-1",-4.37873835017991,0.712817792459313,7463.267578125,-7955,"Epi_SecA","#E69F00"
"kmllnjbb-1",-4.47286409786058,1.07132089571554,7479.33935546875,-8008.25048828125,"Epi_SecA","#E69F00"
"kmllpmfb-1",-3.65097422054124,1.14452898935873,7480.140625,-7999.18017578125,"Epi_SecA","#E69F00"
"kmlmdpfg-1",-4.88726944377732,0.0588702304800196,7446.3447265625,-7999.75927734375,"Epi_SecA","#E69F00"
"kmlmhjio-1",-4.1056546633513,1.4192023320635,7441.59521484375,-8010.51904296875,"Epi_SecA","#E69F00"
"kmlmmedd-1",-4.33162445476365,0.221029762788598,7459.6806640625,-8002.50439453125,"Epi_SecA","#E69F00"
"kmlmomei-1",-4.01751083782029,1.05636525587637,7455.2109375,-7992.22802734375,"Epi_SecA","#E69F00"
"kmlnamdb-1",-3.25647921016526,2.61441004709799,7444.3076171875,-7992.79345703125,"Epi_SecA","#E69F00"
"kmlncolf-1",-1.90361351421189,2.79757607416708,7469.71728515625,-7962.07958984375,"Epi_SecA","#E69F00"
"kmlnglpd-1",-4.14372391155076,0.061113108559434,7470.0283203125,-7992.357421875,"Epi_SecA","#E69F00"
"kmlnjjjk-1",-3.83502001216722,-1.02523326440256,7477.61767578125,-7983.32568359375,"Epi_SecA","#E69F00"
"kmloamml-1",-4.09130186488938,0.518094722791497,7503.9580078125,-7936.33642578125,"Epi_SecA","#E69F00"
"kmloicok-1",-5.72710985591722,0.920261745019738,7492.72021484375,-7949.013671875,"Epi_SecA","#E69F00"
"kmloiepe-1",-4.09456057002854,0.252097938819711,7499.9912109375,-7964.7109375,"Epi_SecA","#E69F00"
"kmloifkb-1",-3.32140774181199,0.130545113845651,7507.6767578125,-7964.08251953125,"Epi_SecA","#E69F00"
"kmlompng-1",-3.04398817470384,-2.47758543057841,7507.05908203125,-7977.1025390625,"Epi_SecA","#E69F00"
"kmloojkl-1",-3.18395823886705,-1.51096951527994,7500.91796875,-7990.9365234375,"Epi_SecA","#E69F00"
"kmlpenid-1",-4.37545818736863,0.532386128469293,7462.65576171875,-8013.15771484375,"Epi_SecA","#E69F00"
"kmlpghkp-1",-3.5894283716948,1.84103751616079,7463.17626953125,-8031.42529296875,"Epi_SecA","#E69F00"
"kmlpglci-1",-4.339980549124,0.822788779302423,7474.51318359375,-8015.20947265625,"Epi_SecA","#E69F00"
"kmlpgnak-1",-4.59953159740281,1.31357408003408,7471.32666015625,-8024.45361328125,"Epi_SecA","#E69F00"
"kmlphead-1",-6.05690855434251,2.16459072069723,7481.27587890625,-8028.05517578125,"Epi_SecA","#E69F00"
"kmlphjek-1",-4.40005392482591,1.75165331797201,7377.28564453125,-7882.53564453125,"Epi_SecA","#E69F00"
"kmlpidoi-1",-4.39673609187913,1.05707836584646,7365.12646484375,-7882.52001953125,"Epi_SecA","#E69F00"
"kmlpnghi-1",-3.28101105144334,1.12141383127767,7351.3603515625,-7918.76611328125,"Epi_SecA","#E69F00"
"kmlpnjbn-1",-5.21206755092454,1.41275179819662,7404.24169921875,-7920.806640625,"Epi_SecA","#E69F00"
"kmmbammf-1",-3.47952455928636,-1.39486109776896,7355.33056640625,-7928.5205078125,"Epi_SecA","#E69F00"
"kmmbemkb-1",-3.4077991907866,-1.66258549256724,7385.5771484375,-7928.88427734375,"Epi_SecA","#E69F00"
"kmmbjmbk-1",-5.4287166064055,0.452159766717736,7394.7705078125,-7926.693359375,"Epi_SecA","#E69F00"
"kmmbjokl-1",5.34307103702712,-1.21907162232798,7396.0361328125,-7978.97119140625,"Macrophage","#CC79A7"
"kmmblhhp-1",11.0433011586397,-1.18914317651194,7395.71826171875,-7971.26806640625,"Mesenchymal","#F0E442"
"kmmbmdai-1",9.53738837787795,-0.327130462364371,7401.0166015625,-7958.03662109375,"Mesenchymal","#F0E442"
"kmmbmiom-1",6.12409358570266,-1.4851059870283,7400.84716796875,-7948.80078125,"Mesenchymal","#F0E442"
"kmmbpfnm-1",-2.01363105228257,0.890675310655419,7393.23291015625,-7942.34033203125,"Epi_SecA","#E69F00"
"kmmccebd-1",-2.87960190227342,2.54304469065267,7435.94287109375,-7913.1240234375,"Epi_SecA","#E69F00"
"kmmccjac-1",5.33411508152175,1.46130145029623,7417.74609375,-7926.3798828125,"Endothelial","#D55E00"
"kmmcclaf-1",10.9775224263399,5.71756780581075,7413.162109375,-7923.5634765625,"Mesenchymal","#F0E442"
"kmmcclja-1",10.2357936436861,5.73082101778585,7427.6787109375,-7924.97021484375,"Endothelial","#D55E00"
"kmmcemom-1",4.76416998455214,2.34885657267172,7424.38818359375,-7935.19775390625,"Mesenchymal","#F0E442"
"kmmcgppo-1",10.5738034779756,4.78248441652853,7406.59228515625,-7940.91748046875,"Mesenchymal","#F0E442"
"kmmciipd-1",9.50269370624709,4.97436368898946,7416.900390625,-7947.818359375,"Endothelial","#D55E00"
"kmmcjfke-1",10.5185428197114,6.06484735445577,7415.9912109375,-7931.58740234375,"Endothelial","#D55E00"
"kmmcjpcd-1",-4.24186987331224,1.99116170839864,7495.5419921875,-8063.93701171875,"Epi_SecA","#E69F00"
"kmmcnlch-1",-5.16864008357835,0.242635194822137,7491.35986328125,-8076.85400390625,"Epi_SecA","#E69F00"
"kmmcnpmf-1",-3.85028690746141,2.38991201357443,7501.62109375,-8059.48291015625,"Epi_SecA","#E69F00"
"kmmcoglo-1",-2.89742083003831,1.25743163065511,7505.884765625,-8064.8515625,"Epi_SecA","#E69F00"
"kmmdcdda-1",-5.07502932002854,1.21976364092428,7491.212890625,-8094.6630859375,"Epi_SecA","#E69F00"
"kmmddcfc-1",-6.35681194713426,0.460421983762567,7498.7216796875,-8086.0927734375,"Epi_SecA","#E69F00"
"kmmdijbg-1",-3.35790295055223,2.26347244219381,7476.826171875,-8089.10888671875,"Epi_SecA","#E69F00"
"kmmdklco-1",-3.03543896129441,0.607109431787316,7480.16943359375,-8095.791015625,"Epi_SecA","#E69F00"
"kmmdonaf-1",-3.05418795993638,0.708026651902978,7483.958984375,-8091.0068359375,"Epi_SecA","#E69F00"
"kmmdpefa-1",-6.85559887340379,1.6533685965975,7543.04638671875,-8093.04052734375,"Epi_SecA","#E69F00"
"kmmdpfol-1",-5.45727056911302,2.39547694162924,7557.68798828125,-8090.01953125,"Epi_SecA","#E69F00"
"kmmedggo-1",-6.70307297160936,2.34206450419027,7545.80810546875,-8103.65869140625,"Epi_SecA","#E69F00"
"kmmemepj-1",-4.01663393428636,0.488328103586022,7550.97607421875,-8053.37939453125,"Epi_SecA","#E69F00"
"kmmemkcn-1",-5.67361301830125,1.24144089655477,7555.95068359375,-8063.7275390625,"Epi_SecA","#E69F00"
"kmmemmeb-1",-6.51855320384812,2.5450340552767,7513.95947265625,-8112.41845703125,"Epi_SecA","#E69F00"
"kmmfafon-1",-6.13805336406541,0.128445525332276,7517.70654296875,-8116.84423828125,"Epi_SecA","#E69F00"
"kmmfbeao-1",-3.93205780437303,2.16582477526266,7538.89501953125,-8106.96337890625,"Epi_SecA","#E69F00"
"kmmfdjkj-1",10.2955642277925,-0.556000764803107,7535.94677734375,-8141.6279296875,"Mesenchymal","#F0E442"
"kmmgabdn-1",4.88965898105788,3.08654892878134,7544.29052734375,-8134.068359375,"Mesenchymal","#F0E442"
"kmmghlpo-1",11.6367822224824,-0.29689970179003,7531.0830078125,-8136.87353515625,"Mesenchymal","#F0E442"
"kmmgigci-1",10.9375958974092,2.14499652819235,7540.99267578125,-8149.2998046875,"Mesenchymal","#F0E442"
"kmmglahn-1",7.46585708210158,0.559637789293115,7542.96240234375,-8141.673828125,"Mesenchymal","#F0E442"
"kmmgniin-1",9.90356593677688,1.55649614767629,7570.48779296875,-8133.029296875,"Mesenchymal","#F0E442"
"kmmgpmie-1",11.1825891072481,-0.104340021819885,7578.658203125,-8134.53076171875,"Mesenchymal","#F0E442"
"kmmgppmi-1",11.3617463643281,0.307558183236901,7579.9658203125,-8124.357421875,"Mesenchymal","#F0E442"
"kmmhahjp-1",10.8649869496553,6.02759826616842,7577.42919921875,-8116.7724609375,"Endothelial","#D55E00"
"kmmhajjg-1",8.08643537113356,3.42706072763998,7549.759765625,-8132.0615234375,"Mesenchymal","#F0E442"
"kmmheihl-1",10.8247867161958,-0.8377197341482,7552.86865234375,-8136.78564453125,"Mesenchymal","#F0E442"
"kmmhekdf-1",10.8245788151948,0.986509565873925,7561.38037109375,-8133.46435546875,"Mesenchymal","#F0E442"
"kmmhhima-1",2.33279007026839,-2.27920543713969,7603.0517578125,-8245.97265625,"Epi_SecA","#E69F00"
"kmmhniio-1",4.29504638263869,-5.14505922360819,7604.3681640625,-8204.013671875,"Epi_SecA","#E69F00"
"kmmhofnp-1",-3.1118847792418,-0.701963360742743,7609.09228515625,-8210.3564453125,"Epi_SecA","#E69F00"
"kmmhoghf-1",-0.888987845686198,-0.737074251608069,7609.33642578125,-8191.8701171875,"Epi_SecA","#E69F00"
"kmmicmgo-1",10.1652999455659,-0.27188239558142,7570.31689453125,-8144.0517578125,"Mesenchymal","#F0E442"
"kmmilfim-1",10.557555728647,0.988834862275903,7569.8876953125,-8150.64453125,"Mesenchymal","#F0E442"
"kmmilhge-1",6.6796932751863,3.06807768778402,7566.86767578125,-8154.197265625,"Epi_Cil","#009E73"
"kmmipccl-1",-1.79026693752122,-2.5568684296171,7578.71142578125,-8213.3115234375,"Epi_SecB","#56B4E9"
"kmmjbcgj-1",0.73441073769617,-2.8457564072172,7564.845703125,-8251.55078125,"Epi_SecB","#56B4E9"
"kmmjeaek-1",0.0827929908959855,-1.69097566171091,7582.189453125,-8232.798828125,"Epi_SecB","#56B4E9"
"kmmjggob-1",-2.68633598735643,-1.05730157657069,7586.94189453125,-8157.783203125,"Epi_SecA","#E69F00"
"kmmjjipc-1",-4.1707615320952,-0.796823258833106,7575.6767578125,-8161.43603515625,"Epi_SecA","#E69F00"
"kmmjkdnh-1",-4.95846123149705,-0.0225449831644849,7589.94580078125,-8169.56005859375,"Epi_SecA","#E69F00"
"kmmkadmf-1",-1.39455933025193,0.946696285768334,7591.06201171875,-8150.046875,"Epi_SecA","#E69F00"
"kmmkajdj-1",0.551883810254811,1.66049850420553,7585.9345703125,-8143.79443359375,"Epi_SecB","#56B4E9"
"kmmkajkp-1",-2.49084252765489,0.332262401147668,7581.3984375,-8150.75244140625,"Epi_SecA","#E69F00"
"kmmkblbd-1",10.7513557011812,4.89909446672994,7552.1513671875,-8152.5244140625,"Mesenchymal","#F0E442"
"kmmkfjpo-1",5.7427249486177,-0.753982658819373,7545.201171875,-8171.69873046875,"Macrophage","#CC79A7"
"kmmkjgmk-1",9.85150104114699,-0.378676261142905,7539.07958984375,-8171.4619140625,"Mesenchymal","#F0E442"
"kmmkldcl-1",7.67280440876174,-0.925580556825812,7548.3232421875,-8164.8828125,"Mesenchymal","#F0E442"
"kmmkpneo-1",10.1411252553194,5.53981435732443,7542.99658203125,-8159.32373046875,"Endothelial","#D55E00"
"kmmkpoom-1",-2.99809450557542,-0.610594625906165,7542.9423828125,-8222.830078125,"Epi_SecA","#E69F00"
"kmmlaibn-1",-2.35774845531297,-0.591485406593497,7538.013671875,-8250.916015625,"Epi_SecB","#56B4E9"
"kmmlbhec-1",-2.67898435046983,-1.15328537984293,7544.2041015625,-8244.1923828125,"Epi_SecA","#E69F00"
"kmmlcgko-1",-1.94682783534837,-1.39960300488871,7548.31640625,-8230.7939453125,"Epi_SecA","#E69F00"
"kmmlfiof-1",-3.05350298335862,-1.92566310925883,7534.669921875,-8233.4228515625,"Epi_SecA","#E69F00"
"kmmlgdla-1",4.38401632854628,0.225278024240319,7556.65234375,-8247.3671875,"Epi_SecA","#E69F00"
"kmmljake-1",-0.337600774076701,-1.67203175588053,7557.59521484375,-8235.3154296875,"Epi_SecB","#56B4E9"
"kmmlkhid-1",-3.21813458850694,-0.544095303253348,7560.337890625,-8199.994140625,"Epi_SecA","#E69F00"
"kmmlpcap-1",-2.85961288860154,-1.07866113944453,7550.3740234375,-8197.9560546875,"Epi_SecA","#E69F00"
"kmmlpjbd-1",4.86447816440749,-5.29496967358988,7541.96044921875,-8199.607421875,"Mesenchymal","#F0E442"
"kmmmdcge-1",4.55526309559035,-1.48874890370768,7536.67529296875,-8212.947265625,"Mesenchymal","#F0E442"
"kmmmfbhj-1",11.8153272206514,0.747589175267999,7554.32958984375,-8170.33056640625,"Mesenchymal","#F0E442"
"kmmmfbin-1",6.67001824924636,-3.05602299733561,7556.99267578125,-8162.828125,"Mesenchymal","#F0E442"
"kmmmfhcn-1",10.2094703252046,0.523500268026177,7562.4736328125,-8158.4794921875,"Mesenchymal","#F0E442"
"kmmmgdad-1",2.19645720073867,-1.3826181845228,7562.3115234375,-8168.93701171875,"Epi_SecA","#E69F00"
"kmmmimce-1",-3.05107707431626,-1.13565432591837,7561.3544921875,-8177.9814453125,"Epi_SecA","#E69F00"
"kmmmmjok-1",-1.17730802944017,1.94975960688192,7547.3916015625,-8190.77685546875,"Epi_SecA","#E69F00"
"kmmnpgbd-1",-2.49839753558946,-0.358347471193488,7556.578125,-8189.3251953125,"Epi_SecA","#E69F00"
"kmmobinm-1",9.10678916523146,0.648879651590173,7546.11669921875,-8180.388671875,"Mesenchymal","#F0E442"
"kmmoeeoe-1",-2.30162805965257,0.31173888282377,7554.17041015625,-8181.60400390625,"Epi_SecA","#E69F00"
"kmmohghm-1",-5.15243143489671,0.609071914716546,7486.57373046875,-8107.61376953125,"Epi_SecA","#E69F00"
"kmmoldmp-1",6.38647418567824,-4.6447430805723,7498.37060546875,-8124.9326171875,"Mesenchymal","#F0E442"
"kmmonjph-1",-4.1093601649077,1.25488865809042,7488.17578125,-8118.2041015625,"Epi_SecA","#E69F00"
"kmmpcech-1",-5.39851755550218,0.351602469249551,7493.68896484375,-8199.736328125,"Epi_SecA","#E69F00"
"kmmpfhfk-1",0.707661406192063,1.05778253511984,7480.62255859375,-8199.509765625,"Epi_SecA","#E69F00"
"kmmpflgd-1",-4.01776451518846,0.456815425916497,7482.46044921875,-8207.107421875,"Epi_SecA","#E69F00"
"kmmpkkni-1",-1.90680283954454,1.25484681562978,7491.30908203125,-8162.52880859375,"Epi_SecA","#E69F00"
"kmmplbcn-1",-2.29868597438645,1.83720684485037,7487.88525390625,-8133.95654296875,"Epi_SecA","#E69F00"
"kmmplhni-1",-5.71892780711961,2.6657546802004,7507.23828125,-8112.7265625,"Epi_SecA","#E69F00"
"kmmpllkf-1",-5.06399244716478,0.536756221814935,7526.12841796875,-8118.060546875,"Epi_SecA","#E69F00"
"kmmpnjfc-1",11.0249124104707,-0.879787083105262,7507.56689453125,-8154.3291015625,"Mesenchymal","#F0E442"
"kmnaaepk-1",9.23778110096145,1.12503827051717,7533.66748046875,-8183.30615234375,"Mesenchymal","#F0E442"
"kmnaamdh-1",8.78920322010207,1.80243087248403,7525.55908203125,-8170.8095703125,"Mesenchymal","#F0E442"
"kmnabfjh-1",9.44917731830764,1.31155968145925,7519.6123046875,-8158.89599609375,"Mesenchymal","#F0E442"
"kmnadbhf-1",11.3444886738985,-0.260126586393531,7524.84423828125,-8148.40673828125,"Mesenchymal","#F0E442"
"kmnagagd-1",10.0773435170381,-0.063363836468275,7521.0791015625,-8142.10302734375,"Mesenchymal","#F0E442"
"kmnagjmb-1",8.49324946949172,-0.435864503816779,7512.8056640625,-8141.2197265625,"Mesenchymal","#F0E442"
"kmnahhdl-1",10.8506255681245,-0.957124050096686,7504.849609375,-8140.7978515625,"Mesenchymal","#F0E442"
"kmnamcfl-1",6.01441150257277,-0.218855391577895,7525.9921875,-8130.40478515625,"Mesenchymal","#F0E442"
"kmnapbbo-1",10.0923839146821,-0.364736791090186,7517.59619140625,-8135.73193359375,"Mesenchymal","#F0E442"
"kmnbcmhk-1",6.78464227268386,-0.623312170938666,7516.6689453125,-8127.32568359375,"Mesenchymal","#F0E442"
"kmnbeope-1",9.01598029682326,-1.6268923239271,7511.0185546875,-8128.994140625,"Mesenchymal","#F0E442"
"kmnbifkf-1",7.63390689441848,-1.32394206090372,7507.70263671875,-8133.8916015625,"Mesenchymal","#F0E442"
"kmnboalk-1",0.621217318865537,-2.68834030194681,7516.48388671875,-8190.294921875,"Epi_SecA","#E69F00"
"kmncanmn-1",3.56928520748305,-2.45771801038187,7525.5576171875,-8190.3935546875,"Mesenchymal","#F0E442"
"kmncbedk-1",10.0243878895967,0.467714492841546,7532.1962890625,-8167.8525390625,"Mesenchymal","#F0E442"
"kmncbhjk-1",-2.52676290920091,-0.65806155963343,7511.18701171875,-8240.2177734375,"Epi_SecA","#E69F00"
"kmncdklj-1",1.69907199690032,2.18541729883749,7530.15771484375,-8252.69921875,"Epi_SecA","#E69F00"
"kmncdnmd-1",-2.16420335223985,-0.943588788942512,7507.60107421875,-8245.03515625,"Epi_SecA","#E69F00"
"kmnciflp-1",-3.25339931896043,-1.23475837273997,7515.64453125,-8251.1630859375,"Epi_SecA","#E69F00"
"kmnclfmm-1",0.526947789880513,1.09435344175894,7522.572265625,-8215.9384765625,"Epi_SecA","#E69F00"
"kmnclplc-1",-3.15291518619371,-1.38057279153269,7514.1005859375,-8233.59375,"Epi_SecA","#E69F00"
"kmncnole-1",-1.86577839305711,1.53570282892782,7511.6220703125,-8226.052734375,"Epi_SecA","#E69F00"
"kmndccfe-1",-3.17226333072496,-0.443749483064826,7514.5830078125,-8198.1494140625,"Epi_SecA","#E69F00"
"kmndfcjo-1",0.680977002772569,1.73834610418874,7511.5791015625,-8206.4287109375,"Epi_SecA","#E69F00"
"kmndicnp-1",9.93047481128859,0.326262359185998,7355.9423828125,-8124.755859375,"Mesenchymal","#F0E442"
"kmndieid-1",7.308541351053,1.52622628645498,7351.6220703125,-8133.849609375,"Mesenchymal","#F0E442"
"kmndkaid-1",7.7565918500154,-0.307065378264602,7365.623046875,-8132.669921875,"Mesenchymal","#F0E442"
"kmndmhad-1",-6.61847729137254,-0.222282822565253,7394.54052734375,-8164.68603515625,"Epi_SecA","#E69F00"
"kmndnigd-1",-5.50262207439256,0.640305881067102,7381.89013671875,-8178.931640625,"Epi_SecA","#E69F00"
"kmnecpka-1",5.15500550815749,-1.38991462750834,7379.771484375,-8140.71240234375,"Mesenchymal","#F0E442"
"kmneeijm-1",-5.50461906841111,1.18595350222189,7400.73193359375,-8151.6337890625,"Epi_SecA","#E69F00"
"kmneeohj-1",-5.42136330058885,-4.29328643842142,7373.1357421875,-8150.92822265625,"Epi_SecA","#E69F00"
"kmnefbhi-1",10.0088649327486,6.05264080004293,7374.486328125,-8128.79833984375,"Endothelial","#D55E00"
"kmnefknj-1",10.0474715764253,-0.9485835389654,7387.22509765625,-8128.7509765625,"Mesenchymal","#F0E442"
"kmneldem-1",-6.47537846019578,-3.66172158284586,7367.37255859375,-8163.10888671875,"Epi_SecA","#E69F00"
"kmnfailo-1",-5.6217679446013,1.52587068514425,7377.86572265625,-8192.08984375,"Epi_SecA","#E69F00"
"kmnfbeof-1",-5.68306631496263,-3.11570250554484,7376.0419921875,-8161.29833984375,"Epi_SecA","#E69F00"
"kmnfdakd-1",-3.98144192149949,1.48004007773,7415.98291015625,-8060.37841796875,"Epi_SecA","#E69F00"
"kmnfipdm-1",-4.7195987170012,0.215505365892236,7443.92822265625,-8064.75634765625,"Epi_SecA","#E69F00"
"kmnfjidm-1",-3.61236614635301,1.03411376909811,7456.5546875,-8109.244140625,"Epi_SecA","#E69F00"
"kmnfklon-1",-3.99910683086229,1.58229005770284,7420.0634765625,-8123.08154296875,"Epi_SecA","#E69F00"
"kmnflbbe-1",-5.76535744121385,0.375589226051156,7435.0654296875,-8120.4228515625,"Epi_SecA","#E69F00"
"kmnfoodh-1",-3.96104902675462,0.771759633584802,7448.74267578125,-8115.51708984375,"Epi_SecA","#E69F00"
"kmngckgn-1",-6.59427160671067,0.82162309126455,7412.92138671875,-8112.6416015625,"Epi_SecA","#E69F00"
"kmngfcgj-1",-5.6890720789702,2.06905401186544,7437.4130859375,-8086.3583984375,"Epi_SecA","#E69F00"
"kmngfhah-1",-4.62495989253831,0.355407957597558,7445.27783203125,-8101.06201171875,"Epi_SecA","#E69F00"
"kmngilpn-1",-4.47599024226976,-0.383811558918174,7471.5166015625,-8085.54296875,"Epi_SecA","#E69F00"
"kmnglhlb-1",-5.37143272807908,0.146249447627847,7460.357421875,-8083.75927734375,"Epi_SecA","#E69F00"
"kmnhbamn-1",-4.51987499645066,-1.38189470334452,7414.248046875,-8205.0654296875,"Epi_SecA","#E69F00"
"kmnhcnoe-1",-5.64018244197679,-0.755777831510718,7422.80126953125,-8198.0234375,"Epi_SecA","#E69F00"
"kmnheamn-1",-3.90505308559251,2.16746795610983,7427.8115234375,-8201.2734375,"Epi_SecA","#E69F00"
"kmnheipe-1",-6.08370155742479,-2.56364833875101,7420.35009765625,-8211.25390625,"Epi_SecA","#E69F00"
"kmnhgdnl-1",-3.72116655757737,1.2825828834017,7459.5029296875,-8133.798828125,"Epi_SecA","#E69F00"
"kmnhjeje-1",-4.58833832195115,1.46301460699636,7470.63037109375,-8130.81640625,"Epi_SecA","#E69F00"
"kmnhkkjo-1",-4.79879707744432,1.36116159395773,7462.4873046875,-8128.01904296875,"Epi_SecA","#E69F00"
"kmnhmonc-1",-5.3860125010283,0.841657166047875,7462.0546875,-8216.3271484375,"Epi_SecA","#E69F00"
"kmnhojcl-1",-3.60889095714402,-0.249514784053977,7463.83544921875,-8163.82958984375,"Epi_SecA","#E69F00"
"kmniekif-1",-4.33084721019578,-0.564166928962882,7473.65283203125,-8188.21728515625,"Epi_SecA","#E69F00"
"kmnieohf-1",-4.64117044856858,0.6049933476885,7456.3154296875,-8181.72314453125,"Epi_SecA","#E69F00"
"kmnifaip-1",-4.03516477992845,-0.30671013458174,7464.8427734375,-8187.5888671875,"Epi_SecA","#E69F00"
"kmniglce-1",-3.80158752849412,1.80774212317068,7426.6171875,-8127.23291015625,"Epi_SecA","#E69F00"
"kmnigmhg-1",-5.31690496852708,-0.0663947550068454,7452.85107421875,-8124.75830078125,"Epi_SecA","#E69F00"
"kmniigka-1",-4.40491527965379,0.806019072099511,7439.80224609375,-8127.22021484375,"Epi_SecA","#E69F00"
"kmnikdne-1",-6.48807138850999,1.37028265432913,7420.484375,-8143.71142578125,"Epi_SecA","#E69F00"
"kmnikehg-1",-6.64806074550462,1.6513766093691,7427.82666015625,-8152.7021484375,"Epi_SecA","#E69F00"
"kmnikjng-1",-5.37003893306565,0.305817191167657,7412.84521484375,-8156.5986328125,"Epi_SecA","#E69F00"
"kmninllj-1",-6.5055684511931,2.35123455957967,7403.9814453125,-8016.57080078125,"Epi_SecA","#E69F00"
"kmniooll-1",-5.15065044811082,0.182691667838876,7419.01123046875,-8018.373046875,"Epi_SecA","#E69F00"
"kmnipadl-1",-5.89789051463914,2.02116597132284,7415.43408203125,-8006.97216796875,"Epi_SecA","#E69F00"
"kmnjaaap-1",-5.29666656902146,2.11954033808309,7429.20458984375,-8007.98779296875,"Epi_SecA","#E69F00"
"kmnjcibp-1",-5.20272488048387,1.33277118639547,7438.3828125,-8003.77392578125,"Epi_SecA","#E69F00"
"kmnjclfh-1",-5.17241901805711,0.376855556531732,7430.4140625,-8017.9814453125,"Epi_SecA","#E69F00"
"kmnjflll-1",-4.62269968440843,2.20299375490743,7399.5986328125,-8029.95263671875,"Epi_SecA","#E69F00"
"kmnjidai-1",6.59863238880324,2.44508660273153,7356.31103515625,-8095.7685546875,"Mesenchymal","#F0E442"
"kmnjlmbh-1",9.17759662220168,1.32727504210073,7363.7080078125,-8095.0283203125,"Mesenchymal","#F0E442"
"kmnjpbnl-1",7.60958390781569,2.25582993464071,7359.47021484375,-8106.001953125,"Mesenchymal","#F0E442"
"kmnkagci-1",9.05103354999709,5.48233735994894,7362.55908203125,-8117.6396484375,"Endothelial","#D55E00"
"kmnkbpfj-1",10.4710307652681,0.633343760534112,7370.5791015625,-8108.0341796875,"Mesenchymal","#F0E442"
"kmnkckak-1",10.3425698811738,5.13029325441915,7371.39697265625,-8115.6865234375,"Endothelial","#D55E00"
"kmnkdfoo-1",10.6324191624849,1.44234216646749,7383.3701171875,-8116.826171875,"Mesenchymal","#F0E442"
"kmnkdich-1",10.8473382527559,-0.177333089844401,7377.083984375,-8108.6142578125,"Mesenchymal","#F0E442"
"kmnkknfd-1",10.6301065022676,-0.0470299714664773,7376.25537109375,-8097.5341796875,"Mesenchymal","#F0E442"
"kmnkliem-1",6.55613809177565,0.0493637068708583,7377.58349609375,-8092.1162109375,"Mesenchymal","#F0E442"
"kmnkmpoj-1",10.3189063603609,0.800286356969659,7380.69482421875,-8102.1181640625,"Mesenchymal","#F0E442"
"kmnkpnpm-1",9.62663798877883,1.73677266077596,7369.83056640625,-8100.27587890625,"Mesenchymal","#F0E442"
"kmnlkfkg-1",-5.78708738735032,0.589027945562188,7410.8125,-8082.75146484375,"Epi_SecA","#E69F00"
"kmnllbfm-1",-5.29374641826463,1.86754286722738,7413.369140625,-8092.15380859375,"Epi_SecA","#E69F00"
"kmnllphm-1",6.27865319797683,-3.22295796437662,7398.630859375,-8134.28369140625,"T cell","#1C91D4"
"kmnloejc-1",-6.81943315913987,0.961062912507836,7400.72607421875,-8118.103515625,"Epi_SecA","#E69F00"
"kmnmhbec-1",-4.14578432491136,-0.219019483164962,7425.14208984375,-8090.0048828125,"Epi_SecA","#E69F00"
"kmnmkbko-1",-3.60509437969041,0.00488692955571848,7436.7919921875,-8099.01953125,"Epi_SecA","#E69F00"
"kmnmlcbm-1",-4.6614522402556,1.50030553774435,7433.40234375,-8092.64599609375,"Epi_SecA","#E69F00"
"kmnmpgfg-1",-5.11067003658128,-3.00118577046793,7388.2158203125,-8088.4921875,"Epi_SecA","#E69F00"
"kmnnbdhc-1",5.73491674015212,-1.76069712205332,7378.99609375,-8062.75390625,"Macrophage","#CC79A7"
"kmnneeca-1",7.00488143512893,-1.21819710297983,7371.03173828125,-8088.0771484375,"Mesenchymal","#F0E442"
"kmnnfmna-1",5.7761698300569,-1.97654795213145,7377.71240234375,-8068.9208984375,"Macrophage","#CC79A7"
"kmnnifnh-1",6.14909654209304,-3.92153322263163,7379.533203125,-8084.93359375,"T cell","#1C91D4"
"kmnnimni-1",6.76304250309157,-2.61742198033732,7375.52587890625,-8077.81396484375,"Mesenchymal","#F0E442"
"kmnnlfja-1",-6.58707756450486,0.74131817059118,7403.55419921875,-8059.5185546875,"Epi_SecA","#E69F00"
"kmnnlmlg-1",6.0965405041902,-3.89386736913126,7384.15625,-8074.46484375,"T cell","#1C91D4"
"kmnofdlf-1",5.97247748920607,-3.73075925870341,7384.0498046875,-8079.59814453125,"T cell","#1C91D4"
"kmnogeog-1",5.40857272693801,-5.15121423764628,7387.55859375,-8068.84033203125,"T cell","#1C91D4"
"kmnogmpj-1",-6.34750027110887,1.76356578306753,7397.46142578125,-8075.92138671875,"Epi_SecA","#E69F00"
"kmnokegm-1",5.65767245838332,2.08446467356283,7365.119140625,-8080.12744140625,"Mesenchymal","#F0E442"
"kmnomdoc-1",5.15836101123977,3.44638836817342,7353.07373046875,-8089.40966796875,"Mesenchymal","#F0E442"
"kmnooiea-1",-4.25291580608201,-0.590469534830268,7432.20751953125,-8059.60888671875,"Epi_SecA","#E69F00"
"kmnpalog-1",-4.82356256892991,-0.112840201095756,7435.88232421875,-8072.89990234375,"Epi_SecA","#E69F00"
"kmnpamho-1",7.56537967273879,3.16158903078634,7723.5146484375,-7989.16845703125,"Mesenchymal","#F0E442"
"kmnpbfdi-1",6.52669959613967,2.81942689852316,7730.5341796875,-7974.2294921875,"Endothelial","#D55E00"
"kmnpdeng-1",9.10032325336623,1.7948298497637,7729.740234375,-7980.826171875,"Mesenchymal","#F0E442"
"kmnpfkga-1",5.03167253086257,2.52404535250265,7728.078125,-7967.02880859375,"Mesenchymal","#F0E442"
"kmnpfmpe-1",8.45110135624099,2.34417307810384,7738.6474609375,-7998.92041015625,"Mesenchymal","#F0E442"
"kmnpgmpk-1",7.29859500477004,3.13571703867513,7746.4072265625,-7995.2578125,"Mesenchymal","#F0E442"
"kmnpjbcf-1",7.62718968937087,2.63312447504598,7742.013671875,-7986.00244140625,"Mesenchymal","#F0E442"
"kmnpjlnj-1",8.92863421985793,2.49340475039083,7740.70458984375,-7974.8173828125,"Mesenchymal","#F0E442"
"kmnpnigg-1",9.89340358326125,2.3419877334078,7710.53125,-7970.515625,"Mesenchymal","#F0E442"
"kmoabecg-1",9.27632480213332,2.56927621798116,7702.3642578125,-7996.87890625,"Mesenchymal","#F0E442"
"kmoadcfk-1",10.4722228581636,1.76126015619833,7709.9453125,-7997.654296875,"Mesenchymal","#F0E442"
"kmoaeddn-1",10.3473411137788,2.12613833384115,7711.32373046875,-7985.4736328125,"Mesenchymal","#F0E442"
"kmoaekdn-1",7.05797582218337,3.08316266970236,7704.86328125,-7979.5322265625,"Mesenchymal","#F0E442"
"kmoaeodl-1",10.4476361806123,0.466824893518273,7682.17236328125,-7981.79248046875,"Mesenchymal","#F0E442"
"kmoafcpd-1",10.0992684895723,1.59163964228231,7687.6259765625,-7971.5400390625,"Mesenchymal","#F0E442"
"kmoahcpj-1",10.8805594975679,0.282281432910745,7677.4990234375,-7994.12158203125,"Mesenchymal","#F0E442"
"kmoapnom-1",10.5968471104829,2.46091759638387,7685.61572265625,-7994.6328125,"Mesenchymal","#F0E442"
"kmobakei-1",8.8237157399385,2.72094357447225,7693.49072265625,-7989.79931640625,"Mesenchymal","#F0E442"
"kmobbkik-1",6.53069119999099,2.78502977327902,7784.6005859375,-8018.18212890625,"Mesenchymal","#F0E442"
"kmobchjg-1",9.97384028980422,6.37157762484152,7791.0771484375,-7863.87890625,"Endothelial","#D55E00"
"kmobcopo-1",7.67061572620559,1.99481308893759,7808.326171875,-8025.39892578125,"Mesenchymal","#F0E442"
"kmobdeoh-1",5.64542966434646,3.70525515513021,7807.5126953125,-7997.095703125,"Endothelial","#D55E00"
"kmobhhmf-1",7.41687303135085,2.58804858164388,7803.53955078125,-8014.0400390625,"Mesenchymal","#F0E442"
"kmobihgc-1",6.80718665668654,2.94709074930746,7772.6923828125,-8034.3544921875,"Mesenchymal","#F0E442"
"kmocbhog-1",9.37552123615432,-0.205714653567489,7797.53759765625,-8032.03271484375,"Mesenchymal","#F0E442"
"kmocdgip-1",7.35939937183547,2.18745172457296,7794.115234375,-8027.35888671875,"Mesenchymal","#F0E442"
"kmocdpeh-1",7.20182328769851,2.33893788294393,7793.908203125,-8040.1708984375,"Mesenchymal","#F0E442"
"kmocebjp-1",6.94469409534621,2.49731457666952,7779.22021484375,-8044.005859375,"Mesenchymal","#F0E442"
"kmocekom-1",5.27852254459548,0.729871813817803,7794.451171875,-8048.93994140625,"Macrophage","#CC79A7"
"kmocgnbj-1",9.90730434009719,1.81543064550955,7740.529296875,-8013.49951171875,"Mesenchymal","#F0E442"
"kmocijpc-1",6.73805671283889,3.15139568285543,7749.2294921875,-8004.28857421875,"Mesenchymal","#F0E442"
"kmocjhca-1",7.43792872974563,2.91709721521932,7760.54931640625,-8037.189453125,"Mesenchymal","#F0E442"
"kmocjmpp-1",5.07438569614577,3.63178885416586,7762.416015625,-8025.3681640625,"Mesenchymal","#F0E442"
"kmocjndf-1",7.30755096027541,2.68336785273153,7750.72265625,-8013.61572265625,"Mesenchymal","#F0E442"
"kmocmilm-1",6.66777043888259,2.74562609629232,7740.4677734375,-8029.42333984375,"Mesenchymal","#F0E442"
"kmocnkgo-1",8.00706105777907,2.30719125704366,7752.72998046875,-8027.94384765625,"Mesenchymal","#F0E442"
"kmoddmba-1",9.76458221027541,2.56739652590353,7747.8193359375,-8024.47412109375,"Mesenchymal","#F0E442"
"kmodhoeb-1",7.43407874653029,2.77001202539999,7746.74755859375,-8039.36181640625,"Mesenchymal","#F0E442"
"kmodmlni-1",6.08846383640456,3.06658590273458,7739.494140625,-8046.6181640625,"Mesenchymal","#F0E442"
"kmoedico-1",10.0812888676851,1.61974931196768,7717.0439453125,-8006.3818359375,"Mesenchymal","#F0E442"
"kmoegoag-1",10.2934384877412,2.10400808291036,7722.3115234375,-8028.55078125,"Mesenchymal","#F0E442"
"kmoemjdc-1",10.1755366856782,2.16059935526449,7718.42431640625,-8024.26318359375,"Mesenchymal","#F0E442"
"kmoenffc-1",10.2584891850679,1.84241080717642,7708.841796875,-8027.71630859375,"Mesenchymal","#F0E442"
"kmofambe-1",8.36395268985915,1.65397119955618,7727.35693359375,-8025.48779296875,"Mesenchymal","#F0E442"
"kmofdfff-1",7.98829989978957,3.06407845453817,7733.23876953125,-8040.08203125,"Mesenchymal","#F0E442"
"kmofhdci-1",8.28817992756057,3.13874042467672,7732.21533203125,-8024.31884765625,"Mesenchymal","#F0E442"
"kmofidik-1",8.34141498157668,2.31583106951315,7726.9599609375,-8003.58837890625,"Mesenchymal","#F0E442"
"kmofnbbe-1",8.56579976627517,2.49765956835348,7728.31787109375,-8014.29638671875,"Mesenchymal","#F0E442"
"kmofplle-1",7.95056253025222,2.15447676615316,7731.427734375,-8007.1787109375,"Mesenchymal","#F0E442"
"kmogdofi-1",9.97577720234084,1.33457863764364,7734.41650390625,-8013.36767578125,"Mesenchymal","#F0E442"
"kmogdojc-1",8.70016103336501,2.17890108065206,7718.9697265625,-8036.7861328125,"Mesenchymal","#F0E442"
"kmogmlfd-1",9.24866538593459,2.04563963846761,7726.158203125,-8043.8623046875,"Mesenchymal","#F0E442"
"kmogneph-1",9.33824306080031,1.68454873995382,7714.50634765625,-8046.78515625,"Mesenchymal","#F0E442"
"kmognobm-1",10.1685491139619,1.40114593939382,7721.01318359375,-8048.3671875,"Mesenchymal","#F0E442"
"kmogpknb-1",6.66630702564406,3.99209106401998,7681.92822265625,-8027.29541015625,"Mesenchymal","#F0E442"
"kmohadfm-1",9.45113616535354,0.620592777295892,7685.01708984375,-8044.0185546875,"Mesenchymal","#F0E442"
"kmohccda-1",10.2655015523164,1.87637556032736,7683.73291015625,-8053.734375,"Mesenchymal","#F0E442"
"kmohfhel-1",9.43395190784621,5.48033178286154,7684.4951171875,-8019.73193359375,"Endothelial","#D55E00"
"kmohnibn-1",7.35405211994338,0.652564172311608,7682.2802734375,-8004.97314453125,"Mesenchymal","#F0E442"
"kmoicbgn-1",11.1690660054414,0.588149492307488,7690.4814453125,-8024.94970703125,"Mesenchymal","#F0E442"
"kmoidncm-1",10.9584432179658,1.32742929892141,7697.55859375,-8047.10693359375,"Mesenchymal","#F0E442"
"kmoihmaf-1",9.73883586475539,0.318082396550958,7696.2421875,-8038.1474609375,"Mesenchymal","#F0E442"
"kmoilpdd-1",8.17536550113845,2.67767942385275,7697.625,-8032.087890625,"Mesenchymal","#F0E442"
"kmoimgkj-1",10.1666789586275,1.6744775815447,7691.4345703125,-8031.91162109375,"Mesenchymal","#F0E442"
"kmoimkeb-1",10.3145900304048,1.42685044245321,7699.34765625,-8027.10888671875,"Mesenchymal","#F0E442"
"kmoiolne-1",10.3962827260225,1.87721097902853,7690.74365234375,-8001.9658203125,"Mesenchymal","#F0E442"
"kmojbkdi-1",9.2476077611177,2.20590627626974,7703.6240234375,-8015.78515625,"Mesenchymal","#F0E442"
"kmojdjee-1",10.0399756962984,1.44589055018026,7689.7412109375,-8013.37255859375,"Mesenchymal","#F0E442"
"kmojehfj-1",9.71635013172316,1.86040771441061,7670.5869140625,-7981.5009765625,"Mesenchymal","#F0E442"
"kmojiikb-1",-3.32436365535569,1.75781476931173,7669.751953125,-8034.4951171875,"Epi_SecA","#E69F00"
"kmojlhdf-1",-3.72462744167161,0.440139476819818,7674.73486328125,-8048.1005859375,"Epi_SecA","#E69F00"
"kmojmeij-1",-0.573640174177409,2.7790108962496,7678.58740234375,-8035.75146484375,"Epi_SecA","#E69F00"
"kmojodeh-1",-3.23012108257127,1.07099485830862,7674.87451171875,-8025.4140625,"Epi_SecA","#E69F00"
"kmojpeme-1",7.6844950253694,1.66532564596731,7676.939453125,-8004.0244140625,"Mesenchymal","#F0E442"
"kmokajlc-1",-3.98739618709397,1.66829753355581,7672.70361328125,-8014.20361328125,"Epi_SecA","#E69F00"
"kmokdbde-1",5.78406291553664,0.0634525610645457,7679.939453125,-8013.54541015625,"Mesenchymal","#F0E442"
"kmokdnmf-1",10.9927783543794,-0.197815331951793,7691.62109375,-8058.37353515625,"Mesenchymal","#F0E442"
"kmokdpie-1",7.24404531070876,3.50135386423666,7686.77587890625,-8098.66552734375,"Mesenchymal","#F0E442"
"kmokflde-1",11.0687442357271,0.767479126020257,7688.64306640625,-8083.0537109375,"Mesenchymal","#F0E442"
"kmokmflc-1",10.841488414499,0.993861918016259,7687.27392578125,-8071.24169921875,"Mesenchymal","#F0E442"
"kmoknock-1",6.56703811237502,2.43283927874166,7682.02978515625,-8076.4912109375,"Mesenchymal","#F0E442"
"kmokoich-1",10.3267217213838,2.14533555941183,7706.5615234375,-8055.8818359375,"Mesenchymal","#F0E442"
"kmolepga-1",7.32784467289138,2.92273271517355,7719.90283203125,-8075.89990234375,"Mesenchymal","#F0E442"
"kmolijcg-1",7.48819737980056,2.87302124933798,7716.7392578125,-8065.60693359375,"Mesenchymal","#F0E442"
"kmolleif-1",6.97744374820876,3.24032462076742,7708.974609375,-8074.39599609375,"Mesenchymal","#F0E442"
"kmolngen-1",8.99581294605422,2.90019858316976,7698.9580078125,-8070.5341796875,"Mesenchymal","#F0E442"
"kmolohen-1",6.99727874347854,2.53116691546041,7694.3603515625,-8087.71875,"Mesenchymal","#F0E442"
"kmolojpf-1",6.2488227421968,3.14589989618856,7695.400390625,-8105.2158203125,"Mesenchymal","#F0E442"
"kmolpeha-1",6.04509406635451,2.90773785547811,7765.50732421875,-8066.5390625,"Mesenchymal","#F0E442"
"kmomajdi-1",7.15092282840896,2.36940157847006,7772.6767578125,-8053.66650390625,"Mesenchymal","#F0E442"
"kmombkkc-1",6.78805833408522,2.50428402857382,7784.63037109375,-8053.96435546875,"Mesenchymal","#F0E442"
"kmomdkeh-1",5.36493497440505,-0.416160489753898,7789.76123046875,-8056.73583984375,"Macrophage","#CC79A7"
"kmomkiah-1",-1.13483042171311,-2.13205968900126,7814.7724609375,-8088.21826171875,"Epi_SecB","#56B4E9"
"kmomobci-1",-1.92948622157884,-2.78216135068339,7806.1728515625,-8089.9921875,"Epi_SecB","#56B4E9"
"kmomphhg-1",2.43886690685439,2.31549680666525,7808.486328125,-8076.5009765625,"Epi_SecA","#E69F00"
"kmoncgeh-1",7.92884164402175,1.692402486368,7771.9677734375,-8076.30419921875,"Mesenchymal","#F0E442"
"kmondgag-1",7.62016778537917,1.5471571727236,7769.33203125,-8095.3154296875,"Mesenchymal","#F0E442"
"kmoneopf-1",6.08679729053664,2.4730068488558,7775.78125,-8082.86669921875,"Mesenchymal","#F0E442"
"kmonhnfb-1",5.831978851053,2.73628485636312,7746.46044921875,-8091.8955078125,"Mesenchymal","#F0E442"
"kmonlkjj-1",7.30862813541579,2.54149163202841,7750.1376953125,-8077.8056640625,"Mesenchymal","#F0E442"
"kmonnjem-1",8.50396686145949,2.1309224410494,7761.89990234375,-8094.30029296875,"Mesenchymal","#F0E442"
"kmonnjjc-1",8.42605357715773,1.25538337664205,7757.19482421875,-8076.47265625,"Mesenchymal","#F0E442"
"kmonpjho-1",9.28082709858107,1.75871479944784,7731.625,-8074.46826171875,"Mesenchymal","#F0E442"
"kmooajja-1",6.24023347446608,3.37061131434042,7735.0615234375,-8086.07275390625,"Mesenchymal","#F0E442"
"kmooekmi-1",9.1205325658052,2.241141681238,7746.56396484375,-8074.82861328125,"Mesenchymal","#F0E442"
"kmookema-1",9.28851848194289,1.89848661856252,7730.35498046875,-8058.51220703125,"Mesenchymal","#F0E442"
"kmoonlbi-1",8.77794128009963,0.991685990854089,7748.24560546875,-8052.716796875,"Mesenchymal","#F0E442"
"kmoooccm-1",8.23235135624099,1.5887260480364,7759.400390625,-8054.22998046875,"Mesenchymal","#F0E442"
"kmooofoh-1",-6.88441032817674,2.44870865778524,7784.94873046875,-8115.2109375,"Epi_SecA","#E69F00"
"kmooogoh-1",-6.70960707118821,1.53154552416403,7803.744140625,-8115.123046875,"Epi_SecA","#E69F00"
"kmopeggb-1",9.63828616687941,2.39707720713217,7677.34033203125,-8112.697265625,"Mesenchymal","#F0E442"
"kmopfdpp-1",-5.10168404033494,2.5846942706545,7786.2548828125,-8103.95166015625,"Epi_SecA","#E69F00"
"kmopfkad-1",7.85501342365432,2.93849218325216,7687.8701171875,-8112.8076171875,"Mesenchymal","#F0E442"
"kmopmjba-1",-5.87400907924485,2.17621338800985,7796.63037109375,-8126.37548828125,"Epi_SecA","#E69F00"
"kmoppmpa-1",-3.64344639232469,-4.15829193158549,7806.87939453125,-8179.54931640625,"Epi_SecB","#56B4E9"
"kmpachih-1",-1.55874747684312,-3.02401816411417,7808.64306640625,-8249.71875,"Epi_SecB","#56B4E9"
"kmpadpfl-1",-6.59986872127366,1.52837288813192,7807.3720703125,-8123.43212890625,"Epi_SecA","#E69F00"
"kmpaeapb-1",10.3268771702974,1.71852970556814,7661.68017578125,-8172.53857421875,"Mesenchymal","#F0E442"
"kmpaeelc-1",9.40296416828322,1.99688423113424,7687.09814453125,-8166.740234375,"Mesenchymal","#F0E442"
"kmpafgbo-1",9.36819129535842,2.32687342600424,7672.74853515625,-8171.94091796875,"Mesenchymal","#F0E442"
"kmpagddb-1",10.9521394307344,1.64657819704611,7666.990234375,-8163.9013671875,"Mesenchymal","#F0E442"
"kmpagdfj-1",5.85474353382277,2.94241416887838,7696.26806640625,-8124.14599609375,"Mesenchymal","#F0E442"
"kmpammgi-1",9.75025325367141,1.99716127352316,7689.0546875,-8125.654296875,"Mesenchymal","#F0E442"
"kmpbbfea-1",9.94667106220412,1.70969856218893,7670.29052734375,-8122.16943359375,"Mesenchymal","#F0E442"
"kmpbddid-1",8.57741361210036,2.25815666155416,7678.67041015625,-8124.1298828125,"Mesenchymal","#F0E442"
"kmpbehii-1",11.4978814656465,0.144597519799058,7670.79931640625,-8134.41796875,"Mesenchymal","#F0E442"
"kmpbhbjm-1",10.5018582875459,1.79116929010946,7681.4609375,-8139.00830078125,"Mesenchymal","#F0E442"
"kmpbjmig-1",6.73755698749709,-3.63011419339579,7672.7021484375,-8144.11083984375,"Mesenchymal","#F0E442"
"kmpbjopa-1",11.1882453496187,0.579758886857812,7673.49462890625,-8154.0869140625,"Mesenchymal","#F0E442"
"kmpbkfcj-1",6.7130561406343,2.75409281687338,7687.9345703125,-8132.99462890625,"Mesenchymal","#F0E442"
"kmpbldak-1",6.83729606220412,3.20866692499716,7691.14208984375,-8145.80908203125,"Mesenchymal","#F0E442"
"kmpbnapm-1",6.67398601123977,3.2887502952059,7689.0380859375,-8138.17578125,"Mesenchymal","#F0E442"
"kmpcaagj-1",-2.96995515277696,-1.02587079568308,7649.28955078125,-8110.69921875,"Epi_SecA","#E69F00"
"kmpcanni-1",-3.70420212199998,0.0336396290500804,7645.08447265625,-8156.765625,"Epi_SecA","#E69F00"
"kmpcdfog-1",-3.98545355251145,-1.66282450719279,7601.74462890625,-8138.63232421875,"Epi_SecA","#E69F00"
"kmpcfgle-1",-3.20667237689805,-0.26216032667559,7620.7373046875,-8147.11474609375,"Epi_SecA","#E69F00"
"kmpcfnae-1",-3.1973077719481,-0.459390784935172,7623.01611328125,-8173.30712890625,"Epi_SecA","#E69F00"
"kmpcgnmd-1",-4.08442873409104,-1.29847967191141,7614.50439453125,-8172.6064453125,"Epi_SecA","#E69F00"
"kmpcjnmd-1",-2.29005522182298,-0.574175383285697,7612.87353515625,-8142.74267578125,"Epi_SecB","#56B4E9"
"kmpckckf-1",-3.97110981395555,-0.238796870545562,7623.6435546875,-8165.16015625,"Epi_SecA","#E69F00"
"kmpcpdgf-1",10.3219075734346,6.08619630770284,7595.87255859375,-8075.20849609375,"Endothelial","#D55E00"
"kmpdcepb-1",10.811139636728,0.531910244985406,7604.30517578125,-8078.25341796875,"Mesenchymal","#F0E442"
"kmpddkbf-1",11.3814845616548,0.228763197227304,7600.6240234375,-8065.06494140625,"Mesenchymal","#F0E442"
"kmpdekio-1",12.2118478352754,0.731057350202386,7608.27734375,-8059.8984375,"Mesenchymal","#F0E442"
"kmpdfana-1",-5.64521927287889,1.25464261011678,7589.7646484375,-8056.81494140625,"Epi_SecA","#E69F00"
"kmpdjknh-1",-5.66936296871019,2.71846116022665,7587.05224609375,-8070.31787109375,"Epi_SecA","#E69F00"
"kmpdlflj-1",-5.86871523311448,1.19627416567404,7577.7470703125,-8061.6767578125,"Epi_SecA","#E69F00"
"kmpdlipi-1",9.13345008442092,0.611433569951837,7672.84375,-8082.306640625,"Mesenchymal","#F0E442"
"kmpdnggg-1",6.77851157734084,2.30182826952535,7678.73583984375,-8093.970703125,"Mesenchymal","#F0E442"
"kmpeeonf-1",-1.83291668346238,3.13053548769552,7669.43896484375,-8089.9638671875,"Epi_SecA","#E69F00"
"kmpegdlf-1",9.8493505055635,0.816022698446099,7679.337890625,-8086.13916015625,"Mesenchymal","#F0E442"
"kmpekmgn-1",9.75400691578078,2.73545873598654,7678.638671875,-8101.31201171875,"Mesenchymal","#F0E442"
"kmpeleeh-1",9.83342414447951,2.76033842997152,7672.35009765625,-8105.54150390625,"Mesenchymal","#F0E442"
"kmpemaga-1",6.2886381680696,3.02951276735861,7670.1826171875,-8113.787109375,"Mesenchymal","#F0E442"
"kmpfejjo-1",6.52648311206984,2.89155829386312,7675.13427734375,-8100.1806640625,"Mesenchymal","#F0E442"
"kmpffjcl-1",-3.82368559291673,1.12956476645071,7664.8916015625,-8078.3447265625,"Epi_SecA","#E69F00"
"kmpfgkgn-1",-2.76674050739122,0.537482862039392,7653.87841796875,-8097.6298828125,"Epi_SecA","#E69F00"
"kmpfjkon-1",0.441670321914433,-2.61377465291422,7659.40185546875,-8105.72119140625,"Epi_SecA","#E69F00"
"kmpfnmjj-1",-1.66914839198899,1.26542091803152,7623.56884765625,-8075.40625,"Epi_SecA","#E69F00"
"kmpgannd-1",-5.24466509273362,0.0850770814855738,7621.39990234375,-8079.1025390625,"Epi_SecA","#E69F00"
"kmpgecpe-1",-0.169274515417339,1.82096684412557,7633.5947265625,-8082.056640625,"Epi_SecA","#E69F00"
"kmpgejbe-1",-6.53901714732957,1.05500448183614,7641.4462890625,-8075.0859375,"Epi_Cil","#009E73"
"kmpgojdb-1",-2.55182928493333,-0.0782263198355989,7661.58740234375,-8071.0322265625,"Epi_SecA","#E69F00"
"kmpgoldi-1",11.0473123128145,-0.289276982978995,7679.27685546875,-8066.8515625,"Mesenchymal","#F0E442"
"kmpgpmlj-1",-3.52599090984178,0.942745689912622,7647.96337890625,-8063.46533203125,"Epi_SecA","#E69F00"
"kmpgpmpn-1",-5.19740909984422,1.04952228502828,7657.185546875,-8065.96728515625,"Epi_SecA","#E69F00"
"kmphajkm-1",-4.63600391795945,0.44265044169027,7650.865234375,-8074.3095703125,"Epi_SecA","#E69F00"
"kmphbaol-1",-4.44704670360398,0.447999422117059,7619.95654296875,-8069.65869140625,"Epi_SecA","#E69F00"
"kmphdfkc-1",-3.44631475856614,-0.592479045824225,7622.048828125,-8058.0498046875,"Epi_SecA","#E69F00"
"kmpheghj-1",-3.75616449764085,0.0985031320293589,7632.23388671875,-8067.1279296875,"Epi_SecA","#E69F00"
"kmphfkbi-1",10.689861827585,6.20039737658102,7590.52685546875,-8083.865234375,"Endothelial","#D55E00"
"kmphjcfp-1",11.7230210835664,-0.670143540338691,7595.6083984375,-8091.64599609375,"Mesenchymal","#F0E442"
"kmphmikp-1",11.5043407017915,0.283973549171273,7586.451171875,-8097.87158203125,"Mesenchymal","#F0E442"
"kmpifpao-1",11.7120280797212,0.299570385976617,7589.79541015625,-8107.75830078125,"Mesenchymal","#F0E442"
"kmpiifci-1",-0.714106387403728,1.57382965521414,7632.46142578125,-8109.86181640625,"Epi_SecA","#E69F00"
"kmpiinob-1",-3.630423492697,-0.926290030912574,7641.9990234375,-8094.45166015625,"Epi_SecA","#E69F00"
"kmpijbpl-1",1.60797941038298,-3.14800798459452,7613.64794921875,-8084.44580078125,"Epi_SecA","#E69F00"
"kmpjccdh-1",11.3712792927949,0.0173819629986926,7601.4130859375,-8092.4169921875,"Mesenchymal","#F0E442"
"kmpjgjgf-1",7.54134898731398,-1.51488112969797,7580.7060546875,-8093.25537109375,"Mesenchymal","#F0E442"
"kmpjnefh-1",11.6674104268281,-0.334517459706481,7573.75244140625,-8108.8310546875,"Mesenchymal","#F0E442"
"kmplegfm-1",-8.67889828136277,-0.0100485192100362,7870.89990234375,-8798.8583984375,"Epi_SecA","#E69F00"
"kmpmelil-1",-7.29407066753221,-0.200283575193103,7918.13037109375,-8794.91796875,"Epi_SecA","#E69F00"
"knihfplp-1",-5.07240051677537,3.20912182764608,7867.7412109375,-7816.06494140625,"Epi_SecA","#E69F00"
"knihgonp-1",10.6214347417085,-0.734247382120307,7839.47119140625,-7797.34228515625,"Mesenchymal","#F0E442"
"knihicpe-1",10.1904769475191,-0.736155684427436,7832.22998046875,-7792.5419921875,"Mesenchymal","#F0E442"
"knihjied-1",5.38080077716994,3.27788341478903,7847.1015625,-7861.53466796875,"Mesenchymal","#F0E442"
"knihkboa-1",9.0537953908174,0.891210500760858,7844.54052734375,-7832.25634765625,"Mesenchymal","#F0E442"
"knihmpak-1",9.87016444751906,-1.01891505284708,7834.17724609375,-7806.80029296875,"Mesenchymal","#F0E442"
"kniibcpl-1",9.7111440236299,0.637392346425836,7838.306640625,-7826.50390625,"Mesenchymal","#F0E442"
"kniidffe-1",9.56005054065871,1.30249476866323,7849.04736328125,-7819.833984375,"Mesenchymal","#F0E442"
"kniidpdd-1",8.10911183902907,2.39157522158224,7845.59912109375,-7808.8896484375,"Mesenchymal","#F0E442"
"kniigajd-1",8.68517785617995,1.12170589403707,7823.34130859375,-7790.80810546875,"Mesenchymal","#F0E442"
"kniigbbk-1",-5.29203838756395,3.19330966906149,7816.34619140625,-7864.91259765625,"Epi_SecA","#E69F00"
"kniineea-1",9.32062869617629,0.30090183453161,7828.423828125,-7778.9638671875,"Mesenchymal","#F0E442"
"knijccmb-1",9.74731402942824,-0.12787050320309,7826.35302734375,-7766.39111328125,"Mesenchymal","#F0E442"
"knijcifa-1",-0.775451964643718,3.48300731615621,7821.7294921875,-7762.21435546875,"Epi_SecA","#E69F00"
"knimaabk-1",5.08995204517531,3.62671053843099,7762.07470703125,-7857.33154296875,"Mesenchymal","#F0E442"
"knimdojf-1",8.43407874653029,4.00057590441305,7772.2666015625,-7858.7109375,"Endothelial","#D55E00"
"knimebln-1",4.77766709873366,3.54813182787496,7768.5576171875,-7872.74609375,"Mesenchymal","#F0E442"
"knimopmh-1",6.244097285959,2.96019018129904,7794.13916015625,-7880.828125,"Mesenchymal","#F0E442"
"kninadpp-1",4.70505385944533,3.19070852236349,7793.47509765625,-7890.5029296875,"Mesenchymal","#F0E442"
"kninbegj-1",8.18468814441848,4.70043456987936,7780.26708984375,-7871.50732421875,"Endothelial","#D55E00"
"kninggeo-1",7.10780768940139,4.12960851625997,7775.84912109375,-7865.3017578125,"Endothelial","#D55E00"
"kningiaa-1",10.2959981496065,1.86689317659933,7765.13134765625,-7805.76123046875,"Mesenchymal","#F0E442"
"kningojp-1",8.51448064396071,1.10762203173238,7772.21435546875,-7813.52978515625,"Mesenchymal","#F0E442"
"kninhhne-1",5.53479676792312,1.38143492178518,7781.34033203125,-7805.138671875,"Endothelial","#D55E00"
"kninjjmi-1",9.77200275013137,0.539867941900079,7770.84814453125,-7772.24169921875,"Mesenchymal","#F0E442"
"knionbhc-1",9.18093925068068,1.60085607008535,7768.2197265625,-7791.4287109375,"Mesenchymal","#F0E442"
"knionfdk-1",8.3378210599153,1.37185335592825,7774.7001953125,-7799.4755859375,"Mesenchymal","#F0E442"
"kniooihp-1",-2.32098335674119,3.66447771029073,7782.59375,-7759.40869140625,"Epi_SecA","#E69F00"
"knjbboai-1",7.86941199848342,2.5953418059786,7778.482421875,-7841.0908203125,"Mesenchymal","#F0E442"
"knjbhhgj-1",9.4878078038423,4.53948629335958,7787.37890625,-7848.21875,"Endothelial","#D55E00"
"knjbjagb-1",8.32271485874343,3.24084628061849,7772.80712890625,-7845.091796875,"Endothelial","#D55E00"
"knjbmfkn-1",9.08098846027541,3.92951429323751,7773.505859375,-7850.45556640625,"Endothelial","#D55E00"
"knjbobhd-1",9.78735786029982,1.02015150026876,7775.458984375,-7824.35400390625,"Mesenchymal","#F0E442"
"knjbojmi-1",7.78750663349318,0.813089911504571,7780.48779296875,-7816.47802734375,"Mesenchymal","#F0E442"
"knjcalam-1",9.7867866093843,1.01584458784658,7781.03076171875,-7832.53515625,"Mesenchymal","#F0E442"
"knjccomn-1",5.52441220829177,-1.59946476979655,7786.34326171875,-7821.58544921875,"Mesenchymal","#F0E442"
"knjcebcl-1",8.29129796573806,2.07237923578817,7760.2802734375,-7836.22900390625,"Mesenchymal","#F0E442"
"knjcghcp-1",9.22759967395949,0.97020674185354,7753.49365234375,-7803.1787109375,"Mesenchymal","#F0E442"
"knjcjhag-1",9.62635188648391,1.38217723803121,7767.8740234375,-7834.08935546875,"Mesenchymal","#F0E442"
"knjclcfm-1",9.90105205127883,2.00624001459676,7762.0791015625,-7823.4716796875,"Mesenchymal","#F0E442"
"knjcleee-1",-7.91890854289842,2.67177236513693,7952.0556640625,-7906.53515625,"Epi_SecA","#E69F00"
"knjcmbla-1",8.57297664234328,0.690544490381066,7948.9501953125,-7991.97021484375,"Mesenchymal","#F0E442"
"knjddlgi-1",9.00861220905471,-1.59050774140757,7955.77099609375,-7987.173828125,"Mesenchymal","#F0E442"
"knjdfphn-1",6.16274457523513,-0.828320022062476,7973.89599609375,-8007.4384765625,"Macrophage","#CC79A7"
"knjdhiim-1",5.53820710727858,1.15160239176351,7972.84765625,-8001.98583984375,"Endothelial","#D55E00"
"knjdhnmf-1",10.0882468754976,5.75730264620382,7968.26708984375,-8013.78271484375,"Endothelial","#D55E00"
"knjdialj-1",10.3674779469697,3.85264265970785,7962.92822265625,-7999.57861328125,"Pericyte_SM","#0072B2"
"knjdighp-1",8.67314153263259,1.44950759844381,7968.73681640625,-7993.2158203125,"Mesenchymal","#F0E442"
"knjdikhc-1",9.41034942218947,1.87648392157156,7966.28076171875,-7973.03515625,"Mesenchymal","#F0E442"
"knjdkklo-1",7.73971801349807,2.38555276827413,7960.3828125,-8003.71630859375,"Mesenchymal","#F0E442"
"knjedjek-1",8.3875322873323,4.5512207789858,7959.77978515625,-8008.79248046875,"Endothelial","#D55E00"
"knjedlmj-1",7.73466353962111,0.174154732986276,7951.81640625,-8008.75732421875,"Mesenchymal","#F0E442"
"knjeknbe-1",7.54572301456618,1.91220629648763,7959.5380859375,-8026.68310546875,"Mesenchymal","#F0E442"
"knjfcgfl-1",7.029404216501,1.97914159731466,7972.06884765625,-7983.0498046875,"Mesenchymal","#F0E442"
"knjfeach-1",-6.35370964458299,3.19201291040975,7979.51220703125,-7969.458984375,"Epi_SecA","#E69F00"
"knjfemck-1",9.89810519764113,5.88475645021993,7924.50634765625,-7934.08056640625,"Endothelial","#D55E00"
"knjffegn-1",7.41413884708571,3.39325583414633,7920.15185546875,-7942.458984375,"Pericyte_SM","#0072B2"
"knjfiobj-1",8.90862613269973,-4.34248458905619,7931.10791015625,-7939.65576171875,"Plasma cell","#005685"
"knjfjboh-1",8.94977431842971,-0.342211897806342,7941.9228515625,-7939.74169921875,"Mesenchymal","#F0E442"
"knjfkmel-1",9.90131717273879,-1.58191418214243,7934.33447265625,-7927.55322265625,"Mesenchymal","#F0E442"
"knjfnaen-1",7.48822789737868,2.89117706255514,7945.35791015625,-7932.6923828125,"Mesenchymal","#F0E442"
"knjfnnod-1",9.77022224018264,-1.74834286733073,7941.3857421875,-7925.7216796875,"Mesenchymal","#F0E442"
"knjgacbf-1",8.46812205860305,0.732289020582025,7936.8642578125,-7979.93798828125,"Mesenchymal","#F0E442"
"knjgajdm-1",8.07246213504958,2.53006184534628,7940.7900390625,-8004.814453125,"Endothelial","#D55E00"
"knjgcjgg-1",9.31963592121291,-0.11373661956292,7947.68017578125,-8002.58984375,"Mesenchymal","#F0E442"
"knjglecp-1",7.68669324466872,1.72864067987997,7923.33935546875,-7995.501953125,"Mesenchymal","#F0E442"
"knjgmbhg-1",7.07167392322707,2.13323367075521,7938.3583984375,-7993.3056640625,"Mesenchymal","#F0E442"
"knjhmmcg-1",5.53233819553542,2.98794591860372,7930.544921875,-8022.13671875,"Mesenchymal","#F0E442"
"knjhpgba-1",8.00792365619826,1.78034687475759,7919.0625,-8017.609375,"Mesenchymal","#F0E442"
"knjiaola-1",4.98328309604812,3.25839102701742,7914.9248046875,-8008.9453125,"Mesenchymal","#F0E442"
"knjicehm-1",6.01669030735183,2.96454990343649,7945.62353515625,-8027.123046875,"Mesenchymal","#F0E442"
"knjidhmf-1",8.94029765674758,0.742965642972772,7916.1396484375,-8026.69775390625,"Mesenchymal","#F0E442"
"knjiikgp-1",6.68725209781813,2.5349022193392,7936.3798828125,-8026.70458984375,"Mesenchymal","#F0E442"
"knjijfea-1",-2.71579594066453,3.28127181963522,7929.43701171875,-7903.66455078125,"Epi_SecA","#E69F00"
"knjimkfi-1",6.37605290958571,-3.72144710584086,7927.978515625,-7923.73681640625,"T cell","#1C91D4"
"knjimkml-1",-8.42456859996629,0.438770179315393,7946.37060546875,-7893.42578125,"Epi_SecA","#E69F00"
"knjjaajk-1",9.75708156177688,-0.396712537244971,7920.0576171875,-8033.60693359375,"Mesenchymal","#F0E442"
"knjjaegl-1",3.95366411754775,-5.39387285275858,7916.02685546875,-8042.6513671875,"Mesenchymal","#F0E442"
"knjjlfid-1",3.8810396725862,-5.34905302091044,7915.744140625,-8051.66650390625,"Epi_SecA","#E69F00"
"knjkbilo-1",-6.21459192684007,3.413824443384,7923.9267578125,-8036.83154296875,"Epi_SecA","#E69F00"
"knjkeomn-1",-6.51211876323533,2.29286277727682,7948.33544921875,-8083.5556640625,"Epi_SecA","#E69F00"
"knjkgkfk-1",-1.08343023708177,3.19856059984762,7914.98583984375,-8060.89208984375,"Epi_SecA","#E69F00"
"knjkipac-1",-6.653616852072,-2.49682390256327,7920.41455078125,-8075.1162109375,"Epi_SecA","#E69F00"
"knjlanko-1",-7.18846935680223,2.49620616869528,7961.97412109375,-8054.78857421875,"Epi_SecA","#E69F00"
"knjlbeko-1",-6.57824558666062,-2.07018386884135,7940.611328125,-8122.255859375,"Epi_SecA","#E69F00"
"knjldkhg-1",2.41442161152053,2.85024655298788,7940.96826171875,-8105.85693359375,"Epi_SecB","#56B4E9"
"knjleibf-1",-4.7562665407927,-3.39433204694193,7930.27197265625,-8143.73486328125,"Epi_SecA","#E69F00"
"knjligia-1",-4.39603323390794,-3.01248943372172,7950.119140625,-8106.51171875,"Epi_SecB","#56B4E9"
"knjliknj-1",-1.42729110172105,-1.02942001386088,7953.224609375,-8152.5419921875,"Epi_SecA","#E69F00"
"knjmapgn-1",-5.78789133479905,-0.826043839887794,7945.07470703125,-8149.70703125,"Epi_SecA","#E69F00"
"knjmkall-1",-3.77454847743821,-2.03796588941019,7953.720703125,-8142.26708984375,"Epi_SecA","#E69F00"
"knjmmcan-1",-6.66384119441819,0.57273644642431,7919.6318359375,-8096.279296875,"Epi_SecA","#E69F00"
"knjmofac-1",-5.39830011775804,0.189707402749841,7916.9609375,-8115.150390625,"Epi_SecA","#E69F00"
"knjmppka-1",-6.61593193462205,-1.1338378147642,7924.89794921875,-8103.58056640625,"Epi_SecA","#E69F00"
"knjnaejl-1",-7.04974169185472,0.806408648057763,7957.23291015625,-8094.20654296875,"Epi_SecA","#E69F00"
"knjnffjj-1",-7.08137602260423,0.325266753001992,7963.3056640625,-8106.98876953125,"Epi_SecA","#E69F00"
"knjngbia-1",-4.99589104106736,1.75140977339346,7960.0634765625,-8101.9912109375,"Epi_SecA","#E69F00"
"knjnhofm-1",-5.88665050914598,0.0262317998846217,7962.447265625,-8097.28857421875,"Epi_SecA","#E69F00"
"knjnlkok-1",-3.32929558208299,0.464381639524285,7956.19384765625,-8157.82275390625,"Epi_SecA","#E69F00"
"knjnmakd-1",-3.40316957881761,-2.98519527478617,7960.83544921875,-8173.4658203125,"Epi_SecA","#E69F00"
"knjnoefp-1",2.24245088646102,-2.43422114415568,7955.88134765625,-8162.8173828125,"Epi_SecA","#E69F00"
"knjnpbnk-1",-4.20168966701341,-3.2005680756132,7963.49267578125,-8144.7822265625,"Epi_SecA","#E69F00"
"knjnpcjp-1",8.5941653783052,0.908094291253869,7974.30419921875,-8043.37255859375,"Mesenchymal","#F0E442"
"knjobhdj-1",-4.0809964602263,2.52339089350301,7843.2451171875,-8024.01123046875,"Epi_SecA","#E69F00"
"knjoepjp-1",-5.17262405803514,3.26583111719686,7835.0361328125,-8040.84521484375,"Epi_SecA","#E69F00"
"knjolaca-1",-1.86024684360337,3.20419991449911,7836.9521484375,-8031.056640625,"Epi_SecA","#E69F00"
"knjpaehe-1",-1.1904581253798,3.28597987131674,7818.6513671875,-8030.775390625,"Epi_SecA","#E69F00"
"knjpeanj-1",2.69929915020156,2.52536881403524,7829.30517578125,-8061.7470703125,"Epi_SecA","#E69F00"
"knjphmlo-1",-8.39767212322068,2.16422474817831,7871.08251953125,-8034.61376953125,"Epi_SecA","#E69F00"
"knjpjacl-1",-6.58756107738328,2.54890740351278,7875.89208984375,-8041.775390625,"Epi_SecA","#E69F00"
"knjppbio-1",0.345990561935185,3.49212634996969,7873.0927734375,-8025.23876953125,"Epi_SecA","#E69F00"
"knjppdbb-1",0.88855297217059,2.48995626406271,7824.52978515625,-8050.34033203125,"Epi_SecA","#E69F00"
"knkacpko-1",0.910056971999883,2.91012180285055,7834.41796875,-8050.298828125,"Epi_SecA","#E69F00"
"knkadpam-1",1.07828753540206,-1.76264917416971,7852.03125,-8064.54052734375,"Epi_SecB","#56B4E9"
"knkaegjc-1",-2.42270678928208,-3.29795801206034,7863.9736328125,-8056.26123046875,"Epi_SecB","#56B4E9"
"knkafjmj-1",-8.65514416148973,1.0502568526705,7859.22216796875,-8042.806640625,"Epi_SecA","#E69F00"
"knkaheal-1",-5.84590620448899,3.39887440638143,7848.4130859375,-8041.6484375,"Epi_SecA","#E69F00"
"knkajbgi-1",-3.73441357066941,-3.56957113309305,7850.05322265625,-8200.845703125,"Epi_SecB","#56B4E9"
"knkajlph-1",-6.47161669185472,-2.24453985257548,7866.06103515625,-8190.87353515625,"Epi_SecA","#E69F00"
"knkakbmd-1",-6.81728262355638,2.14389980272848,7912.34619140625,-8172.5302734375,"Epi_SecA","#E69F00"
"knkaohpi-1",-8.86868328502488,2.01804793314535,7920.103515625,-8183.6640625,"Epi_SecA","#E69F00"
"knkbdhni-1",-2.07467407634568,2.86707699732382,7906.4892578125,-8174.37451171875,"Epi_SecA","#E69F00"
"knkbgbfp-1",3.28219061443496,1.67021930651266,7854.74658203125,-8093.345703125,"Epi_SecA","#E69F00"
"knkbgdop-1",0.94461918720889,-0.227447192506011,7846.3994140625,-8138.30712890625,"Epi_SecB","#56B4E9"
"knkbkdbe-1",1.70327930996108,-2.72813808484476,7845.82373046875,-8130.9716796875,"Epi_SecB","#56B4E9"
"knkcalih-1",-2.83668202808213,-3.68323814435404,7875.23291015625,-8127.57470703125,"Epi_SecB","#56B4E9"
"knkcbmac-1",-2.93981332233262,-2.78126751943033,7869.5751953125,-8145.03076171875,"Epi_SecB","#56B4E9"
"knkccnik-1",-4.67141718318772,-3.23247682614725,7887.84228515625,-8133.8984375,"Epi_SecB","#56B4E9"
"knkcdbln-1",-2.47219795635057,-3.45802247090739,7867.19921875,-8136.3095703125,"Epi_SecB","#56B4E9"
"knkcegok-1",-3.4816746180327,-2.98623454137247,7910.01806640625,-8107.85986328125,"Epi_SecB","#56B4E9"
"knkcennp-1",2.45962863514113,-2.73009717030924,7912.63623046875,-8132.23095703125,"Mesenchymal","#F0E442"
"knkciogi-1",-5.15717882564378,-2.38945519490641,7928.22900390625,-8119.91552734375,"Epi_SecA","#E69F00"
"knkcjhbd-1",-2.92477530887437,-2.58701097531718,7821.3359375,-8130.68994140625,"Epi_SecA","#E69F00"
"knkckfhk-1",-1.70757526805711,-2.37710201306742,7824.73583984375,-8095.4150390625,"Epi_SecA","#E69F00"
"knkdcokf-1",-1.85150451114488,-2.41515790982645,7821.7177734375,-8112.71484375,"Epi_SecA","#E69F00"
"knkddiik-1",-2.55812782695604,-1.51582502885264,7882.4130859375,-8048.22998046875,"Epi_SecA","#E69F00"
"knkdejkg-1",-6.58805412700486,-1.91972040696543,7909.09423828125,-8073.396484375,"Epi_SecA","#E69F00"
"knkdfbcl-1",-6.57966942241502,0.707332734628503,7898.392578125,-8048.8251953125,"Epi_SecA","#E69F00"
"knkdffkf-1",-5.0356912081511,-0.570083673433478,7892.27587890625,-8042.95068359375,"Epi_SecA","#E69F00"
"knkdolob-1",-4.45480675151658,-2.46178900762003,7889.94775390625,-8056.5908203125,"Epi_SecA","#E69F00"
"knkeahlg-1",-4.54990095546556,-3.12314784093302,7913.2255859375,-8093.29931640625,"Epi_SecA","#E69F00"
"knkebemk-1",-2.56967992236924,-2.98686492009562,7889.11083984375,-8089.583984375,"Epi_SecA","#E69F00"
"knkecamc-1",-0.541851109770061,-2.39588105245035,7863.22802734375,-8073.77685546875,"Epi_SecB","#56B4E9"
"knkefbne-1",-1.56806940486741,-3.24487745328348,7874.0546875,-8090.046875,"Epi_SecB","#56B4E9"
"knkehmhg-1",-1.44671482494187,-3.30128824277323,7860.25390625,-8085.55029296875,"Epi_SecB","#56B4E9"
"knkejpkj-1",7.12693887302565,-1.46949064298075,7935.50634765625,-7946.05419921875,"Plasma cell","#005685"
"knkemglm-1",8.62432771274733,0.285083566470925,7928.68505859375,-7955.2001953125,"Mesenchymal","#F0E442"
"knkencae-1",7.3431306416719,-0.386353786424811,7941.57177734375,-7956.16552734375,"Mesenchymal","#F0E442"
"knkfffbc-1",8.8921914632051,-3.94582473798197,7927.2373046875,-7949.2783203125,"Plasma cell","#005685"
"knkfjcgn-1",7.42680602619338,1.93845546679098,7954.07177734375,-7957.6064453125,"Mesenchymal","#F0E442"
"knkfjibl-1",8.87220912525344,-2.8926097111265,7968.75927734375,-7957.634765625,"Mesenchymal","#F0E442"
"knkflnad-1",-0.41682750633073,3.48162115053732,7862.08935546875,-8021.9052734375,"Epi_SecA","#E69F00"
"knkfnbmc-1",-6.39238972118211,3.38687432245809,7874.91796875,-8015.3564453125,"Epi_SecA","#E69F00"
"knkfokon-1",8.66922002384353,0.993298654123132,7910.07861328125,-8016.4541015625,"Mesenchymal","#F0E442"
"knkfpbon-1",8.38517051288771,0.668555621667687,7901.1396484375,-8015.28369140625,"Mesenchymal","#F0E442"
"knkggkbp-1",7.96320491382766,0.899307970567529,7888.53466796875,-8012.02392578125,"Mesenchymal","#F0E442"
"knkghdoh-1",9.57690673420119,4.42841709093649,7892.12744140625,-8020.10302734375,"Endothelial","#D55E00"
"knkginde-1",5.72487884113479,-1.50702809853953,7890.1943359375,-8034.85205078125,"Macrophage","#CC79A7"
"knkgjghk-1",10.5022159154146,6.24768770174581,7896.65478515625,-8026.63818359375,"Endothelial","#D55E00"
"knkgkimg-1",8.6203032071321,4.11857068972189,7904.83349609375,-8034.66845703125,"Endothelial","#D55E00"
"knkglopn-1",9.65384917804885,5.63225543932516,7909.5009765625,-8029.0107421875,"Endothelial","#D55E00"
"knkhagmf-1",6.73862319538283,2.44724786715109,7906.65869140625,-8005.97509765625,"Mesenchymal","#F0E442"
"knkhochg-1",1.17892014333892,3.38464463190634,7880.31640625,-8001.43017578125,"Epi_SecA","#E69F00"
"knkhoebf-1",6.44597249576735,2.68844616846639,7821.49169921875,-7994.5498046875,"Mesenchymal","#F0E442"
"knkicajh-1",5.30745082447219,3.10877025560934,7835.27880859375,-7989.5849609375,"Mesenchymal","#F0E442"
"knkihibo-1",7.42899375507521,1.71163523630697,7845.48291015625,-7999.271484375,"Mesenchymal","#F0E442"
"knkjecni-1",6.27562528202224,2.1627668185671,7865.08251953125,-7998.10498046875,"Epi_SecA","#E69F00"
"knkjedco-1",7.0794678265779,2.52313363985616,7829.30859375,-7996.23828125,"Mesenchymal","#F0E442"
"knkjhjdl-1",9.80745463916945,1.0892120643099,7935.68994140625,-7961.24951171875,"Mesenchymal","#F0E442"
"knkjjimb-1",6.03913932392287,2.76152456240255,7926.412109375,-7967.79541015625,"Mesenchymal","#F0E442"
"knkjjohp-1",-3.51030773570848,3.60227072672445,7830.20703125,-8012.3818359375,"Epi_SecA","#E69F00"
"knkjkbef-1",7.66739802906203,1.79314172701437,7856.2578125,-8002.03466796875,"Mesenchymal","#F0E442"
"knkjngej-1",7.56905751774001,1.08071816401083,7849.5517578125,-8009.734375,"Mesenchymal","#F0E442"
"knkkbdfh-1",-0.345789379385234,3.58768308596212,7864.17431640625,-8006.4755859375,"Mesenchymal","#F0E442"
"knkkdbja-1",-3.24986929347825,-3.52983414693278,7846.8798828125,-8160.43701171875,"Epi_SecB","#56B4E9"
"knkkdppg-1",-3.43837065151048,-3.34654986424845,7840.9150390625,-8253.0166015625,"Epi_SecB","#56B4E9"
"knkkfckc-1",-2.44896788051438,-3.28968917889994,7846.17529296875,-8232.068359375,"Epi_SecB","#56B4E9"
"knkkgfek-1",-1.39013165881944,-2.38637315793436,7855.29833984375,-8155.5458984375,"Epi_SecB","#56B4E9"
"knkkipmn-1",-1.79512853076768,-3.03157984776896,7849.85986328125,-8176.0107421875,"Epi_SecB","#56B4E9"
"knkkjdia-1",-2.05173868587327,-2.75743138356608,7809.654296875,-8156.52294921875,"Epi_SecB","#56B4E9"
"knkkpdco-1",-2.07670015743089,-3.60433566136759,7814.9091796875,-8229.884765625,"Epi_SecB","#56B4E9"
"knklalmb-1",-1.65798706462693,-3.0927263454954,7820.166015625,-8198.53125,"Epi_SecB","#56B4E9"
"knklbaaj-1",-6.96227402141404,-1.59279572530192,7862.43115234375,-8240.314453125,"Epi_SecA","#E69F00"
"knklfgaa-1",-5.01914209773851,-2.47825157208842,7852.29541015625,-8255.9697265625,"Epi_SecA","#E69F00"
"knklfmbg-1",2.87580710003066,-1.65348279042643,7865.208984375,-8248.7431640625,"Epi_SecB","#56B4E9"
"knklgcop-1",-3.39789242198777,-2.88828551335734,7874.84326171875,-8270.4658203125,"Epi_SecA","#E69F00"
"knklhehm-1",-7.46170277049852,-0.283497344092544,7898.7412109375,-8207.7099609375,"Epi_SecA","#E69F00"
"knklidll-1",9.62119346210646,-1.24974238439005,7907.80078125,-8259.5830078125,"Mesenchymal","#F0E442"
"knkliknm-1",-7.21050686290574,0.852552477880303,7925.173828125,-8156.50537109375,"Epi_SecA","#E69F00"
"knklkhon-1",-5.05327696254563,1.7634543223818,7902.07568359375,-8178.25341796875,"Epi_SecA","#E69F00"
"knkllhkm-1",-6.50937456538987,-1.85880124135416,7869.8017578125,-8154.203125,"Epi_SecA","#E69F00"
"knkllkna-1",-4.60644668987107,-3.28589641614359,7917.17236328125,-8370.59765625,"Epi_SecA","#E69F00"
"knklmgih-1",-3.62272495677781,-3.44314181371134,7930.0546875,-8369.349609375,"Epi_SecA","#E69F00"
"knkmegfb-1",0.893650115522622,-2.62142407460612,7956.50927734375,-8389.822265625,"Epi_SecB","#56B4E9"
"knkmffbo-1",3.33298593113112,-1.8740550236265,7960.11572265625,-8397.12109375,"Macrophage","#CC79A7"
"knkmfjje-1",-3.00790233066392,-3.57494222684305,7962.46142578125,-8365.400390625,"Epi_SecB","#56B4E9"
"knkmjdkb-1",-2.6366011565001,-3.67897688908976,7959.537109375,-8377.08984375,"Epi_SecB","#56B4E9"
"knkmkfkj-1",-2.67553777149034,-3.71912848515909,7934.43994140625,-8385.296875,"Epi_SecB","#56B4E9"
"knkmmhbo-1",3.04275827953505,-2.86796819730204,7926.3525390625,-8415.1396484375,"Macrophage","#CC79A7"
"knknaigl-1",1.9368007714479,0.0650150819261714,7920.89794921875,-8406.263671875,"Epi_SecB","#56B4E9"
"knkncken-1",-1.73452538898301,-3.48171913190287,7932.7822265625,-8376.4384765625,"Epi_SecB","#56B4E9"
"knkndcfb-1",-0.270849532392741,-2.14147531552714,7925.11279296875,-8385.478515625,"Epi_SecB","#56B4E9"
"knknfgla-1",-2.17591447284532,-3.73595892949503,7948.87255859375,-8380.6552734375,"Epi_SecB","#56B4E9"
"knknhabn-1",-3.36710066249681,-3.73519885106486,7945.48828125,-8348.951171875,"Epi_SecB","#56B4E9"
"knknhlck-1",-2.3933309977324,-3.65207182927531,7951.54541015625,-8358.4755859375,"Epi_SecB","#56B4E9"
"knknjdeb-1",-3.85878080776048,-3.71537792249125,7957.9384765625,-8347.8291015625,"Epi_SecB","#56B4E9"
"knknnclh-1",3.84188967296767,-1.5679004149,7964.52685546875,-8517.48828125,"Macrophage","#CC79A7"
"knknocma-1",4.60679774830031,1.23631895021993,7954.69384765625,-8515.7333984375,"Macrophage","#CC79A7"
"knknoheh-1",4.73687177250075,1.14285779432852,7969.22265625,-8535.9228515625,"Macrophage","#CC79A7"
"knkojbjf-1",3.35063129017043,0.653575365110223,7948.74462890625,-8545.927734375,"Epi_SecB","#56B4E9"
"knkojfhh-1",3.61544709751296,-1.8173220114271,7958.49609375,-8539.8203125,"Macrophage","#CC79A7"
"knkolijl-1",3.73089628765273,-1.28624462647837,7962.142578125,-8549.328125,"Macrophage","#CC79A7"
"knkoniii-1",3.95044951984572,-0.313901688293632,7949.8544921875,-8541.0908203125,"Mesenchymal","#F0E442"
"knkpacep-1",3.25291638919997,-2.43001663251322,7970.73583984375,-8526.3837890625,"Macrophage","#CC79A7"
"knkpahpo-1",-4.13378281047654,-3.2579411224882,7969.244140625,-8584.9775390625,"Epi_SecB","#56B4E9"
"knkpdbik-1",2.23936837265181,0.229945932193582,7964.95166015625,-8600.396484375,"Epi_SecB","#56B4E9"
"knkpfiei-1",-5.32993502071214,2.89682519869405,7952.67431640625,-8680.40625,"Epi_SecA","#E69F00"
"knkphcpg-1",-2.27469295909715,-2.27915250821512,7963.29638671875,-8672.7578125,"Epi_SecB","#56B4E9"
"knkphhoj-1",-4.68213934352708,2.27624214129049,7954.80224609375,-8650.3603515625,"Epi_SecA","#E69F00"
"knkphjbg-1",-3.23940700939012,-3.55214964909952,7928.87255859375,-8613.494140625,"Epi_SecB","#56B4E9"
"knkpnfmc-1",-6.12081140926194,-2.51940619512003,7935.47314453125,-8624.45703125,"Epi_SecA","#E69F00"
"knlageme-1",-2.87506002834153,-3.48557555241984,7944.02490234375,-8616.9775390625,"Epi_SecB","#56B4E9"
"knlakmnh-1",-3.71690124919725,-3.49345647855204,7992.0439453125,-8692.6025390625,"Epi_SecB","#56B4E9"
"knlaphpd-1",2.39832454273391,1.30530667738516,7947.49169921875,-8574.6005859375,"Epi_SecB","#56B4E9"
"knlapnlh-1",4.0563555295198,-0.969716127351935,7946.7998046875,-8564.4697265625,"Macrophage","#CC79A7"
"knlbbipm-1",3.91351681301284,-1.16494893594187,7951.51953125,-8557.46484375,"Macrophage","#CC79A7"
"knlbdcna-1",4.29943996021438,-0.309924464062865,7953.5546875,-8549.7099609375,"Macrophage","#CC79A7"
"knlbefpn-1",3.1752074296205,1.68326080278951,7954.95361328125,-8553.16796875,"Epi_SecB","#56B4E9"
"knlbfnnd-1",4.4753680760591,-0.521138335899528,7949.537109375,-8501.708984375,"Macrophage","#CC79A7"
"knlbnlal-1",6.19003491947341,-5.02014791531962,7895.1943359375,-8268.185546875,"Plasma cell","#005685"
"knlbpmjm-1",4.94263225147414,-2.72927104993265,7891.57861328125,-8275.2109375,"Macrophage","#CC79A7"
"knlcchha-1",-4.19757885387254,-3.40467345281046,7885.4443359375,-8283.59765625,"Epi_SecB","#56B4E9"
"knlcegpi-1",9.36061721393752,-1.48622643514078,7907.79443359375,-8283.982421875,"Mesenchymal","#F0E442"
"knlceifd-1",-7.18190044811082,-0.411769177154716,7890.66748046875,-8297.9140625,"Epi_SecA","#E69F00"
"knlcikcd-1",-7.64019722392869,-0.385476346449073,7903.38427734375,-8293.62109375,"Epi_SecA","#E69F00"
"knlckebk-1",-2.94465012004686,-0.433049644664939,7882.673828125,-8292.4599609375,"Epi_SecA","#E69F00"
"knlcnnnf-1",-0.846347040441753,-2.90777051015299,7828.3310546875,-8287.271484375,"Epi_SecB","#56B4E9"
"knldfdnp-1",-1.82277936389756,-3.57444917722147,7828.46435546875,-8295.1845703125,"Epi_SecB","#56B4E9"
"knldhdjh-1",5.50350862095046,-4.96284448666971,7834.54248046875,-8283.1787109375,"Macrophage","#CC79A7"
"knldjbhn-1",-1.72370333125901,-3.55219304128092,7830.80224609375,-8278.583984375,"Epi_SecB","#56B4E9"
"knldjfel-1",3.80635171482253,-1.77571844621104,7839.4853515625,-8287.3291015625,"Macrophage","#CC79A7"
"knldkggd-1",2.50170486519027,-2.49010049863261,7838.2734375,-8296.8046875,"Mesenchymal","#F0E442"
"knldncab-1",-3.16667193820787,-3.67776429219645,7854.57470703125,-8290.6455078125,"Epi_SecB","#56B4E9"
"knldpdgf-1",-3.71621794154954,-3.54432618184489,7872.9228515625,-8288.7822265625,"Epi_SecA","#E69F00"
"knleclhl-1",-3.58608335903001,-3.16453635259074,7859.72705078125,-8274.150390625,"Epi_SecB","#56B4E9"
"knlemkfm-1",-2.30711883952928,-3.63162171407145,7846.607421875,-8335.7978515625,"Epi_SecB","#56B4E9"
"knlenlhc-1",4.20749359676528,-5.35351669354838,7850.61328125,-8323.6015625,"Epi_SecB","#56B4E9"
"knlfakec-1",-4.17119688442063,-3.10716330571574,7865.892578125,-8316.109375,"Epi_SecB","#56B4E9"
"knlfbcjm-1",-4.24001211574388,-3.63238989873331,7869.79150390625,-8304.41015625,"Epi_SecA","#E69F00"
"knlfceeh-1",-4.42776197841478,-3.52122580571574,7833.81689453125,-8312.875,"Epi_SecA","#E69F00"
"knlfjcfc-1",-2.60122222354722,-4.0460110859434,7845.23779296875,-8319.6943359375,"Epi_SecB","#56B4E9"
"knlfjnnj-1",-2.22131533077073,-3.45974456830424,7846.1884765625,-8303.314453125,"Epi_SecA","#E69F00"
"knlgcaah-1",-3.35360998561692,-3.82380854649943,7847.65771484375,-8311.083984375,"Epi_SecA","#E69F00"
"knlgeack-1",-5.6642860834868,2.74019897417623,7908.73486328125,-8334.390625,"Epi_SecA","#E69F00"
"knlgelhc-1",-7.18464130809617,-0.622861798242743,7907.728515625,-8325.4609375,"Epi_SecA","#E69F00"
"knlghdia-1",-4.03276438167405,-3.38908469243449,7881.5830078125,-8316.89453125,"Epi_SecA","#E69F00"
"knlghdkh-1",-3.45614237239671,-3.87876402898234,7889.0927734375,-8334.4853515625,"Epi_SecB","#56B4E9"
"knlhbepg-1",-4.18230194499803,-2.95621907277506,7889.82958984375,-8311.1865234375,"Epi_SecA","#E69F00"
"knlhdaep-1",10.447972827646,5.94852054552633,7919.4951171875,-8272.3857421875,"Endothelial","#D55E00"
"knlhench-1",10.5155387456148,6.04865491823751,7926.37890625,-8265.3359375,"Endothelial","#D55E00"
"knlhgdpj-1",10.1211886937349,5.96057069735128,7916.33740234375,-8264.7578125,"Endothelial","#D55E00"
"knlhibgo-1",10.187718921396,5.45199144320089,7921.95556640625,-8254.8203125,"Endothelial","#D55E00"
"knlhpgni-1",7.97191386768508,-1.55196463628214,7926.6435546875,-8248.1337890625,"Mesenchymal","#F0E442"
"knliaafd-1",-7.75770134380174,2.45603526072103,7940.14501953125,-8305.1748046875,"Epi_SecA","#E69F00"
"knliahmg-1",-3.28179783275437,1.14117491678793,7919.31640625,-8305.685546875,"Epi_SecA","#E69F00"
"knlidhoh-1",-7.07887310436082,-1.88325130505961,7922.94140625,-8314.626953125,"Epi_SecA","#E69F00"
"knligmbm-1",-8.42305893352342,1.12522101835806,7939.42529296875,-8322.193359375,"Epi_SecA","#E69F00"
"knlijgbp-1",-7.79516357829881,2.12271392778951,7945.669921875,-8312.70703125,"Epi_SecA","#E69F00"
"knlikmjc-1",-7.66208023479295,2.10468471483785,7949.9404296875,-8290.544921875,"Epi_SecA","#E69F00"
"knliloon-1",-8.08765263011766,1.88806558088857,7940.07080078125,-8297.99609375,"Epi_SecA","#E69F00"
"knlinjeg-1",-8.18137306621385,2.01369345621664,7924.818359375,-8300.109375,"Epi_SecA","#E69F00"
"knljcjbh-1",-2.424035734442,3.17505300478536,7914.380859375,-8292.296875,"Epi_SecA","#E69F00"
"knljcplc-1",-5.85274500301194,2.73468888239462,7919.80859375,-8287.521484375,"Epi_SecA","#E69F00"
"knljfoop-1",-6.72607607295823,-1.37593936486643,7922.80810546875,-8327.2958984375,"Epi_SecA","#E69F00"
"knljgkno-1",-3.93196625163865,-3.49260842366617,7928.806640625,-8338.5400390625,"Epi_SecB","#56B4E9"
"knljnbje-1",-7.20066255977464,0.80404633717138,7925.09228515625,-8350.228515625,"Epi_SecA","#E69F00"
"knlkpebo-1",-3.75226396968675,-3.7587190823118,7915.6640625,-8330.4921875,"Epi_SecA","#E69F00"
"knlkpgnm-1",-7.2889255945952,0.292762432857339,7912.4443359375,-8345.005859375,"Epi_SecA","#E69F00"
"knllacmj-1",-4.28024763515306,2.41747248606283,7912.58544921875,-8337.8154296875,"Epi_SecB","#56B4E9"
"knlldmeg-1",-6.48172993114305,1.09640419916708,7917.716796875,-8335.865234375,"Epi_SecA","#E69F00"
"knllgddp-1",-7.58069176128221,0.827610675855462,7949.82177734375,-8324.8681640625,"Epi_SecA","#E69F00"
"knlljdmn-1",-4.1273922388823,-3.20365345044535,7940.49267578125,-8337.8955078125,"Epi_SecA","#E69F00"
"knllnkom-1",-4.81802935054612,-1.94298421903055,7949.15185546875,-8336.2509765625,"Epi_SecA","#E69F00"
"knllohbl-1",-0.154511815813304,-2.95095121426981,7956.16455078125,-8333.0966796875,"Epi_SecA","#E69F00"
"knllohlo-1",-7.27392143657518,2.06389010386068,7970.91943359375,-8316.8837890625,"Epi_SecA","#E69F00"
"knllpjai-1",-6.78160614421678,0.741961304708306,7980.84423828125,-8324.7451171875,"Epi_SecA","#E69F00"
"knlmbebl-1",-8.09340042522264,1.4378665729006,7962.65576171875,-8325.4736328125,"Epi_SecA","#E69F00"
"knlmcomp-1",9.15306525776076,-0.530785258249457,7933.70166015625,-8233.904296875,"Mesenchymal","#F0E442"
"knlmdmkg-1",-4.33007091930223,3.51126301722128,7926.529296875,-8193.7158203125,"Mesenchymal","#F0E442"
"knlmfbkj-1",-1.55965275218797,2.77609384493429,7921.61181640625,-8203.267578125,"Epi_SecA","#E69F00"
"knlmhcoa-1",9.18391471454787,0.389775876565759,7935.50634765625,-8199.30078125,"Mesenchymal","#F0E442"
"knlmloaa-1",8.5724196965425,-0.130035850540812,7941.42138671875,-8193.255859375,"Mesenchymal","#F0E442"
"knlmpndp-1",5.77129560062575,-4.98707782788676,7939.638671875,-8243.8828125,"T cell","#1C91D4"
"knlnboje-1",9.63068442890334,-1.47251140637797,7943.41796875,-8233.8173828125,"Mesenchymal","#F0E442"
"knlnelmf-1",9.26892905780959,-0.704883988336738,7950.1962890625,-8194.568359375,"Mesenchymal","#F0E442"
"knlnfkgp-1",-1.83698100498033,3.34309637980062,7953.19287109375,-8181.76416015625,"Epi_SecA","#E69F00"
"knlnmigi-1",-8.55176205089402,-1.27037584348124,7950.189453125,-8168.51416015625,"Epi_SecA","#E69F00"
"knlnnfem-1",-8.20871872356248,-1.06583421988886,7935.85009765625,-8176.26904296875,"Epi_SecA","#E69F00"
"knlommao-1",-8.61705440929246,1.38504517511923,7942.095703125,-8167.2109375,"Epi_SecA","#E69F00"
"knlopeag-1",-7.1398548548491,1.43588018850881,7971.15185546875,-8266.3203125,"Epi_SecA","#E69F00"
"knlpcgei-1",-8.59491581371141,1.67842078642446,7974.4501953125,-8259.8154296875,"Epi_SecA","#E69F00"
"knlphgcm-1",9.72762256214309,-1.88528930707377,7946.2900390625,-8244.935546875,"Mesenchymal","#F0E442"
"knmaeaod-1",-7.22788090160203,0.874728803201501,7947.59228515625,-8267.3330078125,"Epi_SecA","#E69F00"
"knmahegi-1",-6.96679014613938,0.365644816919152,7961.8779296875,-8269.2919921875,"Epi_SecA","#E69F00"
"knmaiabk-1",-7.88353390147996,0.790536527200524,7978.833984375,-8223.7822265625,"Epi_SecA","#E69F00"
"knmakaof-1",8.92675929615188,-0.973575766519721,7962.126953125,-8217.62890625,"Mesenchymal","#F0E442"
"knmakjkm-1",7.97803121158767,-0.337949971989806,7970.55419921875,-8223.1630859375,"Mesenchymal","#F0E442"
"knmalcpj-1",3.43608003208327,3.23201334909994,7966.0849609375,-8229.8994140625,"Epi_SecA","#E69F00"
"knmammbg-1",7.37330537388015,1.67550909952718,7955.4580078125,-8222.4755859375,"Mesenchymal","#F0E442"
"knmandpp-1",9.29639487812209,-0.345825220779593,7955.9462890625,-8206.7509765625,"Mesenchymal","#F0E442"
"knmapcal-1",9.33207660267043,-0.765825207666572,7964.64892578125,-8211.791015625,"Mesenchymal","#F0E442"
"knmbafhh-1",8.96600013324904,-0.679500873521979,7965.708984375,-8206.6552734375,"Mesenchymal","#F0E442"
"knmbjdcf-1",9.58233314106154,2.098638896509,7742.9091796875,-7755.8154296875,"Mesenchymal","#F0E442"
"knmbjpep-1",11.1690192753999,0.699084703489129,7752.6533203125,-7756.83642578125,"Mesenchymal","#F0E442"
"knmcddkj-1",9.10118251392531,2.78030837015707,7727.90966796875,-7751.65576171875,"Mesenchymal","#F0E442"
"knmcdiam-1",8.58969979831862,2.03296530680258,7735.8984375,-7752.30810546875,"Mesenchymal","#F0E442"
"knmcfcho-1",11.3438287312715,1.73507786230642,7648.56591796875,-7754.8515625,"Mesenchymal","#F0E442"
"knmcgleo-1",-3.33621639659715,-0.258435230092223,7639.712890625,-7772.69677734375,"Epi_SecA","#E69F00"
"knmcglha-1",11.1295123631685,0.925849203630273,7645.08447265625,-7766.00634765625,"Mesenchymal","#F0E442"
"knmckbkm-1",-3.86094183376145,-0.899126108125861,7631.3974609375,-7788.755859375,"Epi_SecA","#E69F00"
"knmckjke-1",8.30762725422072,2.22322905497152,7647.22216796875,-7789.21435546875,"Mesenchymal","#F0E442"
"knmckmie-1",9.4186749989717,2.36493432955343,7653.5810546875,-7792.9521484375,"Mesenchymal","#F0E442"
"knmclghg-1",10.386919551584,4.25377166704733,7655.16015625,-7760.08837890625,"Endothelial","#D55E00"
"knmcmdkb-1",6.71827178547072,3.84084332422811,7661.041015625,-7793.23095703125,"Endothelial","#D55E00"
"knmcnbep-1",9.96609931537795,5.96559036211569,7659.99951171875,-7778.947265625,"Endothelial","#D55E00"
"knmdaibf-1",10.0817370946138,1.00674379305441,7653.48095703125,-7779.16552734375,"Mesenchymal","#F0E442"
"knmdgjdi-1",9.0375485951631,1.32484102682668,7722.59814453125,-7759.4501953125,"Mesenchymal","#F0E442"
"knmdhjni-1",6.64130263874221,-1.0850769238035,7765.8486328125,-7750.36328125,"Mesenchymal","#F0E442"
"knmdlakm-1",10.8112788731782,0.994694237275903,7744.63232421875,-7787.0791015625,"Mesenchymal","#F0E442"
"knmdljkg-1",7.81212001392531,2.16084921793539,7744.86083984375,-7798.19482421875,"Mesenchymal","#F0E442"
"knmecija-1",10.1577449376314,1.05838036970693,7758.21826171875,-7790.79052734375,"Mesenchymal","#F0E442"
"knmeebne-1",10.5984101826875,0.899412934346978,7737.33837890625,-7794.82373046875,"Mesenchymal","#F0E442"
"knmeeejl-1",7.89298253605056,2.33779538111288,7751.1376953125,-7783.728515625,"Mesenchymal","#F0E442"
"knmenpho-1",10.646763377878,0.370633546872918,7760.52001953125,-7763.3408203125,"Mesenchymal","#F0E442"
"knmepaii-1",11.4727521474092,1.29538512663442,7756.28857421875,-7777.1845703125,"Mesenchymal","#F0E442"
"knmfabik-1",6.99197249958205,-0.198504182831462,7726.53271484375,-7771.044921875,"Mesenchymal","#F0E442"
"knmfbfpf-1",10.6447368199556,0.335924868150537,7751.7841796875,-7771.1650390625,"Mesenchymal","#F0E442"
"knmfegdd-1",11.2267375523775,1.59714532332021,7745.6533203125,-7765.60205078125,"Mesenchymal","#F0E442"
"knmffmjk-1",10.3714728886812,0.479366843267266,7739.89208984375,-7772.77783203125,"Mesenchymal","#F0E442"
"knmfgeop-1",10.6128669316499,-0.0491523699323491,7722.6884765625,-7786.3828125,"Mesenchymal","#F0E442"
"knmfgnfa-1",7.79284768650222,3.61710203127462,7720.5029296875,-7798.9560546875,"Endothelial","#D55E00"
"knmfiioo-1",9.58706718036818,1.65945661501486,7731.3330078125,-7783.92822265625,"Mesenchymal","#F0E442"
"knmfllnd-1",9.15909724781203,5.53241050676901,7714.8193359375,-7793.49853515625,"Endothelial","#D55E00"
"knmfmooc-1",-1.3253447478087,0.537576441331689,7643.91064453125,-7826.072265625,"Epi_SecA","#E69F00"
"knmgiifd-1",-1.28506535938096,0.389064912362878,7641.9287109375,-7816.9755859375,"Epi_SecA","#E69F00"
"knmgljfc-1",-1.19857603957963,1.19147122339803,7641.78759765625,-7838.13671875,"Epi_SecA","#E69F00"
"knmgnbdh-1",11.1169658238618,1.39985299543936,7652.34619140625,-7837.8583984375,"Mesenchymal","#F0E442"
"knmgpdjd-1",6.4178729588716,3.72385347323019,7660.99365234375,-7829.8916015625,"Pericyte_SM","#0072B2"
"knmhapna-1",10.8256927067964,0.850448255105798,7654.92578125,-7822.99365234375,"Mesenchymal","#F0E442"
"knmhhmda-1",-1.78989500453782,-0.120649339021261,7616.7255859375,-7830.0390625,"Epi_SecA","#E69F00"
"knmhkcpg-1",7.50994163105178,3.05434024767477,7657.0576171875,-7948.16845703125,"Mesenchymal","#F0E442"
"knmiceep-1",9.99203258106398,1.61428487734396,7674.90185546875,-7950.19873046875,"Mesenchymal","#F0E442"
"knmicpmc-1",11.3111205632417,0.867115442319696,7667.23095703125,-7949.0078125,"Mesenchymal","#F0E442"
"knmiffjk-1",10.3110766942232,4.30239332155782,7669.857421875,-7959.99853515625,"Endothelial","#D55E00"
"knmifomh-1",8.87222915241408,3.51812994913656,7672.27880859375,-7971.5078125,"Mesenchymal","#F0E442"
"knmigdga-1",9.68490939685988,5.72016466097433,7665.1806640625,-7971.125,"Endothelial","#D55E00"
"knmiggbd-1",9.79860740253615,2.2198911948641,7677.4658203125,-7961.94287109375,"Mesenchymal","#F0E442"
"knmiiceo-1",10.6845384175508,5.77069271044332,7619.55126953125,-7967.13818359375,"Endothelial","#D55E00"
"knmimclm-1",10.4929643208711,1.50195026831228,7626.6484375,-7962.59375,"Mesenchymal","#F0E442"
"knmiohol-1",9.78524451801467,2.38585484461385,7622.4609375,-7956.40185546875,"Mesenchymal","#F0E442"
"knmjcbec-1",5.22541480610061,-1.26655065579813,7629.55517578125,-7946.587890625,"Mesenchymal","#F0E442"
"knmjibjk-1",11.3158689076631,1.07208824591238,7663.77294921875,-7896.51953125,"Mesenchymal","#F0E442"
"knmjjbnk-1",8.85915999958205,4.75619018511373,7675.423828125,-7896.0302734375,"Endothelial","#D55E00"
"knmjjpik-1",5.73657184192824,-0.563965018228705,7654.97900390625,-7900.39990234375,"Macrophage","#CC79A7"
"knmjkahc-1",8.58458428928542,4.01913822130758,7662.896484375,-7843.724609375,"Endothelial","#D55E00"
"knmjklie-1",8.158798747751,2.79550707773763,7658.01318359375,-7868.5986328125,"Mesenchymal","#F0E442"
"knmjlbdp-1",9.4905801350801,4.96705759005148,7665.42822265625,-7859.72705078125,"Endothelial","#D55E00"
"knmjogio-1",7.69948583194899,4.35238779024679,7671.2998046875,-7873.84423828125,"Endothelial","#D55E00"
"knmjpani-1",10.6781926686494,1.50858545736868,7656.67724609375,-7881.681640625,"Mesenchymal","#F0E442"
"knmjplic-1",10.0049377019136,3.88972986177999,7667.96875,-7884.9091796875,"Endothelial","#D55E00"
"knmjpmka-1",8.01275020191359,2.33632028536398,7662.01806640625,-7874.7216796875,"Mesenchymal","#F0E442"
"knmkdfbp-1",4.24511080333876,-1.69902872605723,7627.99755859375,-7913.8955078125,"Mesenchymal","#F0E442"
"knmkekni-1",2.39903145382094,3.1441448970278,7639.9580078125,-7901.8798828125,"Epi_SecA","#E69F00"
"knmkkkcj-1",3.57661395618605,0.837187294526879,7636.73486328125,-7909.12841796875,"Mesenchymal","#F0E442"
"knmklnmd-1",10.5938506657808,1.42342925505239,7670.5,-7932.7705078125,"Mesenchymal","#F0E442"
"knmknkfi-1",2.29360216209578,2.4332336230715,7651.3681640625,-7941.97021484375,"Epi_SecA","#E69F00"
"knmlcaej-1",3.10836749622512,1.29441690878469,7647.81787109375,-7931.85400390625,"Mesenchymal","#F0E442"
"knmlcjfh-1",5.44521003315139,2.88050139383871,7657.5263671875,-7933.0263671875,"Mesenchymal","#F0E442"
"knmleelk-1",2.69879227230239,1.24017060236532,7652.96923828125,-7932.7939453125,"Epi_SecA","#E69F00"
"knmlgejn-1",10.6202321583955,0.815664712949578,7664.58447265625,-7937.513671875,"Mesenchymal","#F0E442"
"knmlllll-1",7.36094623157668,2.20246756510336,7648.2041015625,-7909.650390625,"Mesenchymal","#F0E442"
"knmlmfak-1",3.20502214977431,2.10461247400839,7645.15087890625,-7915.1337890625,"Epi_SecA","#E69F00"
"knmmahcp-1",10.28958278248,1.33529878096182,7679.275390625,-7941.61328125,"Mesenchymal","#F0E442"
"knmmdmfe-1",10.2801347310274,2.270269755884,7675.86474609375,-7927.74267578125,"Mesenchymal","#F0E442"
"knmmeooh-1",9.2988658482759,4.89371908144552,7677.22119140625,-7907.44384765625,"Endothelial","#D55E00"
"knmmffff-1",10.6986280019014,5.19710910753805,7615.98046875,-7951.6083984375,"Endothelial","#D55E00"
"knmmgjkf-1",5.09867339679885,-0.0712396515021877,7634.1484375,-7928.6435546875,"Mesenchymal","#F0E442"
"knmmkglk-1",9.29786544391799,3.36979639963705,7621.0634765625,-7946.642578125,"Mesenchymal","#F0E442"
"knmmnppp-1",8.96630817005324,2.28412163691122,7622.6708984375,-7939.7705078125,"Mesenchymal","#F0E442"
"knmmpede-1",9.26549010822463,1.94094169573385,7669.37939453125,-7908.7763671875,"Mesenchymal","#F0E442"
"knmmpkfe-1",8.6559362942903,2.28764617876608,7661.25537109375,-7923.58837890625,"Mesenchymal","#F0E442"
"knmmpopj-1",10.571206622812,0.814682845636193,7672.8388671875,-7917.1201171875,"Mesenchymal","#F0E442"
"knmnakol-1",10.0228581959932,2.08039820627767,7664.44287109375,-7913.1650390625,"Mesenchymal","#F0E442"
"knmnamdo-1",8.61528592655349,1.16534805731374,7618.04638671875,-7889.6396484375,"Mesenchymal","#F0E442"
"knmncmip-1",-2.45748586108995,-0.886556144193824,7620.18310546875,-7879.00634765625,"Epi_SecA","#E69F00"
"knmndfnc-1",-1.44195074489427,1.63714135126669,7620.00390625,-7898.51318359375,"Epi_SecA","#E69F00"
"knmnndbn-1",1.42868953296828,2.31334221796591,7641.34228515625,-7859.69287109375,"Epi_SecA","#E69F00"
"knmnnnba-1",10.2648511464326,1.25235879854757,7650.02197265625,-7886.9013671875,"Mesenchymal","#F0E442"
"knmobejf-1",7.19636588642287,2.68139517740804,7643.80615234375,-7869.3896484375,"Mesenchymal","#F0E442"
"knmocipa-1",7.38459020206618,2.76335418657858,7656.087890625,-7857.84619140625,"Mesenchymal","#F0E442"
"knmocnam-1",0.0246910388200272,2.07786715464193,7642.76123046875,-7879.412109375,"Epi_SecA","#E69F00"
"knmodall-1",-2.91707581928086,-1.35301696820658,7626.43505859375,-7890.21923828125,"Epi_SecA","#E69F00"
"knmoeokg-1",5.22330575534987,-0.398595298961814,7647.22265625,-7898.61962890625,"Macrophage","#CC79A7"
"knmojefh-1",1.56974255392241,2.41386878923971,7639.5576171875,-7891.3486328125,"Epi_SecA","#E69F00"
"knmokced-1",6.24558787891555,1.39389884905416,7621.0810546875,-7906.35986328125,"Epi_SecA","#E69F00"
"knmpakjg-1",-3.99483723094773,-1.20670401616495,7621.1494140625,-7855.66015625,"Epi_SecA","#E69F00"
"knmpeedd-1",-0.512185043600322,1.03792930082876,7632.09033203125,-7877.33544921875,"Epi_SecA","#E69F00"
"knmpfgob-1",-3.3902530138762,-1.35330831571024,7623.451171875,-7865.40283203125,"Epi_SecA","#E69F00"
"knmpfnea-1",-1.46461147716355,0.451173429055993,7636.31640625,-7864.78955078125,"Epi_SecA","#E69F00"
"knmpgkna-1",-1.93851012637925,-0.327151994542296,7636.7646484375,-7851.15625,"Epi_SecA","#E69F00"
"knmpomfk-1",-3.27991480281663,-1.03983461423319,7628.7998046875,-7844.6533203125,"Epi_SecA","#E69F00"
"knnaaagm-1",9.03886657306838,1.63512433008749,7690.3701171875,-7937.8662109375,"Mesenchymal","#F0E442"
"knnacbmd-1",8.85181479999709,2.20860326723654,7685.37548828125,-7956.16357421875,"Mesenchymal","#F0E442"
"knnadehb-1",9.81543593952346,1.87436724142629,7691.47021484375,-7951.861328125,"Mesenchymal","#F0E442"
"knnahkpc-1",8.18137460300612,1.94265330271322,7698.43017578125,-7955.95849609375,"Mesenchymal","#F0E442"
"knnaiehk-1",7.41967969486403,0.307653044029061,7702.3857421875,-7939.9580078125,"Mesenchymal","#F0E442"
"knnalbdb-1",7.98785787174392,2.0755549712618,7707.68505859375,-7953.10888671875,"Mesenchymal","#F0E442"
"knnalbdj-1",9.96780067035842,1.14766180948812,7704.57275390625,-7961.7509765625,"Mesenchymal","#F0E442"
"knnapblg-1",9.77728896686721,2.55144417719442,7715.42041015625,-7949.38720703125,"Mesenchymal","#F0E442"
"knnbambl-1",5.11435609409499,3.65236413912374,7739.62451171875,-7946.1298828125,"Mesenchymal","#F0E442"
"knnbgeoa-1",9.32231574604201,1.98435628847677,7731.9072265625,-7954.9326171875,"Mesenchymal","#F0E442"
"knnbhhpd-1",8.61769252369094,3.21715271906454,7731.22314453125,-7939.63525390625,"Mesenchymal","#F0E442"
"knnbjegh-1",6.30423360416579,3.62564552263815,7722.24755859375,-7951.5087890625,"Mesenchymal","#F0E442"
"knnbmcpo-1",5.21691566059279,3.67835104899008,7726.34912109375,-7907.2919921875,"Mesenchymal","#F0E442"
"knnbpilc-1",4.94123607227492,3.45841896967489,7727.6259765625,-7914.72119140625,"Mesenchymal","#F0E442"
"knncbade-1",7.5259314114778,2.98179161982137,7721.27978515625,-7928.56884765625,"Mesenchymal","#F0E442"
"knncdbai-1",7.9008584553926,2.79914439158041,7730.81591796875,-7922.232421875,"Mesenchymal","#F0E442"
"knncefbk-1",10.2635970647066,1.50237620310384,7712.68603515625,-7917.84423828125,"Mesenchymal","#F0E442"
"knncilfj-1",8.56060367176223,2.310641889139,7713.2802734375,-7931.45751953125,"Mesenchymal","#F0E442"
"knncmopi-1",9.55133300373244,5.90959489779073,7689.78271484375,-7913.267578125,"Endothelial","#D55E00"
"knncpadl-1",8.98630958149123,4.54040182070333,7692.154296875,-7924.84814453125,"Endothelial","#D55E00"
"knncpena-1",9.90882735798049,5.07614267305929,7682.41455078125,-7920.89599609375,"Endothelial","#D55E00"
"knncpmno-1",10.4816756779878,1.82542896704275,7701.86669921875,-7920.58251953125,"Mesenchymal","#F0E442"
"knndeofk-1",5.92835097858596,0.154557515545671,7733.3857421875,-7966.4951171875,"Mesenchymal","#F0E442"
"knndmejk-1",8.45214658329177,3.03994000391561,7739.74755859375,-7962.43017578125,"Mesenchymal","#F0E442"
"knndncja-1",9.13784747669387,2.43875825838644,7698.53173828125,-7975.78515625,"Mesenchymal","#F0E442"
"knndomlb-1",6.59075027057814,3.41236818270284,7693.01904296875,-7962.724609375,"Mesenchymal","#F0E442"
"knndpajb-1",9.53983550617385,2.14996636347372,7700.98291015625,-7967.97900390625,"Mesenchymal","#F0E442"
"knneacpb-1",5.37394576618361,2.83459985689718,7720.28955078125,-7973.09814453125,"Mesenchymal","#F0E442"
"knnebapi-1",5.52355247089553,1.66996694044668,7752.3720703125,-7837.40185546875,"B cell","#D5C711"
"knnedmmm-1",7.39916043827224,2.73592079119283,7749.2001953125,-7819.5029296875,"Mesenchymal","#F0E442"
"knnefpcb-1",10.1570697362154,1.35902321772176,7755.572265625,-7818.806640625,"Mesenchymal","#F0E442"
"knnegdfi-1",4.7573254639833,2.80532682375509,7753.4306640625,-7849.99072265625,"Plasma cell","#005685"
"knneglob-1",4.41715293476271,3.00297534899313,7713.0830078125,-7840.57763671875,"Mesenchymal","#F0E442"
"knnenfja-1",4.99511533329177,3.62168109850485,7738.82177734375,-7840.525390625,"Mesenchymal","#F0E442"
"knnfbpcd-1",8.3865213925569,3.38396442370016,7745.58056640625,-7832.0869140625,"Mesenchymal","#F0E442"
"knnfejcp-1",4.51551824161696,3.14103067354757,7723.5751953125,-7839.42822265625,"Plasma cell","#005685"
"knnfhalm-1",9.37041907856154,4.75108421282369,7735.42626953125,-7825.5185546875,"Endothelial","#D55E00"
"knnfngod-1",4.68936400959182,3.52286637262899,7731.9462890625,-7842.15673828125,"Mesenchymal","#F0E442"
"knnfnokc-1",6.937212520334,3.35955346064169,7729.13818359375,-7828.4560546875,"Mesenchymal","#F0E442"
"knnfonjj-1",7.9532790715425,4.41028917269308,7712.8837890625,-7817.330078125,"Endothelial","#D55E00"
"knngdphg-1",5.17728000232863,2.26196563677389,7720.3154296875,-7834.47412109375,"Plasma cell","#005685"
"knngkfpo-1",5.26445251056838,2.97935831980306,7716.13330078125,-7829.9580078125,"Mesenchymal","#F0E442"
"knngoiff-1",5.51437335560012,3.76866400675375,7722.4287109375,-7818.4306640625,"Mesenchymal","#F0E442"
"knngolnb-1",8.67699819156813,3.76861465410787,7725.73388671875,-7805.2080078125,"Mesenchymal","#F0E442"
"knnhbamo-1",8.70196538517165,5.09448802904684,7730.64306640625,-7817.0146484375,"Endothelial","#D55E00"
"knnhejgb-1",9.51463752338576,6.06472862200338,7740.71923828125,-7817.0791015625,"Endothelial","#D55E00"
"knnheleb-1",9.30016284534621,2.9445256038149,7743.50927734375,-7808.61669921875,"Mesenchymal","#F0E442"
"knnhmlha-1",10.3806663090913,4.2233079715212,7704.1171875,-7892.54248046875,"Endothelial","#D55E00"
"knnhpejj-1",10.6852441365449,2.54875481562216,7706.10693359375,-7903.83251953125,"Endothelial","#D55E00"
"knnhpeka-1",8.74918466159987,5.16123617128927,7681.916015625,-7898.14208984375,"Endothelial","#D55E00"
"knnifael-1",7.30405145237136,3.57507455782491,7714.22021484375,-7889.3681640625,"Mesenchymal","#F0E442"
"knnilmkj-1",5.30613809177565,3.39847910837728,7722.71826171875,-7897.669921875,"Mesenchymal","#F0E442"
"knnimfag-1",7.47485309192824,3.2438854022463,7717.17578125,-7904.4375,"Mesenchymal","#F0E442"
"knnipkco-1",7.96993022510695,4.64174640612203,7702.91357421875,-7882.07275390625,"Endothelial","#D55E00"
"knnjgode-1",4.85570865223098,0.667697851224725,7687.1396484375,-7878.017578125,"Mast","#AD7700"
"knnjidlc-1",5.0841908986299,3.63802040056783,7710.431640625,-7875.91259765625,"Mesenchymal","#F0E442"
"knnjimil-1",-7.36096233775926,2.0482603354891,7811.12158203125,-8443.5927734375,"Epi_SecA","#E69F00"
"knnjlblj-1",-7.70847839763475,1.78981984095175,7812.7451171875,-8452.8349609375,"Epi_SecA","#E69F00"
"knnjochk-1",-6.24432224681687,-1.3799657778303,7833.912109375,-8423.859375,"Epi_SecA","#E69F00"
"knnkdhgo-1",-7.21066183498216,-1.27105307145518,7841.91357421875,-8421.677734375,"Epi_SecA","#E69F00"
"knnkeaod-1",-7.46481556346727,1.52495980696279,7821.58837890625,-8420.337890625,"Epi_SecA","#E69F00"
"knnkempb-1",-2.69606227329087,-3.58205997510355,7820.51416015625,-8392.763671875,"Epi_SecB","#56B4E9"
"knnkfeoi-1",-3.06568569591355,-3.36773907704752,7838.45458984375,-8397.7646484375,"Epi_SecB","#56B4E9"
"knnkjlfj-1",-4.44164986064744,-1.93931114240092,7843.75048828125,-8459.9248046875,"Epi_SecB","#56B4E9"
"knnkkiac-1",-2.55439443042588,-3.23699605031412,7875.42041015625,-8460.0888671875,"Epi_SecB","#56B4E9"
"knnkllod-1",0.0725186402528275,1.34825015501577,7870.015625,-8491.0390625,"Epi_SecB","#56B4E9"
"knnladjf-1",1.20537107536483,0.413638178869073,7910.453125,-8412.9658203125,"Epi_SecB","#56B4E9"
"knnldfno-1",0.504029178115605,-3.02850091023844,7920.080078125,-8422.3544921875,"Epi_SecB","#56B4E9"
"knnldhel-1",-2.92589277675462,-2.57854735417765,7893.51953125,-8419.19921875,"Epi_SecA","#E69F00"
"knnlfdep-1",-3.04123277118516,-3.29642474217814,7882.94580078125,-8474.390625,"Epi_SecB","#56B4E9"
"knnlilfg-1",-1.92448300769639,-3.34552919431132,7879.46875,-8382.7607421875,"Epi_SecB","#56B4E9"
"knnlkjmg-1",-3.23981518199754,-2.91644703908366,7889.9267578125,-8462.8251953125,"Epi_SecB","#56B4E9"
"knnllbmb-1",-4.39329428127122,-2.9914513783018,7884.41357421875,-8450.908203125,"Epi_SecB","#56B4E9"
"knnllfgd-1",-2.46017450740647,-2.97680341763895,7881.42431640625,-8432.236328125,"Epi_SecB","#56B4E9"
"knnlmbpk-1",-2.39351267268968,-3.67857229276102,7869.318359375,-8376.3623046875,"Epi_SecB","#56B4E9"
"knnlmeph-1",-3.25466675212693,-3.43768322034281,7871.62548828125,-8422.4267578125,"Epi_SecB","#56B4E9"
"knnlnpbj-1",-3.51871342113328,-3.33510529561442,7846.88232421875,-8412.2353515625,"Epi_SecB","#56B4E9"
"knnlphig-1",-4.25863117626023,-3.34794532819193,7865.23681640625,-8353.94140625,"Epi_SecA","#E69F00"
"knnmcpnd-1",-1.86859483173204,-3.60527431531351,7848.7265625,-8358.2412109375,"Epi_SecB","#56B4E9"
"knnmemgd-1",0.571718507501363,-0.752469773725684,7836.78173828125,-8360.1279296875,"Epi_SecB","#56B4E9"
"knnmfaec-1",-3.23924965312791,-3.71244442029398,7879.556640625,-8370.5341796875,"Epi_SecB","#56B4E9"
"knnmjbdg-1",-7.07953066280198,1.61501694159109,7799.2880859375,-8512.2978515625,"Epi_SecA","#E69F00"
"knnmkikd-1",-4.40326542308641,-2.88693677945536,7813.37890625,-8520.2646484375,"Epi_SecA","#E69F00"
"knnmkoha-1",-2.87963694980455,-3.69423925443095,7874.353515625,-8531.78515625,"Epi_SecB","#56B4E9"
"knnmlhje-1",-1.8928975527556,-3.40125929875773,7864.79443359375,-8539.1748046875,"Epi_SecB","#56B4E9"
"knnmofff-1",-5.00167936733079,-3.05940091176432,7876.32421875,-8510.8212890625,"Epi_SecA","#E69F00"
"knnnaghh-1",-4.01834148814988,-3.34236347241801,7836.76953125,-8536.2431640625,"Epi_SecB","#56B4E9"
"knnnalmk-1",-2.27275723865342,-2.7877091126005,7822.4267578125,-8510.1513671875,"Epi_SecB","#56B4E9"
"knnncock-1",-4.99496645381761,-2.81894647641581,7809.64990234375,-8563.205078125,"Epi_SecA","#E69F00"
"knnncpek-1",-3.59473175456834,-3.49696766896647,7808.818359375,-8573.25390625,"Epi_SecB","#56B4E9"
"knnnjfbo-1",-3.77406353404832,-3.67207586331766,7819.0673828125,-8598.5712890625,"Epi_SecA","#E69F00"
"knnnobpj-1",-2.83165306499314,-3.50290572209757,7820.6171875,-8541.0498046875,"Epi_SecB","#56B4E9"
"knnoancn-1",-3.84370798518968,-3.2107363895933,7815.3037109375,-8533.6552734375,"Epi_SecB","#56B4E9"
"knnoanjg-1",10.0178523595064,2.58160770372946,7650.1279296875,-8497.8330078125,"Mesenchymal","#F0E442"
"knnofngh-1",11.3304248387544,0.374826942249124,7631.0478515625,-8480.84375,"Mesenchymal","#F0E442"
"knnognbh-1",10.7335172230928,0.758079831167047,7656.59521484375,-8477.5244140625,"Mesenchymal","#F0E442"
"knnokgnl-1",11.214821391794,1.60511517958242,7654.0087890625,-8504.181640625,"Mesenchymal","#F0E442"
"knnomdno-1",10.3009629780977,2.17133629755575,7658.74853515625,-8492.494140625,"Mesenchymal","#F0E442"
"knnonpma-1",6.55552869388747,2.88155544237692,7668.62646484375,-8524.2880859375,"Mesenchymal","#F0E442"
"knnpcold-1",9.1775336796968,0.553040926023309,7728.05322265625,-8546.5556640625,"Mesenchymal","#F0E442"
"knnpcpgg-1",9.73456245014357,2.24919379191,7668.2451171875,-8544.8935546875,"Mesenchymal","#F0E442"
"knnpejhn-1",7.74240451404738,3.01118314699728,7666.93798828125,-8536.068359375,"Mesenchymal","#F0E442"
"knnpflob-1",9.44303184101271,1.39955783323843,7724.171875,-8540.943359375,"Mesenchymal","#F0E442"
"knnpfpgj-1",10.974436336252,0.921649817987268,7656.8583984375,-8527.6953125,"Mesenchymal","#F0E442"
"knnpgoli-1",9.48991351673293,2.29837334589559,7651.1904296875,-8511.341796875,"Mesenchymal","#F0E442"
"knnphhkp-1",10.5082812840669,1.23859096006948,7660.15625,-8516.5390625,"Mesenchymal","#F0E442"
"knnpjlkk-1",9.14668613025832,0.923410896821801,7654.05419921875,-8517.55859375,"Mesenchymal","#F0E442"
"knnpmogf-1",11.8020406300752,-0.273564513162787,7654.82861328125,-8539.771484375,"Mesenchymal","#F0E442"
"knnpogbl-1",8.58424096653151,1.31404769854147,7734.873046875,-8545.1455078125,"Mesenchymal","#F0E442"
"knnpomhm-1",8.50224881717849,4.90866506533224,7741.287109375,-8524.7314453125,"Endothelial","#D55E00"
"knoahfbd-1",5.26981978962111,-4.41678916974467,7750.48779296875,-8500.2177734375,"Epi_SecA","#E69F00"
"knoakicc-1",-6.59363836696458,3.22584498362142,7751.79443359375,-8513.615234375,"Epi_SecA","#E69F00"
"knoakjjo-1",0.690624625477074,-2.48751914067667,7760.4140625,-8521.30078125,"Epi_SecA","#E69F00"
"knoaomno-1",10.0330596501558,4.04765880541403,7652.60009765625,-8573.6513671875,"Mesenchymal","#F0E442"
"knoaopfm-1",10.4063745076387,5.0775789065798,7658.3798828125,-8586.53515625,"Endothelial","#D55E00"
"knoapjdd-1",10.2162805134981,5.92937839464742,7648.552734375,-8590.681640625,"Endothelial","#D55E00"
"knoapjnl-1",9.09235053608107,5.2717961116274,7657.60888671875,-8597.900390625,"Endothelial","#D55E00"
"knobbahl-1",10.232435756418,2.88855421976644,7662.09375,-8578.60546875,"Mesenchymal","#F0E442"
"knobdiao-1",9.01519446918654,1.39844572977621,7717.8974609375,-8557.0263671875,"Mesenchymal","#F0E442"
"knobdnpo-1",9.22764163562941,2.84044683413107,7710.7646484375,-8551.3076171875,"Mesenchymal","#F0E442"
"knobjfof-1",12.1615796620576,0.587250237031762,7654.97509765625,-8555.8310546875,"Mesenchymal","#F0E442"
"knobjgdh-1",7.92424254963088,2.76517880396444,7677.4052734375,-8550.208984375,"Mesenchymal","#F0E442"
"knoblopj-1",9.58954768726516,3.01603496508199,7663.67919921875,-8563.7490234375,"Mesenchymal","#F0E442"
"knocgcmi-1",9.67958884784865,0.195594791932885,7621.50537109375,-8533.62109375,"Mesenchymal","#F0E442"
"knocigba-1",6.2746754224031,2.12487447695333,7611.447265625,-8548.38671875,"Mesenchymal","#F0E442"
"knocinen-1",3.53051739284682,-2.145497198538,7603.93603515625,-8545.8115234375,"Macrophage","#CC79A7"
"knocmmbn-1",10.7082381779878,0.191783074899499,7619.29638671875,-8555.9755859375,"Mesenchymal","#F0E442"
"knocnblf-1",9.67465262958693,0.503769759698693,7617.208984375,-8570.8076171875,"Mesenchymal","#F0E442"
"knodbffp-1",6.89781718799758,-1.79932009740275,7600.47119140625,-8621.8759765625,"Mesenchymal","#F0E442"
"knodfpci-1",10.4833703572481,3.58508408503134,7595.0517578125,-8649.546875,"Mesenchymal","#F0E442"
"knodgleh-1",7.21211629459548,0.0275248779495402,7604.4580078125,-8636.7021484375,"Endothelial","#D55E00"
"knodhiop-1",10.3098884160249,2.74053681330282,7598.962890625,-8633.33203125,"Mesenchymal","#F0E442"
"knoeabbn-1",8.9259763295381,1.71246123747427,7592.3837890625,-8627.6435546875,"Mesenchymal","#F0E442"
"knoedbki-1",9.83039241382766,5.6409915729006,7600.54150390625,-8665.177734375,"Endothelial","#D55E00"
"knoedmpk-1",9.79068046161818,5.98468816713888,7601.02978515625,-8679.1826171875,"Endothelial","#D55E00"
"knoeepph-1",9.79289393970656,5.15324676470358,7604.76513671875,-8653.115234375,"Endothelial","#D55E00"
"knoegeml-1",9.75240188190627,5.06755960421163,7611.05859375,-8642.0908203125,"Endothelial","#D55E00"
"knoeinfp-1",8.61328654834914,4.86362350420553,7618.95947265625,-8638.5048828125,"Endothelial","#D55E00"
"knoekbal-1",9.85858016559768,5.35050142244894,7612.3388671875,-8623.94921875,"Endothelial","#D55E00"
"knoelbde-1",8.4906178052156,1.24840045408804,7623.70263671875,-8513.76953125,"Mesenchymal","#F0E442"
"knoenbbp-1",11.0798926884859,-0.107499732957299,7641.5302734375,-8540.02734375,"Mesenchymal","#F0E442"
"knoengkb-1",11.5263820225923,0.334816132350747,7647.267578125,-8549.9951171875,"Mesenchymal","#F0E442"
"knoenipf-1",10.1416965062349,5.25247466997701,7630.017578125,-8543.42578125,"Endothelial","#D55E00"
"knoeolmb-1",7.94353728840041,3.78005493120748,7629.912109375,-8535.443359375,"Endothelial","#D55E00"
"knoepdmd-1",9.61557632038283,1.61959171728689,7638.84814453125,-8515.9189453125,"Mesenchymal","#F0E442"
"knofaoam-1",11.6304889256685,-0.399490650133307,7636.09814453125,-8527.9970703125,"Mesenchymal","#F0E442"
"knofckhm-1",11.5077653462617,1.20142269568044,7647.18359375,-8522.119140625,"Mesenchymal","#F0E442"
"knofeclg-1",11.5104165608613,-0.415314044193442,7631.6904296875,-8493.4189453125,"Mesenchymal","#F0E442"
"knofepcp-1",11.8065705830781,0.230809305473153,7633.66015625,-8509.990234375,"Mesenchymal","#F0E442"
"knofkjkm-1",11.0362487370698,-0.02427450133961,7621.14990234375,-8500.091796875,"Mesenchymal","#F0E442"
"knofmedj-1",11.7742839390962,-0.0406239697198228,7641.48046875,-8498.875,"Mesenchymal","#F0E442"
"knofngpi-1",-0.485378093031169,2.73754728273946,7621.01123046875,-8483.181640625,"Epi_SecA","#E69F00"
"knofpadl-1",11.3296390111177,0.433540825410668,7647.79150390625,-8485.056640625,"Mesenchymal","#F0E442"
"knofpgkp-1",10.987656169626,1.89940786795217,7640.71484375,-8476.09765625,"Mesenchymal","#F0E442"
"knogdafo-1",11.3170066411226,0.253810618682687,7635.32861328125,-8471.560546875,"Mesenchymal","#F0E442"
"knoghhii-1",9.53859382221389,2.50852907137472,7624.3857421875,-8584.423828125,"Mesenchymal","#F0E442"
"knogicad-1",9.70385985920119,5.40275562243063,7632.6298828125,-8585.5283203125,"Endothelial","#D55E00"
"knognjmi-1",9.54665904590773,4.94601142839987,7634.2841796875,-8594.4658203125,"Endothelial","#D55E00"
"knohabfe-1",8.80529456684279,4.64782226519186,7626.82861328125,-8598.5703125,"Endothelial","#D55E00"
"knohcdof-1",9.12622695514846,5.17369544939596,7636.65087890625,-8602.423828125,"Endothelial","#D55E00"
"knohdcaa-1",9.32561832019973,5.50707662539083,7650.59521484375,-8605.638671875,"Endothelial","#D55E00"
"knohelfp-1",8.79578452655959,5.2494162364443,7645.984375,-8611.8759765625,"Endothelial","#D55E00"
"knohhddc-1",3.76821761676955,-2.7819443897764,7588.71142578125,-8593.4697265625,"Macrophage","#CC79A7"
"knohkbop-1",5.93216186115432,-2.77462303204935,7593.8173828125,-8601,"Macrophage","#CC79A7"
"knohlapi-1",5.57600503513503,-1.59452223344248,7590.2802734375,-8606.5810546875,"Macrophage","#CC79A7"
"knohmoop-1",10.7083697850435,0.0164633287628337,7598.26416015625,-8593.1279296875,"Mesenchymal","#F0E442"
"knohogbh-1",10.0051246220796,2.00476634935934,7603.76416015625,-8607.30859375,"Mesenchymal","#F0E442"
"knohopjf-1",9.09976630756545,4.09396684603292,7615.41650390625,-8598.720703125,"Endothelial","#D55E00"
"knoiabfm-1",10.067713313791,4.04104507402975,7638.10595703125,-8576.5048828125,"Mesenchymal","#F0E442"
"knoialgk-1",6.19860129902053,-3.95861708684366,7625.1142578125,-8573.0732421875,"T cell","#1C91D4"
"knoichll-1",7.13987355777907,-0.415671135620292,7637.34423828125,-8562.654296875,"Mesenchymal","#F0E442"
"knoieeml-1",10.1838536793916,1.94482601122457,7645.83740234375,-8566.53125,"Mesenchymal","#F0E442"
"knoiehmi-1",10.8687673146455,0.47602618174154,7629.62109375,-8558.033203125,"Mesenchymal","#F0E442"
"knoildgn-1",11.0662541920869,-0.313384886221106,7603.103515625,-8585.568359375,"Mesenchymal","#F0E442"
"knojadbb-1",9.25890975544143,1.77703690962393,7613.515625,-8584.5595703125,"Mesenchymal","#F0E442"
"knojcbij-1",9.02185302326369,-0.482270176843818,7597.7216796875,-8580.5,"Mesenchymal","#F0E442"
"knojekgf-1",11.9587808186738,-0.252006481723006,7607.81396484375,-8557.646484375,"Mesenchymal","#F0E442"
"knojfjhg-1",6.98893313953566,2.2415295882662,7611.96435546875,-8577.0791015625,"Mesenchymal","#F0E442"
"knojiajl-1",11.1129594380586,0.63877636627752,7607.6279296875,-8569.765625,"Mesenchymal","#F0E442"
"knojioio-1",-5.71599811961961,0.761081163450067,7593.72412109375,-8476.544921875,"Epi_SecA","#E69F00"
"knojjpnh-1",-4.52691883495164,-0.00922936512630743,7605.58837890625,-8478.765625,"Epi_SecA","#E69F00"
"knojkfke-1",-2.26187009265733,0.551614765687768,7601.80908203125,-8468.416015625,"Epi_SecA","#E69F00"
"knojlnpk-1",-1.88552565028978,-3.46930968327921,7860.53857421875,-8556.056640625,"Epi_SecB","#56B4E9"
"knojmakc-1",-2.86187357356858,-3.84205972714823,7857.81591796875,-8568.9892578125,"Epi_SecB","#56B4E9"
"knojoalf-1",0.92528253147292,-2.90095340772074,7913.5576171875,-8628.115234375,"Epi_SecA","#E69F00"
"knojocdo-1",1.9984895522325,-2.80686199231547,7905.79638671875,-8621.8974609375,"Epi_SecB","#56B4E9"
"knokcpjk-1",2.9560592705934,-2.39189087911051,7899.0810546875,-8628.6025390625,"Macrophage","#CC79A7"
"knokdcek-1",-4.47512573650193,-3.23092329068583,7888.58935546875,-8621.4716796875,"Epi_SecA","#E69F00"
"knokgoej-1",-1.40266532352281,-3.12177621884745,7867.5830078125,-8596.3759765625,"Epi_SecB","#56B4E9"
"knokiffl-1",-4.73068851878953,-2.72375309033793,7876.63916015625,-8603.69921875,"Epi_SecA","#E69F00"
"knokjpid-1",-3.27517408778978,-3.78620421452921,7918.72802734375,-8582.1787109375,"Epi_SecB","#56B4E9"
"knokkape-1",-3.63661474635911,-3.32830512090128,7914.07373046875,-8611.0869140625,"Epi_SecB","#56B4E9"
"knokkdlh-1",-3.9572319453032,-3.58557760281962,7910.55517578125,-8601.9921875,"Epi_SecB","#56B4E9"
"knoklmpa-1",-4.20141119411302,-3.35464560552042,7898.1064453125,-8591.138671875,"Epi_SecB","#56B4E9"
"knokoafk-1",-1.4815239374907,-2.80242669148844,7985.57861328125,-8583.5185546875,"Epi_SecB","#56B4E9"
"knokocff-1",-2.13286823680711,-3.47961151166361,7973.31640625,-8562.0205078125,"Epi_SecB","#56B4E9"
"knolaleo-1",4.36795859882521,-0.725990887121375,7974.81298828125,-8599.5625,"Mesenchymal","#F0E442"
"knolbfek-1",2.51676338264632,-2.58777081532877,7983.6376953125,-8594.1201171875,"Macrophage","#CC79A7"
"knolbknm-1",-5.2881965105803,-2.88884245915812,7976.244140625,-8673.11328125,"Epi_SecA","#E69F00"
"knolckca-1",-4.14319509914231,-3.78238856358927,7979.55224609375,-8682.453125,"Epi_SecB","#56B4E9"
"knolebib-1",-6.16528458049607,-2.04050802750986,7984.1748046875,-8659.48828125,"Epi_SecA","#E69F00"
"knolfgfl-1",-4.42057365825486,-3.89762842221659,7988.46044921875,-8682.435546875,"Epi_SecB","#56B4E9"
"knolfgfo-1",4.31176357814956,-0.12782794548672,7977.01953125,-8604.6103515625,"Macrophage","#CC79A7"
"knolfkhl-1",4.10161738941359,-0.472328479723151,7981.662109375,-8613.5927734375,"Mesenchymal","#F0E442"
"knolflak-1",3.85251455852675,-1.09397398991984,7987.29833984375,-8607.16015625,"Macrophage","#CC79A7"
"knolhjob-1",3.21003895351577,1.39537036852438,7983.255859375,-8621.296875,"Mesenchymal","#F0E442"
"knolimma-1",4.2688136632173,-0.120252780006345,7970.83935546875,-8607.3974609375,"Macrophage","#CC79A7"
"knolkeak-1",-1.27915615489793,-2.82038771672648,7977.677734375,-8489.64453125,"Epi_SecB","#56B4E9"
"knolokjl-1",2.82197003910231,-0.295747245983298,7987.267578125,-8476.53515625,"Epi_SecB","#56B4E9"
"knolokjn-1",4.3891065652101,1.07242560820181,7980.0029296875,-8461.63671875,"Macrophage","#CC79A7"
"knolpijl-1",4.04468541690993,-0.571632351116355,7976.0048828125,-8456.880859375,"Macrophage","#CC79A7"
"knomfjdg-1",3.29896455356765,-1.60481142564219,7976.68017578125,-8514.0478515625,"Macrophage","#CC79A7"
"knomfmfj-1",3.70636945316481,-2.79370533986491,7987.201171875,-8505.458984375,"Macrophage","#CC79A7"
"knomljao-1",3.72367983410048,-1.06951111121577,7980.4873046875,-8523.828125,"Macrophage","#CC79A7"
"knomlkol-1",-7.18226284435105,-1.16125237508219,7838.63232421875,-8683.1728515625,"Epi_SecA","#E69F00"
"knomnmbm-1",-4.56261391094041,-3.76898872418803,7858.67919921875,-8691.0107421875,"Epi_SecA","#E69F00"
"knompcnc-1",-3.98956102779222,-3.42359005971354,7864.56787109375,-8686.9453125,"Epi_SecA","#E69F00"
"knoncklf-1",-3.68532747676683,-3.47243082089823,7860.09619140625,-8679.4033203125,"Epi_SecA","#E69F00"
"knonfkbe-1",-5.87416357448411,-2.79120409055155,7848.37548828125,-8688.888671875,"Epi_SecA","#E69F00"
"knonjgje-1",-5.93264669826341,-3.37876402898234,7844.3681640625,-8676.9267578125,"Epi_SecA","#E69F00"
"knonnoag-1",-4.59509319713426,-3.05059253735941,7840.62841796875,-8663.3515625,"Epi_SecA","#E69F00"
"knonomae-1",-1.68173546245408,-2.24476944966715,7855.583984375,-8672.5927734375,"Epi_SecB","#56B4E9"
"knoobhkn-1",-4.9807013933928,-3.17876922650736,7848.83154296875,-8671.1484375,"Epi_SecA","#E69F00"
"knoofbod-1",-2.43092173984361,-3.25040256543558,7861.703125,-8667.61328125,"Epi_SecA","#E69F00"
"knoogjoo-1",-3.13222808292222,-3.47573625607889,7843.82861328125,-8642.501953125,"Epi_SecB","#56B4E9"
"knoooggo-1",-2.44630712917161,-2.69793521924418,7838.8544921875,-8653.9267578125,"Epi_SecB","#56B4E9"
"knoooigh-1",-4.09559387615037,-3.37042414708536,7857.71826171875,-8649.5625,"Epi_SecA","#E69F00"
"knoopcoc-1",-0.0734213655264389,-1.07878905101221,7868.45849609375,-8683.7431640625,"Epi_SecA","#E69F00"
"knopaaic-1",-4.20271152904344,-2.19946133656901,7872.36572265625,-8687.8828125,"Epi_SecA","#E69F00"
"knopdmfe-1",-7.0126370852263,-1.63075196309489,7870.12548828125,-8676.46875,"Epi_SecA","#E69F00"
"knophafg-1",-5.58908790996385,-3.26787483258646,7890.6748046875,-8652.314453125,"Epi_SecA","#E69F00"
"knopikgp-1",-4.57265514781785,-3.13449847264689,7893.85400390625,-8637.8076171875,"Epi_SecA","#E69F00"
"knopimnk-1",-8.84130901744676,-0.120414526523169,7904.84765625,-8666.384765625,"Epi_SecA","#E69F00"
"knopjpao-1",-7.35676712444139,-2.11830722852152,7912.99072265625,-8683.123046875,"Epi_SecA","#E69F00"
"knopnich-1",-8.50123638561082,-0.699173088506873,7907.4521484375,-8673.8173828125,"Epi_SecA","#E69F00"
"knopnidc-1",-8.15613407543016,-0.321822355822738,7913.91943359375,-8666.6123046875,"Epi_SecA","#E69F00"
"knpabdgi-1",-4.89841789653611,-2.74051391644877,7886.1650390625,-8645.2958984375,"Epi_SecB","#56B4E9"
"knpafbck-1",-7.64912743022752,-0.913056667284186,7887.4091796875,-8666.9482421875,"Epi_SecA","#E69F00"
"knpagjie-1",-6.65961212566209,-2.91310822530192,7879.92041015625,-8652.970703125,"Epi_SecA","#E69F00"
"knpaiimf-1",-4.22394031932664,-3.40890943570536,7872.798828125,-8640.9296875,"Epi_SecA","#E69F00"
"knpalpla-1",-3.21822542598558,-2.43035375638407,7885.01025390625,-8634.4462890625,"Epi_SecB","#56B4E9"
"knpappio-1",-6.83807463100267,0.139012966914956,7917.31591796875,-8654.892578125,"Epi_SecA","#E69F00"
"knpbbaed-1",-7.93690056255174,1.92780626253683,7921.6572265625,-8674.171875,"Epi_SecA","#E69F00"
"knpbcmja-1",-7.93902439525437,2.07368457750875,7924.9892578125,-8665.8330078125,"Epi_SecA","#E69F00"
"knpbcoje-1",-8.08441967418504,1.7150870604952,7930.48291015625,-8658.9873046875,"Epi_SecA","#E69F00"
"knpbeofd-1",-5.67057938030076,3.37335312800009,7938.33203125,-8659.7939453125,"Epi_SecA","#E69F00"
"knpbgfld-1",-8.3051495020659,1.67304754690725,7929.5595703125,-8648.1005859375,"Epi_SecA","#E69F00"
"knpbkfok-1",-7.46265739848924,1.65428066687185,7964.52197265625,-8652.107421875,"Epi_SecA","#E69F00"
"knpbmbfe-1",-6.58168072154832,-0.71777641339701,7967.208984375,-8664.5458984375,"Epi_SecA","#E69F00"
"knpbmjeb-1",-6.92080778529954,-0.646979029611762,7956.35693359375,-8663.5458984375,"Epi_SecA","#E69F00"
"knpchfki-1",-8.2747892802031,1.21324944929678,7944.95849609375,-8670.00390625,"Epi_SecA","#E69F00"
"knpckgna-1",-8.53863663127732,0.847631101175134,7934.96875,-8675.2578125,"Epi_SecA","#E69F00"
"knpclgcg-1",-3.22260231426072,-2.4140371040861,7934.44287109375,-8632.51953125,"Epi_SecB","#56B4E9"
"knpdfgdp-1",-4.04287237575364,-3.23050748868387,7920.716796875,-8627.9560546875,"Epi_SecA","#E69F00"
"knpdfhed-1",-7.86203236034227,0.764256839319055,7921.95947265625,-8640.23046875,"Epi_SecA","#E69F00"
"knpdhhbp-1",-6.14026731899095,-2.20824372334879,7957.51025390625,-8635.1513671875,"Epi_SecA","#E69F00"
"knpdhobp-1",-6.75315279414964,0.693917636438195,7940.173828125,-8644.5205078125,"Epi_SecA","#E69F00"
"knpdjkmg-1",-2.023489898947,-2.88710438771647,7984.67431640625,-8713.3046875,"Epi_SecB","#56B4E9"
"knpdkagh-1",-3.1989995901854,-3.66047012372416,7989.70556640625,-8709.2529296875,"Epi_SecA","#E69F00"
"knpdmoia-1",-4.53125185420823,-3.79623114629191,7985.89208984375,-8700.064453125,"Epi_SecA","#E69F00"
"knpdopme-1",-7.73030609538865,0.0747026099403544,7954.2919921875,-8761.150390625,"Epi_SecA","#E69F00"
"knpdpkef-1",-6.30074972560716,0.381655160947625,7965.4326171875,-8768.359375,"Epi_SecA","#E69F00"
"knpedacp-1",0.00871466943907628,-2.84296834035319,7960.67919921875,-8777.931640625,"Epi_SecA","#E69F00"
"knpelleb-1",-7.58569759776902,0.539056663080041,7957.21728515625,-8769.64453125,"Epi_SecA","#E69F00"
"knpfgjij-1",-8.88730377605271,1.26429951624471,7929.48486328125,-8792.728515625,"Epi_SecA","#E69F00"
"knpfhebc-1",-6.56972546031785,-0.353193755582984,7968.20751953125,-8761.484375,"Epi_SecA","#E69F00"
"knpfhkld-1",-7.88118881633592,0.541039888425653,7978.1474609375,-8768.142578125,"Epi_SecA","#E69F00"
"knpfpkhn-1",-6.56389278819871,2.35586584047872,7981.16064453125,-8782.8212890625,"Epi_SecA","#E69F00"
"knpgdfhc-1",-7.07337183406663,2.71465838388998,7935.59765625,-8707.2470703125,"Epi_SecA","#E69F00"
"knpgelkf-1",3.74686341831374,-5.37246477170389,7927.14599609375,-8719.1044921875,"Epi_SecA","#E69F00"
"knpghgkg-1",-7.35885185649705,1.53339815573293,7935.86669921875,-8715.416015625,"Epi_SecA","#E69F00"
"knpgiioc-1",-7.07835239818406,0.815096680684869,7925.76611328125,-8702.7958984375,"Epi_SecA","#E69F00"
"knphghjm-1",-8.3937143748076,1.54629552797872,7942.84619140625,-8742.0517578125,"Epi_SecA","#E69F00"
"knphghon-1",-0.731273955610515,3.289312724634,7955.6015625,-8749.05859375,"Epi_SecA","#E69F00"
"knphnibh-1",-7.71267170360398,1.18231785730917,7951.98828125,-8736.5107421875,"Epi_SecA","#E69F00"
"knphpgmb-1",-7.01716036250901,-1.21152746243876,7965.26708984375,-8751.9052734375,"Epi_SecA","#E69F00"
"knpikdkn-1",-7.4865574305327,-0.399475391344245,7985.32275390625,-8743.6044921875,"Epi_SecA","#E69F00"
"knpjgdpc-1",-4.20759338786912,2.67949212030966,7978.67626953125,-8729.314453125,"Epi_SecA","#E69F00"
"knpjicoo-1",-7.26215309551072,-0.953208919004615,7967.77734375,-8739.3662109375,"Epi_SecA","#E69F00"
"knpjkgbb-1",-6.22649664333177,2.28441203074056,7963.04931640625,-8756.8603515625,"Epi_SecA","#E69F00"
"knpjkhib-1",-4.16305727413011,3.27927935556967,7959.5771484375,-8747.01171875,"Epi_SecA","#E69F00"
"knpjlmmj-1",-6.47713274410081,0.985015873475854,7969.47216796875,-8716.904296875,"Epi_SecB","#56B4E9"
"knpjnfhg-1",-7.2730221216948,1.74516118006307,7963.48583984375,-8722.78515625,"Epi_SecA","#E69F00"
"knpjojkg-1",-5.03894895961595,3.44430816607076,7889.4892578125,-8718.2060546875,"Epi_SecA","#E69F00"
"knpkchcb-1",-7.98681206157518,1.13273036913473,7905.27978515625,-8764.3681640625,"Epi_SecA","#E69F00"
"knpkddfc-1",-8.33375400951219,1.38119340376455,7916.7373046875,-8775.69921875,"Epi_SecA","#E69F00"
"knpkfibo-1",-8.87555546214891,1.69639873938162,7917.11767578125,-8758.1826171875,"Epi_SecA","#E69F00"
"knpklpmb-1",-8.95785755565477,1.35861802534658,7907.53857421875,-8746.12109375,"Epi_SecA","#E69F00"
"knpknioo-1",-6.2389406626494,3.00101030306417,7901.3447265625,-8711.3388671875,"Epi_SecA","#E69F00"
"knplafck-1",-7.19567245891404,2.42058337168295,7918.95361328125,-8724.009765625,"Epi_SecA","#E69F00"
"knpleafc-1",-7.51072544505906,0.851885144277398,7914.80615234375,-8714.4951171875,"Epi_SecA","#E69F00"
"knplemha-1",-8.90490097453904,1.30441880659658,7905.77392578125,-8697.8447265625,"Epi_SecA","#E69F00"
"knplhdcc-1",-4.982070392874,2.91548073725301,7918.6025390625,-8696.455078125,"Epi_SecA","#E69F00"
"knpligie-1",-8.145551151541,0.974584106965844,7854.681640625,-8743.2119140625,"Epi_SecA","#E69F00"
"knpljfcc-1",-7.95072788646531,1.22966528372366,7839.9345703125,-8759.5947265625,"Epi_SecA","#E69F00"
"knplkdhf-1",-9.3422998850615,1.08735216097433,7851.87353515625,-8754.802734375,"Epi_SecA","#E69F00"
"knploaco-1",-0.879395193365337,-0.864377017454322,7811.24560546875,-8797.8154296875,"Epi_SecA","#E69F00"
"knpmdeea-1",-2.085093206671,2.9573487086733,7816.50146484375,-8796.861328125,"Epi_SecA","#E69F00"
"knpmedge-1",-7.28795189311814,0.0677796049554988,7853.5078125,-8796.80078125,"Epi_SecA","#E69F00"
"knpmegoh-1",-6.8892616694243,-1.45450329347056,7838.02685546875,-8796.2490234375,"Epi_SecA","#E69F00"
"knpmfeop-1",-6.88777679851365,-0.364311154321845,7849.0478515625,-8791.5419921875,"Epi_SecA","#E69F00"
"knpmiekk-1",-8.52699894359422,-0.971142406896766,7851.27099609375,-8775.6865234375,"Epi_SecA","#E69F00"
"knpmikfi-1",-7.97774929454637,0.064566363259141,7825.75341796875,-8792.3671875,"Epi_SecA","#E69F00"
"knpmkdoj-1",-7.50328773906541,-1.55913269086283,7813.84912109375,-8789.55078125,"Epi_SecA","#E69F00"
"knpmkfff-1",-7.81505245616746,-0.528546477989371,7809.95556640625,-8779.94921875,"Epi_SecA","#E69F00"
"knpnbjcf-1",-5.46422523906541,-2.18490874333781,7865.251953125,-8773.32421875,"Epi_SecA","#E69F00"
"knpnegaf-1",-6.97118515422654,0.286879454418008,7860.11865234375,-8764.716796875,"Epi_SecA","#E69F00"
"knpnggem-1",-8.706342167166,0.585873190923516,7880.75537109375,-8750.8125,"Epi_SecA","#E69F00"
"knpnidhe-1",-7.69967789104295,0.239115689559762,7878.07666015625,-8732.6513671875,"Epi_SecA","#E69F00"
"knpnifcj-1",10.1282439763277,-1.54303943677347,7879.798828125,-8714.96484375,"Mesenchymal","#F0E442"
"knpnphik-1",-7.75040001323533,-1.29867159886759,7863.84765625,-8707.0859375,"Epi_SecA","#E69F00"
"knpnpifc-1",-8.44073624065232,2.23973763422567,7858.8876953125,-8734.673828125,"Epi_SecA","#E69F00"
"knpnpnoj-1",-8.75068802287889,1.49355900721151,7869.0029296875,-8737.53125,"Epi_SecA","#E69F00"
"knpoacen-1",-8.58252663066697,1.57595253424246,7866.39501953125,-8726.6240234375,"Epi_SecA","#E69F00"
"knpoahhl-1",-8.14722771098924,0.103787962957208,7822.62646484375,-8717.291015625,"Epi_SecA","#E69F00"
"knpochhj-1",-2.79907650401902,-3.48290955586832,7826.41650390625,-8705.41015625,"Epi_SecB","#56B4E9"
"knpodbkd-1",-2.76964468410325,-3.27495896382731,7822.060546875,-8693.2861328125,"Epi_SecB","#56B4E9"
"knpoddih-1",-9.42628807475877,1.10776412920553,7844.65283203125,-8729.3955078125,"Epi_SecA","#E69F00"
"knpodfio-1",-8.33852238109422,0.790037695928399,7840.787109375,-8739.232421875,"Epi_SecA","#E69F00"
"knpoihhb-1",-7.8239016001494,1.11642981009084,7833.91748046875,-8734.9296875,"Epi_SecA","#E69F00"
"knpokkip-1",-2.12917918613267,-3.49997007413309,7817.62451171875,-8727.55859375,"Epi_SecA","#E69F00"
"knpomkbj-1",1.79583018371749,-2.98614322705668,7829.59326171875,-8725.20703125,"Mesenchymal","#F0E442"
"knpommjb-1",-7.27684444835496,-2.27368318601054,7836.98681640625,-8715.7265625,"Epi_SecA","#E69F00"
"knponbgd-1",4.84352737018752,-5.25845920606058,7851.56787109375,-8699.248046875,"Mesenchymal","#F0E442"
"knpoobjp-1",-5.29430336406541,-3.36227476163309,7838.89208984375,-8698.580078125,"Epi_SecA","#E69F00"
"knpoohoi-1",-0.145998722818614,-2.56777345700663,7768.31298828125,-8555.9814453125,"Epi_SecB","#56B4E9"
"knpopada-1",-4.11381763866258,3.28620946840841,7743.89599609375,-8551.2939453125,"Epi_SecA","#E69F00"
"knppceip-1",2.53128820011306,-2.73163353963297,7756.4736328125,-8673.84765625,"Macrophage","#CC79A7"
"knppfgbg-1",-2.28793568065477,-3.83350169225138,7781.18896484375,-8661.0859375,"Epi_SecB","#56B4E9"
"knppiiag-1",1.65227752277541,-3.25120698972147,7741.7412109375,-8670.4208984375,"Epi_SecA","#E69F00"
"knppmjog-1",-2.20848602702928,-2.21200620694559,7774.81005859375,-8608.9755859375,"Epi_SecA","#E69F00"
"koaaafdg-1",-2.90192813327623,-2.18428551717203,7769.88427734375,-8599.9990234375,"Epi_SecA","#E69F00"
"koaabdpg-1",-4.12657827785325,-2.97135388417643,7745.083984375,-8696.6767578125,"Epi_SecA","#E69F00"
"koaagdml-1",-7.29763073375535,1.95891344980795,7755.69970703125,-8702.1953125,"Epi_SecA","#E69F00"
"koaahljc-1",-3.26758522441697,-2.98324429555338,7775.5205078125,-8700.1689453125,"Epi_SecA","#E69F00"
"koaajcbh-1",3.81030827114272,-0.441414083675559,7788.775390625,-8705.322265625,"Epi_SecA","#E69F00"
"koaajoaj-1",-4.11119741847825,-3.75083958669108,7768.8466796875,-8712.634765625,"Epi_SecB","#56B4E9"
"koaaocef-1",-2.97304648807359,-3.78581225438517,7770.05859375,-8726.4443359375,"Epi_SecB","#56B4E9"
"koabfcim-1",2.29153876850295,2.09466779665548,7784.42724609375,-8731.900390625,"Epi_SecA","#E69F00"
"koabhimo-1",-5.73356241634202,-3.58261429829996,7770.33935546875,-8737.890625,"Epi_SecA","#E69F00"
"koabioik-1",-5.77850145747972,-2.42971932454508,7775.88232421875,-8743.154296875,"Epi_SecA","#E69F00"
"koabkgkj-1",-6.05891031673265,-2.84925329251688,7778.4873046875,-8750.134765625,"Epi_SecA","#E69F00"
"koabnheh-1",-5.44659609248948,-4.49694358868998,7759.64697265625,-8730.2353515625,"Epi_SecA","#E69F00"
"koacemon-1",1.79101758548903,-2.55487286611002,7761.861328125,-8744.3466796875,"Epi_SecB","#56B4E9"
"koacffmc-1",-3.88327831676316,0.0259240089495822,7758.82666015625,-8738.64453125,"Epi_SecA","#E69F00"
"koachdfa-1",6.590439372751,2.36744273142416,7697.65185546875,-8738.9677734375,"Mesenchymal","#F0E442"
"koacjnjg-1",8.49208932468581,-0.643287713960822,7704.189453125,-8703.6259765625,"Mesenchymal","#F0E442"
"koackdjd-1",9.44960456440139,-0.0936876631761746,7705.99658203125,-8693.5126953125,"Mesenchymal","#F0E442"
"koacknna-1",10.154988818857,-0.665562744573768,7705.30322265625,-8716.7099609375,"Mesenchymal","#F0E442"
"koacmifm-1",7.32279973575759,2.80015767054159,7695.1630859375,-8707.3134765625,"Mesenchymal","#F0E442"
"koadalgf-1",8.30983691761184,2.76970279650289,7698.98876953125,-8713.0361328125,"Mesenchymal","#F0E442"
"koadbjni-1",-7.24603027751756,-0.787211592630561,7732.615234375,-8692.41796875,"Epi_SecA","#E69F00"
"koadbmbf-1",-2.7601568167479,0.563990478082482,7724.9130859375,-8690.333984375,"Epi_SecB","#56B4E9"
"koadboin-1",-6.98788732936692,0.738342587514703,7741.3994140625,-8720.2783203125,"Epi_SecA","#E69F00"
"koadehlm-1",-8.21855968883348,-0.0362432481209592,7752.13623046875,-8722.0185546875,"Epi_SecA","#E69F00"
"koadfpgl-1",-6.56902355602098,-0.651046629385169,7756.943359375,-8715.6533203125,"Epi_SecA","#E69F00"
"koadgnep-1",-7.47742981365037,1.48946488337118,7748.48828125,-8712.228515625,"Epi_SecA","#E69F00"
"koadhhak-1",-7.04315514018846,1.17596769766409,7739.3896484375,-8713.1728515625,"Epi_SecA","#E69F00"
"koadnhoe-1",9.44653564045119,-1.23473035855692,7713.9189453125,-8687.5517578125,"Mesenchymal","#F0E442"
"koadnlfp-1",4.53009300777602,-1.87654697461527,7720.42236328125,-8679.8876953125,"Macrophage","#CC79A7"
"koadnmgo-1",-1.26729912212205,-1.19449746175211,7718.8544921875,-8708.5029296875,"Epi_SecA","#E69F00"
"koaedbbo-1",-3.19029182842088,-3.30898630185526,7783.19384765625,-8615.9443359375,"Epi_SecB","#56B4E9"
"koaenjem-1",-1.39260477474046,-2.55690323872965,7792.4638671875,-8620.8916015625,"Epi_SecA","#E69F00"
"koaeofhd-1",2.60124319145369,1.65244079069692,7798.6142578125,-8623.591796875,"Epi_SecA","#E69F00"
"koafbcfj-1",-5.5368070071013,-2.92376839681071,7778.6923828125,-8627.9765625,"Epi_SecA","#E69F00"
"koafhhop-1",-1.44109410693956,-2.64744531674784,7790.96826171875,-8632.5703125,"Epi_SecA","#E69F00"
"koafjkpp-1",-0.151166743543864,-1.12950562997263,7789.36865234375,-8626.71875,"Epi_SecB","#56B4E9"
"koafmhdc-1",-3.52107996394944,-3.64150917096537,7779.4873046875,-8639.2587890625,"Epi_SecB","#56B4E9"
"koafnmgm-1",-3.24498552730394,-4.30115139050883,7788.79443359375,-8647.4873046875,"Epi_SecB","#56B4E9"
"koafpmld-1",-2.23017615726304,-2.76763116879862,7785.56591796875,-8600.6796875,"Epi_SecB","#56B4E9"
"koagcemo-1",-5.1986517374785,-0.585793371633704,7784.6298828125,-8562.42578125,"Epi_SecA","#E69F00"
"koaggfpb-1",-7.97321361949754,-0.0294149921695546,7743.64453125,-8767.826171875,"Epi_SecA","#E69F00"
"koagiojl-1",9.40106444904494,0.200069968267266,7692.96240234375,-8790.30859375,"Mesenchymal","#F0E442"
"koagjocm-1",6.44648223468947,-0.766189451650794,7698.7119140625,-8760.25,"Mesenchymal","#F0E442"
"koagpipm-1",6.05011563846755,-4.22904979749125,7702.7939453125,-8748.69140625,"Mesenchymal","#F0E442"
"koahhgji-1",6.51390843937087,-1.9845777706663,7696.7470703125,-8777.26171875,"Mesenchymal","#F0E442"
"koaicknc-1",7.47504430362868,2.31581342653829,7665.09765625,-8794.7958984375,"Mesenchymal","#F0E442"
"koaifcjo-1",0.92975769290614,-2.62093507810038,7711.84619140625,-8796.6630859375,"Epi_SecA","#E69F00"
"koaiffcf-1",-7.20018667629075,1.6748871846636,7715.0625,-8778.810546875,"Epi_SecA","#E69F00"
"koaihdfh-1",5.76911788532424,2.96642315821249,7676.9140625,-8780.56640625,"Mesenchymal","#F0E442"
"koaiifkk-1",7.79630332538771,0.400432591005151,7685.31494140625,-8787.212890625,"Mesenchymal","#F0E442"
"koaimccm-1",6.69178205082106,2.31162131266195,7685.1318359375,-8775.2734375,"Mesenchymal","#F0E442"
"koajamkh-1",-7.87329525401902,0.663705353303735,7734.7744140625,-8781.4638671875,"Epi_SecA","#E69F00"
"koanenci-1",8.39380364963698,4.52752054171163,7636.75390625,-8791.998046875,"Endothelial","#D55E00"
"koanoihe-1",-8.21499008586717,0.206363294883554,7751.28076171875,-8798.7275390625,"Epi_SecA","#E69F00"
"koaoonld-1",-5.54024214198899,2.30308998064596,7752.8662109375,-8752.02734375,"Epi_SecA","#E69F00"
"koapeckb-1",1.23629885265517,-3.0327373699705,7760.939453125,-8753.3828125,"Epi_SecA","#E69F00"
"koaphika-1",8.47351604053664,4.68477666811544,7661.46337890625,-8606.8583984375,"Endothelial","#D55E00"
"koapjlpc-1",9.77547603199172,2.14923155741293,7669.310546875,-8609.8466796875,"Mesenchymal","#F0E442"
"kobaachc-1",10.8574071461885,0.557164554162805,7679.95361328125,-8607.890625,"Mesenchymal","#F0E442"
"kobaaeig-1",5.64289241382766,-4.77469265027445,7728.2822265625,-8606.77734375,"Macrophage","#CC79A7"
"kobacnbg-1",4.59435349056411,-2.1644934372465,7724.88916015625,-8613.3974609375,"Macrophage","#CC79A7"
"kobadfcl-1",10.4592795903413,3.6036483092745,7670.7158203125,-8636.3857421875,"Pericyte_SM","#0072B2"
"kobagbgl-1",10.7862172658174,1.1125332160433,7680.1064453125,-8628.7314453125,"Mesenchymal","#F0E442"
"kobagkog-1",10.3996120030611,-0.389014955000098,7674.57568359375,-8620.6201171875,"Mesenchymal","#F0E442"
"kobanlbf-1",8.11491351673293,3.90332591967184,7660.935546875,-8622.880859375,"Endothelial","#D55E00"
"kobbdecl-1",9.40530734607863,1.63924932913381,7696.27978515625,-8629.00390625,"Mesenchymal","#F0E442"
"kobbfomf-1",11.0273795659273,0.0592684044082804,7685.52197265625,-8634.0517578125,"Mesenchymal","#F0E442"
"kobbledp-1",9.54137569019484,1.94599879221517,7689.9462890625,-8627.8935546875,"Mesenchymal","#F0E442"
"kobbmfef-1",10.0710883671968,0.0569522424181147,7690.87890625,-8617.244140625,"Mesenchymal","#F0E442"
"kobbnidn-1",8.50235658237624,0.811451081796472,7689.1298828125,-8611.2724609375,"Mesenchymal","#F0E442"
"kobcabpd-1",9.93660884449172,-1.38224100633066,7719.13427734375,-8627.0517578125,"Mesenchymal","#F0E442"
"kobcccko-1",9.34587913105178,1.7541118903597,7711.9130859375,-8623.16015625,"Mesenchymal","#F0E442"
"kobcdcjh-1",10.0312142903535,0.758476857705895,7704.99609375,-8621.923828125,"Mesenchymal","#F0E442"
"kobcfamn-1",8.88304477283645,1.23028159575063,7689.94189453125,-8681.9521484375,"Mesenchymal","#F0E442"
"kobcgbcn-1",7.83770709583449,-0.206874165074046,7708.11669921875,-8684.8359375,"Mesenchymal","#F0E442"
"kobcijaa-1",7.71918683597731,1.59806311564047,7703.15087890625,-8682.451171875,"Mesenchymal","#F0E442"
"kobcjaec-1",9.17608409473586,0.63893425898153,7699.24560546875,-8686.73828125,"Mesenchymal","#F0E442"
"kobcjfhf-1",7.97277885029006,1.83477378325063,7683.27783203125,-8688.66796875,"Mesenchymal","#F0E442"
"kobcooda-1",5.734078460428,2.82091129259664,7687.609375,-8699.9482421875,"Mesenchymal","#F0E442"
"kobdbimg-1",8.70923190662551,2.41824210123617,7692.341796875,-8693.1376953125,"Mesenchymal","#F0E442"
"kobddegf-1",8.49106364795852,3.5685764594515,7672.921875,-8687.734375,"Mesenchymal","#F0E442"
"kobdebbg-1",3.08337002346206,-5.19078313870829,7732.41845703125,-8660.9287109375,"Epi_SecA","#E69F00"
"kobdffgf-1",9.08402114460158,-1.26710938973826,7715.4326171875,-8643.49609375,"Mesenchymal","#F0E442"
"kobdjglb-1",-7.99552578380418,1.27274430231649,7751.92041015625,-8658.9423828125,"Epi_SecA","#E69F00"
"kobdljmb-1",9.3010049397676,0.435073499246423,7708.7880859375,-8656.2548828125,"Mesenchymal","#F0E442"
"kobdnlhm-1",-4.91295332362962,-1.20142626328867,7728.931640625,-8668.1923828125,"Epi_SecA","#E69F00"
"kobecdna-1",10.7632861668794,4.47635496096212,7669.75537109375,-8665.38671875,"Endothelial","#D55E00"
"kobecpfd-1",10.8179221684663,3.80407345728475,7672.0029296875,-8677.0625,"Mesenchymal","#F0E442"
"kobedhmd-1",10.5365443761079,0.064316068454568,7681.4130859375,-8673.103515625,"Mesenchymal","#F0E442"
"kobedkkn-1",10.1461310918062,4.03535879091818,7675.87060546875,-8664.802734375,"Endothelial","#D55E00"
"kobeemfk-1",8.76388078281569,-4.87432491345804,7688.86865234375,-8652.55078125,"Plasma cell","#005685"
"kobeemip-1",11.0098891789644,0.146403853460137,7693.392578125,-8667.7685546875,"Mesenchymal","#F0E442"
"kobehdgf-1",10.2883449132173,0.280988816781823,7698.74755859375,-8651.810546875,"Mesenchymal","#F0E442"
"kobehgcf-1",9.34167724201369,-0.910841818288978,7677.21533203125,-8642.15234375,"Mesenchymal","#F0E442"
"kobelhlj-1",9.72579055378127,-0.656287367777045,7676.22900390625,-8653.19140625,"Mesenchymal","#F0E442"
"kobenmmc-1",8.90203910419631,-0.844796355203803,7683.919921875,-8646.1142578125,"Mesenchymal","#F0E442"
"kobfcekd-1",8.20840745517897,1.54927444891531,7721.0390625,-8587.9931640625,"Mesenchymal","#F0E442"
"kobfigog-1",9.84860473224807,0.647368912263696,7711.1240234375,-8593.3876953125,"Mesenchymal","#F0E442"
"kobfiimb-1",8.3573203618257,1.65056539015371,7727.3251953125,-8598.6650390625,"Mesenchymal","#F0E442"
"kobflami-1",6.61252456257033,2.52402556376058,7703.634765625,-8593.90234375,"Mesenchymal","#F0E442"
"kobfnjhc-1",-4.82807535579515,-0.895640011266883,7742.318359375,-8592.2421875,"Epi_SecA","#E69F00"
"kobgabgf-1",-3.67857212474656,0.0151447324593707,7735.80224609375,-8596.7080078125,"Epi_SecA","#E69F00"
"kobgdfpk-1",-3.7820782130034,-1.66431092782419,7756.00048828125,-8598.0673828125,"Epi_SecA","#E69F00"
"kobgfndm-1",-4.62223095348191,-0.712145920232947,7747.5146484375,-8587.4228515625,"Epi_SecA","#E69F00"
"kobghffm-1",5.41928868839431,-1.3466120914976,7732.03369140625,-8586.7685546875,"Macrophage","#CC79A7"
"kobhclgo-1",8.73535399982619,0.685189489885156,7728.68603515625,-8577.248046875,"Mesenchymal","#F0E442"
"kobheloc-1",4.34553199360061,-1.99607109589976,7737.30859375,-8577.3359375,"Mesenchymal","#F0E442"
"kobhgapa-1",6.67262511799025,-0.101713182726021,7730.33349609375,-8564.3427734375,"Macrophage","#CC79A7"
"kobhhnio-1",8.49465041706252,2.3727175040682,7719.01611328125,-8575.3359375,"Mesenchymal","#F0E442"
"kobhjhak-1",10.1254563863008,0.30474704937536,7705.70751953125,-8573.494140625,"Mesenchymal","#F0E442"
"kobhlcgo-1",8.546174579355,4.74034965471822,7704.6591796875,-8562.19921875,"Endothelial","#D55E00"
"kobhnkhk-1",8.71844344684768,2.39950669245321,7665.37060546875,-8572.7783203125,"Mesenchymal","#F0E442"
"kobidcgf-1",6.24634795734572,3.29730689959127,7669.84326171875,-8565.501953125,"Mesenchymal","#F0E442"
"kobikgfn-1",6.9950762326448,3.18189323381979,7671.916015625,-8579.263671875,"Mesenchymal","#F0E442"
"kobillgj-1",8.17260842868972,3.74008381800253,7668.80419921875,-8592.6279296875,"Endothelial","#D55E00"
"kobioien-1",4.8403173024385,3.49461687044698,7685.26611328125,-8568.908203125,"Mesenchymal","#F0E442"
"kobippml-1",6.61517530033278,4.09186733202535,7696.10205078125,-8566.3642578125,"Endothelial","#D55E00"
"kobjdehi-1",7.69310908863234,3.15428817705709,7681.38720703125,-8593.9912109375,"Mesenchymal","#F0E442"
"kobjejcd-1",6.98854737827468,3.0925935550173,7674.814453125,-8600.1923828125,"Mesenchymal","#F0E442"
"kobjiajd-1",8.92201667377639,1.99201858477194,7687.1904296875,-8601.6787109375,"Mesenchymal","#F0E442"
"kobjkohj-1",10.6257625157564,2.28245199160177,7699.7236328125,-8581.41796875,"Mesenchymal","#F0E442"
"kobjmjke-1",5.01946931430983,3.6436246676882,7690.033203125,-8579.0234375,"Endothelial","#D55E00"
"kobjofad-1",8.68680053302932,2.71496451334554,7691.2333984375,-8589.4931640625,"Mesenchymal","#F0E442"
"kobjonld-1",5.91953569004226,3.15579665140707,7678.08935546875,-8586.40234375,"Mesenchymal","#F0E442"
"kobkaled-1",8.99351172992873,2.35661709742147,7674.31884765625,-8566.9267578125,"Mesenchymal","#F0E442"
"kobkfcha-1",5.59685807773757,2.97353065447408,7681.5380859375,-8558.55859375,"Mesenchymal","#F0E442"
"kobkikme-1",5.70031409809279,3.42180669741232,7677.373046875,-8560.0703125,"Mesenchymal","#F0E442"
"kobkilhk-1",5.80241685459304,3.02713740305502,7679.3916015625,-8575.8056640625,"Mesenchymal","#F0E442"
"kobkoghj-1",6.47304158756423,-1.22681510014933,7761.0888671875,-8208.4365234375,"Mesenchymal","#F0E442"
"koblcnli-1",6.36373143741774,1.60124969915945,7742.2060546875,-8225.09375,"Mesenchymal","#F0E442"
"koblfekf-1",9.93292098591018,-0.831010039285834,7755.03759765625,-8226.9833984375,"Mesenchymal","#F0E442"
"koblgple-1",7.82778363773513,1.74756908850271,7746.9921875,-8233.5166015625,"Mesenchymal","#F0E442"
"koblkedd-1",9.32637076923537,1.130954389139,7750.09619140625,-8243.125,"Mesenchymal","#F0E442"
"koblkfak-1",4.34179835865188,-5.60376655621928,7756.837890625,-8268.81640625,"Mesenchymal","#F0E442"
"kobllfnl-1",-8.85153526714158,2.22436917261678,7761.0947265625,-8264.3046875,"Epi_SecA","#E69F00"
"koblljbi-1",-7.45952457835984,2.37384617762167,7744.9228515625,-8288.162109375,"Epi_SecA","#E69F00"
"koblohno-1",-8.12537044933152,1.89490259127218,7753.85546875,-8284.095703125,"Epi_SecA","#E69F00"
"kobmcjhl-1",4.1966188485353,-5.48304235501688,7748.56201171875,-8273.6416015625,"Mesenchymal","#F0E442"
"kobmlpam-1",6.68311029026198,2.73544633822042,7737.42138671875,-8233.7373046875,"Mesenchymal","#F0E442"
"kobmniol-1",7.61540752002883,3.26113617853719,7726.06103515625,-8241.1201171875,"Mesenchymal","#F0E442"
"kobmojcf-1",5.14490800449538,3.79905140833456,7726.048828125,-8228.8134765625,"Endothelial","#D55E00"
"kobnaiam-1",5.9023323590486,2.78566873507101,7730.45654296875,-8233.3828125,"Mesenchymal","#F0E442"
"kobnbbgf-1",6.73090844700026,2.95828664736349,7736.70751953125,-8248.3115234375,"Mesenchymal","#F0E442"
"kobndnej-1",6.41634851047683,-2.66872107549113,7727.34375,-8252.6025390625,"T cell","#1C91D4"
"kobngbgl-1",8.12735515186477,0.0363308234651728,7742.3408203125,-8261.2119140625,"Mesenchymal","#F0E442"
"kobngdmm-1",5.51519303867507,-4.4988428310911,7741.5078125,-8270.9765625,"T cell","#1C91D4"
"kobngibe-1",6.1864972645967,3.22686112360555,7729.6572265625,-8266.2646484375,"Mesenchymal","#F0E442"
"kobnjpam-1",9.00134425708938,5.71204841570455,7717.32861328125,-8255.568359375,"Endothelial","#D55E00"
"kobnjpjj-1",5.90194469043898,3.82344878153402,7720.25537109375,-8237.51953125,"Endothelial","#D55E00"
"kobnomca-1",7.2424169118135,3.53856718973715,7723.259765625,-8267.88671875,"Mesenchymal","#F0E442"
"kobnopon-1",7.02312427112746,3.7854360385378,7721.50146484375,-8261.2705078125,"Endothelial","#D55E00"
"kobnpcgh-1",-1.85153002193284,-3.0677179054777,7797.99072265625,-8261.017578125,"Epi_SecB","#56B4E9"
"kobobode-1",-1.6302067702086,-3.12571179433268,7800.65625,-8281.4423828125,"Epi_SecB","#56B4E9"
"koboihff-1",0.117284410688161,-1.19152128262919,7799.513671875,-8251.0302734375,"Epi_SecB","#56B4E9"
"kobojndk-1",-2.01532358577562,-3.51491868062418,7804.29345703125,-8236.5869140625,"Epi_SecB","#56B4E9"
"kobokfgi-1",8.79866176197219,1.902842645212,7680.63525390625,-8365.6455078125,"Mesenchymal","#F0E442"
"kobpbaen-1",6.4941783482759,3.13792431788046,7684.0234375,-8411.50390625,"Mesenchymal","#F0E442"
"kobpfpji-1",9.77983050892043,1.56577444510061,7682.7353515625,-8401.2578125,"Mesenchymal","#F0E442"
"kobpgili-1",10.2405372197359,1.09368670420248,7680.43017578125,-8381.193359375,"Mesenchymal","#F0E442"
"kobphpll-1",8.4334226186006,2.83353031115133,7684.9306640625,-8361.3828125,"Mesenchymal","#F0E442"
"kobpmfjm-1",9.42700248310256,2.08968770937521,7680.26171875,-8354.0712890625,"Mesenchymal","#F0E442"
"kobpnapc-1",5.25274186680007,3.63524258570272,7689.55078125,-8406.4169921875,"Mesenchymal","#F0E442"
"kobpnpam-1",10.1049705083101,1.96318901018697,7698.759765625,-8391.17578125,"Mesenchymal","#F0E442"
"kobpojpk-1",5.69083982059646,1.83905852274496,7699.3701171875,-8402.8828125,"Macrophage","#CC79A7"
"kocablbc-1",8.9866452748506,2.40890253023702,7690.52197265625,-8397.18359375,"Mesenchymal","#F0E442"
"kocabocf-1",10.9409518773286,0.914517287774865,7696.39501953125,-8365.306640625,"Mesenchymal","#F0E442"
"kocacfpb-1",8.51197534153151,1.56690192656118,7697.6044921875,-8382.0341796875,"Mesenchymal","#F0E442"
"kocaeijl-1",8.60288768360305,3.0254594130953,7690.31884765625,-8380.4716796875,"Mesenchymal","#F0E442"
"kocangmc-1",10.1721921498506,1.95965540842611,7697.14697265625,-8374.677734375,"Mesenchymal","#F0E442"
"kocanjpn-1",6.93929820606398,2.62990582422811,7663.1396484375,-8392.0634765625,"Mesenchymal","#F0E442"
"kocaojlk-1",10.4262347752779,2.15659225420553,7675.931640625,-8406.8115234375,"Mesenchymal","#F0E442"
"kocapkbg-1",10.6522403294771,1.79958391623098,7668.2978515625,-8402.685546875,"Mesenchymal","#F0E442"
"kocbbfkp-1",7.46569352695632,2.86232364611227,7657.3408203125,-8392.2724609375,"Mesenchymal","#F0E442"
"kocbbkdl-1",8.56232791492629,-3.81157600446146,7659.044921875,-8438.4228515625,"Plasma cell","#005685"
"kocbcmhc-1",5.78394609043288,1.16061759428579,7661.88671875,-8463.96875,"Macrophage","#CC79A7"
"kocbeglh-1",8.63772206852126,-1.3578413681547,7658.69873046875,-8448.7001953125,"Mesenchymal","#F0E442"
"kocbehif-1",10.5846105153291,1.70843780474264,7656.0888671875,-8456.7470703125,"Mesenchymal","#F0E442"
"kocbfbod-1",10.5696788365571,1.89294112162191,7652.5517578125,-8467.8408203125,"Mesenchymal","#F0E442"
"kocbffjn-1",8.10836749622512,2.25986445383627,7673.0107421875,-8415.189453125,"Mesenchymal","#F0E442"
"kocbilgf-1",8.88618617603469,2.33105576471884,7660.41845703125,-8428.140625,"Mesenchymal","#F0E442"
"kocbkgki-1",9.46059470722365,1.45954919294912,7663.56884765625,-8418.0625,"Mesenchymal","#F0E442"
"kocbllef-1",7.22740655491042,1.20442033247549,7648.94580078125,-8404.03515625,"Mesenchymal","#F0E442"
"kocboadm-1",11.625896983835,0.554841522737329,7654.17236328125,-8419.9521484375,"Mesenchymal","#F0E442"
"kocbodkg-1",9.95295100757766,1.38747513727743,7652.861328125,-8440.5751953125,"Mesenchymal","#F0E442"
"kocbpmpa-1",9.08746104786086,1.99967372850973,7652.4150390625,-8411.1748046875,"Mesenchymal","#F0E442"
"koccadfl-1",5.9184365803926,0.842718605562036,7653.0166015625,-8395.931640625,"Macrophage","#CC79A7"
"koccbjfd-1",5.17992311069655,-1.61956321759623,7639.5263671875,-8384.6142578125,"Mesenchymal","#F0E442"
"koccfmnp-1",-3.31810993602586,0.975336913629357,7637.67431640625,-8396.7646484375,"Epi_SecA","#E69F00"
"kocchlkg-1",9.20243125507521,4.93179119066793,7645.44970703125,-8393.1181640625,"Endothelial","#D55E00"
"koccihoi-1",-3.80170196941209,-1.18202399773997,7630.51904296875,-8388.025390625,"Epi_SecA","#E69F00"
"kocckcia-1",11.8010736043184,0.140199099345986,7640.056640625,-8430.6083984375,"Mesenchymal","#F0E442"
"kocckjlk-1",10.6837096745698,0.588591997190301,7649.43017578125,-8429.4140625,"Mesenchymal","#F0E442"
"koccnagf-1",11.4943280751436,0.90378964380819,7644.5908203125,-8418.1318359375,"Mesenchymal","#F0E442"
"koccnnki-1",5.46297460148024,-3.13885581059855,7638.6904296875,-8417.216796875,"Epi_SecA","#E69F00"
"kocdabdk-1",11.8632751042573,0.126230989261453,7645.00830078125,-8444.291015625,"Mesenchymal","#F0E442"
"kocddleb-1",11.4581866795747,0.372921292348687,7646.81591796875,-8458.869140625,"Mesenchymal","#F0E442"
"kocdemoh-1",-3.55617041042161,0.172266010804956,7628.86962890625,-8458.287109375,"Mesenchymal","#F0E442"
"kocdldco-1",10.2035928303926,-0.655326242880042,7635.77685546875,-8439.705078125,"Mesenchymal","#F0E442"
"kocdolcd-1",-2.83216137340379,-0.669778342680152,7629.3046875,-8445.673828125,"Epi_SecA","#E69F00"
"koceinkj-1",11.182124667856,-0.224910955266173,7637.12841796875,-8456.4228515625,"Mesenchymal","#F0E442"
"kocekaee-1",-2.98229069164109,-0.0849819009612159,7625.64990234375,-8427.5869140625,"Epi_SecA","#E69F00"
"kocelcdb-1",-3.16440076282334,-0.319131325320418,7632.90478515625,-8421.0087890625,"Epi_SecA","#E69F00"
"kocelidh-1",-3.15890879085374,-0.555814142660315,7629.24658203125,-8433.9716796875,"Epi_SecA","#E69F00"
"kocellhk-1",4.81217914173293,-5.61292898221415,7635.55517578125,-8411.6953125,"Mesenchymal","#F0E442"
"kocemhkg-1",7.42096524784255,2.95530760721761,7665.25634765625,-8355.71484375,"Mesenchymal","#F0E442"
"kocfamli-1",10.2844510609834,1.66742515997488,7653.697265625,-8365.6044921875,"Mesenchymal","#F0E442"
"kocfclei-1",10.0450540120332,1.89044130282003,7657.53076171875,-8356.337890625,"Mesenchymal","#F0E442"
"kocfdmhf-1",12.0746198231904,0.145675529404466,7651.60986328125,-8352.361328125,"Mesenchymal","#F0E442"
"kocflcbj-1",9.7186074788301,2.72466314272482,7650.58056640625,-8372.88671875,"Mesenchymal","#F0E442"
"kocfnbid-1",7.14931302616286,-1.53189289136332,7648.0869140625,-8382.1904296875,"Mesenchymal","#F0E442"
"kocfpfld-1",10.7803693349092,1.82902515368063,7657.9091796875,-8378.482421875,"Mesenchymal","#F0E442"
"kocgddmb-1",9.6138186986177,2.44496643976766,7667.74072265625,-8364.103515625,"Mesenchymal","#F0E442"
"kocgjnjl-1",8.63070159504104,3.3081525607546,7669.9521484375,-8389.6201171875,"Mesenchymal","#F0E442"
"kocgkmac-1",8.81464725086379,2.70720470385153,7670.791015625,-8382.33203125,"Mesenchymal","#F0E442"
"kocglblh-1",10.8894219929903,1.99289834932882,7673.4375,-8371.4931640625,"Mesenchymal","#F0E442"
"kocgnlpl-1",10.0583015019624,2.02514970736105,7666.19482421875,-8374.3935546875,"Mesenchymal","#F0E442"
"kochalak-1",5.3313456113069,-0.965978260473426,7724.2099609375,-8275.634765625,"Macrophage","#CC79A7"
"kochgakn-1",4.69233828136611,1.9276479526003,7723.818359375,-8286.1220703125,"Mesenchymal","#F0E442"
"kochhmfc-1",6.26996093341994,2.26430833773214,7721.0234375,-8281.0244140625,"Mesenchymal","#F0E442"
"kochikcf-1",8.96927505085158,3.7848702712496,7715.89013671875,-8301.9912109375,"Pericyte_SM","#0072B2"
"kochomhg-1",5.92770152637648,3.59440076784689,7714.79931640625,-8321.82421875,"Mesenchymal","#F0E442"
"kochphco-1",7.62870936939406,2.91615593866903,7717.6650390625,-8312.7841796875,"Mesenchymal","#F0E442"
"kociajll-1",6.75741010257888,2.88421857790548,7726.43212890625,-8323.9951171875,"Mesenchymal","#F0E442"
"kocialeh-1",7.37734752247023,2.70258605913717,7724.10791015625,-8309.0126953125,"Mesenchymal","#F0E442"
"kocikdai-1",8.08113532612014,4.75179136232931,7709.36572265625,-8302.6416015625,"Endothelial","#D55E00"
"kocilkcc-1",5.79329066822219,-0.669420297578986,7723.38330078125,-8291.330078125,"Macrophage","#CC79A7"
"kocilkeo-1",9.12189727375197,5.58871210054952,7713.46484375,-8290.3427734375,"Endothelial","#D55E00"
"kocimdkj-1",7.01157670566726,0.956283812089746,7727.76953125,-8293.43359375,"Mesenchymal","#F0E442"
"kocjhapb-1",8.67836671421218,-3.43942105336588,7737.32861328125,-8288.587890625,"Plasma cell","#005685"
"kocjhdnc-1",8.99095016071486,0.966790561242883,7734.5986328125,-8299.1806640625,"Mesenchymal","#F0E442"
"kocjhelj-1",7.67841201374221,1.28931475119192,7736.0595703125,-8326.7705078125,"Mesenchymal","#F0E442"
"kocjjkic-1",7.73087077686477,1.90670180754263,7731.84326171875,-8316.5908203125,"Mesenchymal","#F0E442"
"kocjpmhk-1",9.35744433948684,0.201907758279626,7736.06591796875,-8309.4775390625,"Mesenchymal","#F0E442"
"kockcdbi-1",8.64074855396438,0.460424069925134,7735.06591796875,-8276.5654296875,"Mesenchymal","#F0E442"
"kockgefc-1",5.73279290744948,1.37745488123495,7734.32470703125,-8350.6533203125,"Mesenchymal","#F0E442"
"kockglnc-1",4.3956311280458,2.92601931528646,7733.10693359375,-8366.0322265625,"Macrophage","#CC79A7"
"kockhbff-1",5.3475604588716,3.51550233797628,7732.412109375,-8357.3212890625,"Endothelial","#D55E00"
"kockhfag-1",5.85650735447097,4.00462949709493,7731.08642578125,-8375.9150390625,"Endothelial","#D55E00"
"kockjajg-1",-5.05800814082933,-3.06448256535929,7806.26171875,-8394.1494140625,"Epi_SecA","#E69F00"
"kockjcek-1",-8.75177521159959,0.73815346197683,7763.626953125,-8393.4873046875,"Epi_SecA","#E69F00"
"kockkfeg-1",-7.80856937816453,0.656816606088464,7765.42822265625,-8465.42578125,"Epi_SecA","#E69F00"
"kocklael-1",-8.18307156017137,2.01358139948446,7756.4833984375,-8457.0419921875,"Epi_SecA","#E69F00"
"kockllnc-1",-4.08172602107835,3.13557661013204,7792.72900390625,-8461.279296875,"Epi_SecA","#E69F00"
"kockojkb-1",-7.51147217204881,0.733015660806481,7808.318359375,-8463.0048828125,"Epi_SecA","#E69F00"
"koclfkfc-1",-8.54865307262254,0.526002471013848,7779.9033203125,-8463.8740234375,"Epi_SecA","#E69F00"
"koclgfkk-1",-6.89233917644334,1.51706266836721,7802.42724609375,-8453.87109375,"Epi_SecA","#E69F00"
"kocliidj-1",3.93329887935805,-0.103874123976644,7735.2353515625,-8474.4775390625,"Mesenchymal","#F0E442"
"koclpafl-1",-6.76395601680589,2.30178416208822,7747.64501953125,-8470.7099609375,"Epi_SecA","#E69F00"
"koclpgch-1",-0.0481955473692428,3.32675135569174,7747.767578125,-8412.15625,"Epi_SecA","#E69F00"
"koclpgob-1",-7.9749550287993,1.89719391302664,7781.57080078125,-8432.4873046875,"Epi_SecA","#E69F00"
"kocmapaa-1",-6.9883279269011,0.220146898790185,7776.548828125,-8401.0078125,"Epi_SecA","#E69F00"
"kocmgmbk-1",-6.13710779598069,3.35783613161642,7754.1142578125,-8417.15234375,"Epi_SecA","#E69F00"
"kocmjgnn-1",-8.21244759013963,1.86699629263479,7766.66259765625,-8414.3046875,"Epi_SecA","#E69F00"
"kocmlmjb-1",-3.57818216731858,-3.65105044408243,7808.58154296875,-8376.6103515625,"Epi_SecB","#56B4E9"
"kocmplfd-1",-3.51714987209153,-3.22168337865275,7795.36279296875,-8350.01953125,"Epi_SecB","#56B4E9"
"kocnkaak-1",-4.19674105098558,-3.55889713330668,7802.2041015625,-8365.27734375,"Epi_SecB","#56B4E9"
"kocohjbf-1",-8.14694160869432,1.49866641001302,7762.91748046875,-8380.8671875,"Epi_SecA","#E69F00"
"kocopclf-1",-8.48535103252244,2.10215056376058,7748.5478515625,-8334.5703125,"Epi_SecA","#E69F00"
"kocpaeme-1",-6.53888506343675,3.31424510912496,7757.48291015625,-8336.7421875,"Epi_SecA","#E69F00"
"kocpcmkg-1",-7.14592737605882,3.01500213579733,7751.31298828125,-8345.2861328125,"Epi_SecA","#E69F00"
"kocpeige-1",4.3647940690248,2.99365032152731,7725.04833984375,-8376.9033203125,"Endothelial","#D55E00"
"kocpihcc-1",5.27856832096267,3.45298254923422,7719.79248046875,-8387.1083984375,"Mesenchymal","#F0E442"
"kocpikad-1",8.19222264835524,2.7942422671755,7708.68408203125,-8386.095703125,"Mesenchymal","#F0E442"
"kocpnbaa-1",-5.56384415080857,3.38025153116781,7753.67431640625,-8410.501953125,"Epi_SecA","#E69F00"
"kocpohem-1",0.746874553206443,3.1803518577059,7745.107421875,-8408.8310546875,"Epi_SecA","#E69F00"
"kodaaocm-1",-7.61395592143846,0.560048882528131,7749.64111328125,-8393.4296875,"Epi_SecA","#E69F00"
"kodabdcl-1",5.18454652378249,3.14427125887472,7724.57958984375,-8362.0576171875,"Mesenchymal","#F0E442"
"kodacoin-1",5.61345201084304,3.37228334383566,7718.9482421875,-8370.681640625,"Endothelial","#D55E00"
"kodafeed-1",5.97563462803054,3.28567016558248,7713.81396484375,-8366.8583984375,"Mesenchymal","#F0E442"
"kodaianj-1",6.13085656711745,3.31526411013204,7714.798828125,-8335.853515625,"Mesenchymal","#F0E442"
"kodaiepa-1",6.35966020176101,2.75563443140585,7724.2548828125,-8349.970703125,"Mesenchymal","#F0E442"
"kodajnnk-1",8.56704955646682,2.38454020456869,7710.31689453125,-8348.123046875,"Mesenchymal","#F0E442"
"kodaljhg-1",5.01931195804763,-0.469385321573432,7738.71484375,-8338.3955078125,"Macrophage","#CC79A7"
"kodamgia-1",5.9372821385591,1.75391924814779,7730.01708984375,-8338.0947265625,"Mesenchymal","#F0E442"
"kodbdalf-1",5.97808223316359,3.71683037714559,7720.4541015625,-8339.1708984375,"Mesenchymal","#F0E442"
"kodbhkgk-1",2.18801372596907,-2.76714598699015,7797.07763671875,-8292.9404296875,"Mesenchymal","#F0E442"
"kodbjbcp-1",-1.86395115306687,-3.57456934018534,7797.4736328125,-8307.7998046875,"Epi_SecB","#56B4E9"
"kodbkbfn-1",-0.680508322027446,-2.55287515683573,7806.39501953125,-8311.71484375,"Epi_SecB","#56B4E9"
"kodbkomm-1",5.9415021474092,-3.70135056538981,7741.2607421875,-8327.8974609375,"Mesenchymal","#F0E442"
"kodbkpdi-1",6.5353537137239,2.22903240160543,7661.32763671875,-8245.537109375,"Mesenchymal","#F0E442"
"kodbmbpf-1",10.6633668477266,1.23853624300558,7674.6875,-8251.689453125,"Mesenchymal","#F0E442"
"kodbmcej-1",11.3945079381196,0.204358343644921,7670.78271484375,-8239.9130859375,"Mesenchymal","#F0E442"
"kodbmgic-1",6.66568189212966,2.55081308321554,7667.36962890625,-8254.8984375,"Mesenchymal","#F0E442"
"kodbodpn-1",9.44013839313674,1.69633210138876,7680.61328125,-8238.8466796875,"Mesenchymal","#F0E442"
"kodcdgmf-1",5.70315938541579,3.275410298868,7693.49609375,-8252.154296875,"Mesenchymal","#F0E442"
"kodcfbih-1",8.8708701665132,2.87153304056722,7685.580078125,-8248.5400390625,"Mesenchymal","#F0E442"
"kodcifen-1",11.6674647862642,0.170242075486962,7676.26806640625,-8264.5791015625,"Mesenchymal","#F0E442"
"kodclpgj-1",6.93855052539992,4.13872421221334,7708.9521484375,-8269.3896484375,"Endothelial","#D55E00"
"kodcmgbb-1",7.8384805257051,-0.429575945572074,7688.7724609375,-8267.12890625,"Mesenchymal","#F0E442"
"koddadfi-1",6.09769254276442,-1.30724596543711,7657.09326171875,-8258.9296875,"Mesenchymal","#F0E442"
"kodddbbp-1",9.72657352039504,0.814470712705438,7666.7978515625,-8267.3408203125,"Mesenchymal","#F0E442"
"koddfpnc-1",7.19103580066848,1.33096838430959,7664.306640625,-8260.2177734375,"Mesenchymal","#F0E442"
"koddhipk-1",-3.29225248744798,1.40258801416952,7633.0244140625,-8244.912109375,"Epi_SecA","#E69F00"
"koddlekg-1",-4.91379303386521,1.80298853354055,7643.02001953125,-8247.400390625,"Epi_SecA","#E69F00"
"koddpoic-1",-2.94156069209886,2.10443532900411,7651.5625,-8253.7822265625,"Epi_SecA","#E69F00"
"kodeagfc-1",-2.56884974887681,2.85156929926473,7652.015625,-8238.1552734375,"Epi_SecA","#E69F00"
"kodegdfb-1",10.6569171483247,1.80197215513784,7658.32177734375,-8312.953125,"Mesenchymal","#F0E442"
"kodejaob-1",10.9123426015108,2.20910752253134,7654.39794921875,-8320.8056640625,"Mesenchymal","#F0E442"
"kodejbcj-1",11.6026835972993,1.63487351374227,7662.94384765625,-8319.98828125,"Mesenchymal","#F0E442"
"kodejfjh-1",11.6039977605073,0.806507949395959,7671.318359375,-8313.8623046875,"Mesenchymal","#F0E442"
"kodelbnm-1",9.48208385059523,3.51488769487936,7702.12646484375,-8345.6591796875,"Mesenchymal","#F0E442"
"kodembid-1",7.1468678052156,-0.115062683210786,7707.15869140625,-8363.650390625,"Mesenchymal","#F0E442"
"kodeokcg-1",5.44890742847609,-0.404181476072486,7702.17724609375,-8361.4951171875,"Macrophage","#CC79A7"
"kodfafni-1",9.000276141855,4.6813968463381,7706.91455078125,-8332.275390625,"Endothelial","#D55E00"
"kodfcnmk-1",6.64410453388381,-1.4523956732313,7649.2861328125,-8329.2001953125,"Mesenchymal","#F0E442"
"kodfdpmc-1",8.8714862401216,1.90021717981893,7660.50146484375,-8340.2919921875,"Mesenchymal","#F0E442"
"kodfhebi-1",11.3941627080171,0.912604336305444,7662.41552734375,-8329.8505859375,"Mesenchymal","#F0E442"
"kodfipnm-1",8.7649679715364,2.43083250956136,7684.21044921875,-8341.7373046875,"Mesenchymal","#F0E442"
"kodgbhfe-1",10.082925372812,5.37263572649557,7696.26806640625,-8337.8251953125,"Endothelial","#D55E00"
"kodgdofd-1",10.0026383931367,5.2833312793215,7695.8779296875,-8326.28125,"Endothelial","#D55E00"
"kodgemgf-1",8.66486316272902,3.14229429201681,7685.53271484375,-8326.98828125,"Mesenchymal","#F0E442"
"kodgfanb-1",9.34748321125197,4.66363132433492,7690.7646484375,-8313.638671875,"Endothelial","#D55E00"
"kodggife-1",8.91304164478469,5.54884422258932,7705.41064453125,-8315.31640625,"Endothelial","#D55E00"
"kodgjbbc-1",6.16745191166091,3.53454697565634,7683.28466796875,-8320.248046875,"Mesenchymal","#F0E442"
"kodglkhp-1",9.87399058887648,2.66413677172262,7678.42529296875,-8318.0791015625,"Mesenchymal","#F0E442"
"kodgnbcp-1",-6.78933424403978,0.709648017450158,7634.00537109375,-8321.619140625,"Epi_SecA","#E69F00"
"kodgndol-1",-0.255480117109538,-0.518370355800803,7626.27392578125,-8312.2041015625,"Epi_SecA","#E69F00"
"kodgpjle-1",-0.999352401998759,3.16667736010153,7628.251953125,-8328.3349609375,"Epi_SecA","#E69F00"
"kodhafci-1",-5.24880213191819,3.09345949129659,7635.84814453125,-8326.9443359375,"Epi_SecA","#E69F00"
"kodhfipo-1",-2.53347272327256,0.299564574523751,7643.6103515625,-8362.240234375,"Epi_SecA","#E69F00"
"kodhomgg-1",-2.84540051868272,-0.590569223598655,7631.19873046875,-8379.3173828125,"Epi_SecA","#E69F00"
"kodhpkcn-1",0.0901445681779374,1.1313490910967,7637.7001953125,-8375.1484375,"Epi_SecA","#E69F00"
"kodiaabm-1",-2.22101873805833,-0.379240329698737,7630.0087890625,-8370.81640625,"Epi_SecA","#E69F00"
"kodiaogc-1",-2.56112546375108,2.83383572535116,7641.3173828125,-8371.021484375,"Epi_SecA","#E69F00"
"kodiegaa-1",-5.60992760112596,1.72968900637228,7628.8525390625,-8335.4443359375,"Epi_SecA","#E69F00"
"kodifgkl-1",-1.15136129310441,1.87574053244192,7627.4453125,-8353.0166015625,"Epi_SecA","#E69F00"
"kodikmac-1",-3.49550909450364,-0.715312238172706,7624.2197265625,-8345.0546875,"Epi_SecA","#E69F00"
"kodineog-1",9.02994876453566,3.97039783434469,7696.5146484375,-8290.2763671875,"Pericyte_SM","#0072B2"
"kodjddcj-1",8.26444488117385,2.00412142710287,7694.2275390625,-8278.083984375,"Mesenchymal","#F0E442"
"kodjeeio-1",7.74172072956252,3.79497111277181,7701.28759765625,-8279.4853515625,"Pericyte_SM","#0072B2"
"kodjffhc-1",9.58409457752395,6.06834161715109,7699.58154296875,-8309.4345703125,"Endothelial","#D55E00"
"kodjnkad-1",6.20404058048415,3.67623722986776,7689.96337890625,-8302.576171875,"Mesenchymal","#F0E442"
"kodjopaa-1",8.60380368778396,4.98948800997335,7698.9638671875,-8298.55078125,"Endothelial","#D55E00"
"kodjpdnc-1",11.0189366872041,0.244420294328515,7671.93505859375,-8296.31640625,"Mesenchymal","#F0E442"
"kodkaecp-1",10.8801684910982,1.93084514574606,7680.60791015625,-8293.75,"Mesenchymal","#F0E442"
"kodkepnp-1",11.4536119038789,0.859593216939752,7675.25537109375,-8280.6962890625,"Mesenchymal","#F0E442"
"kodkfdnb-1",11.4045672948091,0.860239212079827,7662.71875,-8289.5341796875,"Mesenchymal","#F0E442"
"kodkfpgl-1",10.8045707280366,0.687855128808801,7657.38037109375,-8305.791015625,"Mesenchymal","#F0E442"
"kodkhnca-1",11.1063972050874,-0.48265227241915,7652.44873046875,-8300.25390625,"Mesenchymal","#F0E442"
"kodkiice-1",11.9201608235567,1.13263762430746,7665.97607421875,-8301.04296875,"Mesenchymal","#F0E442"
"kodknkmo-1",6.92424922535109,-1.18461834950846,7654.7607421875,-8282.5693359375,"Mesenchymal","#F0E442"
"kodkpdai-1",-4.90054220607591,0.420428459211175,7641.15966796875,-8297.953125,"Epi_SecA","#E69F00"
"kodkpkfo-1",-0.0537149970800888,0.578468207879846,7629.40771484375,-8303.19140625,"Epi_SecA","#E69F00"
"kodlapgn-1",-5.7418417399199,1.00478816465933,7629.52392578125,-8290.556640625,"Epi_SecA","#E69F00"
"kodlhcdk-1",11.5008197362154,0.182270173593347,7658.25048828125,-8160.349609375,"Mesenchymal","#F0E442"
"kodlofne-1",9.51492267200637,1.85005343393881,7679.02490234375,-8177.4716796875,"Mesenchymal","#F0E442"
"kodlohbn-1",6.1303768689363,3.35817110972006,7688.69580078125,-8186.70361328125,"Mesenchymal","#F0E442"
"kodlpnlk-1",9.35412364551711,1.6288107676943,7683.46484375,-8182.595703125,"Mesenchymal","#F0E442"
"kodlpoik-1",10.2474732930391,0.325552467866723,7650.16552734375,-8208.0439453125,"Mesenchymal","#F0E442"
"kodlpomd-1",10.157918506357,1.95848167376119,7670.57470703125,-8213.16015625,"Mesenchymal","#F0E442"
"kodmadof-1",-3.42502874782395,1.17758012251455,7645.35986328125,-8213.8984375,"Epi_SecA","#E69F00"
"kodmekgj-1",8.58479457447219,1.56362116770345,7654.5947265625,-8216.806640625,"Mesenchymal","#F0E442"
"kodmfhep-1",9.52556090900588,1.76222074465353,7660.02099609375,-8210.984375,"Mesenchymal","#F0E442"
"kodmgdkc-1",10.0279746587007,2.37413180307943,7671.201171875,-8228.4638671875,"Mesenchymal","#F0E442"
"kodmgdpg-1",6.49947839328933,3.39480436281759,7674.73828125,-8223.03515625,"Mesenchymal","#F0E442"
"kodmjjnp-1",-3.587126201895,0.345634285970513,7646.23095703125,-8224.0380859375,"Epi_SecA","#E69F00"
"kodmkfkf-1",7.99068027088332,2.92971170382101,7663.82666015625,-8224.11328125,"Mesenchymal","#F0E442"
"kodmkijh-1",6.18603759357619,2.43852317766744,7660.27587890625,-8229.51171875,"Mesenchymal","#F0E442"
"kodmmfji-1",-2.4307209914,0.677590970559899,7643.8046875,-8232.0830078125,"Epi_SecA","#E69F00"
"kodmmnnh-1",-4.3986348574431,2.06816566423971,7637.3779296875,-8209.0078125,"Epi_SecA","#E69F00"
"kodnbbpl-1",-6.5156888430388,0.426471535726373,7629.10546875,-8233.3427734375,"Epi_SecA","#E69F00"
"kodnbnll-1",-2.34005231311631,0.39730206565458,7636.40185546875,-8220.8623046875,"Epi_SecA","#E69F00"
"kodncilg-1",-3.41756052425218,1.47669446901876,7619.255859375,-8215.287109375,"Epi_SecA","#E69F00"
"kodndgpn-1",9.4808145100801,1.28027725653249,7646.23095703125,-8185.50341796875,"Mesenchymal","#F0E442"
"kodnfdig-1",9.22588019916701,0.741161291166131,7651.728515625,-8189.31689453125,"Mesenchymal","#F0E442"
"kodnfgam-1",11.5537515217988,-0.210154864327128,7651.728515625,-8179.41845703125,"Mesenchymal","#F0E442"
"kodnhhjm-1",6.86860614368605,0.871706668897454,7674.13330078125,-8202.0556640625,"Mesenchymal","#F0E442"
"kodniboo-1",7.96921687671828,2.76598179773885,7677.62841796875,-8195.78125,"Mesenchymal","#F0E442"
"kodnjeno-1",9.23074012348342,2.04129493670065,7660.697265625,-8188.05615234375,"Mesenchymal","#F0E442"
"kodnjmbf-1",9.78544002124953,1.93323028521139,7670.9189453125,-8184.61376953125,"Mesenchymal","#F0E442"
"kodnkenf-1",10.1771903569429,1.84470367865164,7662.23486328125,-8180.021484375,"Mesenchymal","#F0E442"
"kodnklhf-1",2.6636096770494,-2.1620246128599,7643.8876953125,-8201.2646484375,"Epi_SecA","#E69F00"
"kodnpglb-1",11.1648641164033,1.63230336145956,7664.30322265625,-8198.4541015625,"Mesenchymal","#F0E442"
"kodnpjjm-1",9.52346950123,1.66829777197439,7655.81005859375,-8196.666015625,"Mesenchymal","#F0E442"
"kodocbak-1",6.41041713306594,-0.113285280154164,7649.77685546875,-8198.259765625,"Mesenchymal","#F0E442"
"kodocdmk-1",-3.91962809017015,-0.647042329744513,7490.17041015625,-8216.1708984375,"Epi_SecA","#E69F00"
"kodoncbo-1",-3.01173204830003,0.922760252519433,7490.7431640625,-8228.02734375,"Epi_SecA","#E69F00"
"kodonjnj-1",-3.95098537853074,-0.602908010915931,7489.95361328125,-8269.2685546875,"Epi_SecA","#E69F00"
"kodpbfhh-1",-3.3289417689116,0.41681272224981,7478.33349609375,-8267.3203125,"Epi_SecA","#E69F00"
"kodpbiah-1",-3.10910362651658,0.323139016195123,7486.3056640625,-8257.5576171875,"Epi_SecA","#E69F00"
"kodpcefk-1",1.80989819118667,-2.1351851181547,7484.5947265625,-8245.5849609375,"Epi_SecA","#E69F00"
"kodpdkfd-1",-3.14670652797532,0.137334425612275,7489.22314453125,-8237.45703125,"Epi_SecA","#E69F00"
"kodpekkh-1",-1.75484437396836,0.721748415990655,7504.9365234375,-8319.736328125,"Epi_SecA","#E69F00"
"kodpihmg-1",10.7944217259614,5.36053359942037,7516.12451171875,-8329.9658203125,"Mesenchymal","#F0E442"
"kodpjefl-1",10.8995252186983,5.98489749865133,7517.4921875,-8321.04296875,"Endothelial","#D55E00"
"kodpnend-1",8.89394431659865,0.774215285344903,7506.49462890625,-8335.3115234375,"Mesenchymal","#F0E442"
"kodpodlj-1",-3.83876413753343,-0.954558725790198,7547.35791015625,-8322.044921875,"Epi_SecA","#E69F00"
"koeabokl-1",-3.88277954509568,-0.734777863458808,7534.61083984375,-8329.873046875,"Epi_SecA","#E69F00"
"koeagopp-1",10.5579810673921,5.18273342089254,7522.53515625,-8303.236328125,"Mesenchymal","#F0E442"
"koeahcig-1",4.56928306171584,-1.81554221673411,7529.21142578125,-8314.3984375,"Macrophage","#CC79A7"
"koeankid-1",9.59867911884475,-1.4292103008787,7533.40478515625,-8307.6787109375,"Mesenchymal","#F0E442"
"koeaocbg-1",10.4728103215425,-1.10821938081187,7539.22802734375,-8302.1416015625,"Mesenchymal","#F0E442"
"koebefdg-1",0.789989692214011,1.77358997301656,7504.62548828125,-8304.6728515625,"Epi_SecB","#56B4E9"
"koebfcpk-1",10.6021457249849,6.01603734926779,7516.12939453125,-8296.1484375,"Endothelial","#D55E00"
"koebiomk-1",-2.32597274234605,-0.933163817362006,7504.15625,-8253.2568359375,"Epi_SecA","#E69F00"
"koebjejc-1",-4.3760346834929,0.849550072713677,7503.6875,-8269.7451171875,"Epi_SecA","#E69F00"
"koebjkcl-1",-2.71398634364915,-0.934990520910438,7495.783203125,-8255.265625,"Epi_SecA","#E69F00"
"koebkdhh-1",9.88969379017043,-1.85003888173502,7530.50732421875,-8290.0498046875,"Mesenchymal","#F0E442"
"koeblpmj-1",5.96829562732863,-3.82121645970743,7531.265625,-8276.890625,"Mesenchymal","#F0E442"
"koecacfm-1",3.79210668155837,-2.83974682851237,7534.84912109375,-8268.1689453125,"Macrophage","#CC79A7"
"koecdlai-1",2.76728849956679,-2.32810222669047,7521.9052734375,-8261.486328125,"Mesenchymal","#F0E442"
"koeciack-1",-3.59967512538743,0.184786115451638,7513.07861328125,-8265.201171875,"Epi_SecA","#E69F00"
"koecmhae-1",2.31567054340529,-2.34834801717203,7532.0693359375,-8259.3095703125,"Mesenchymal","#F0E442"
"koecmiie-1",-3.46027559688401,-1.55544817014139,7501.83056640625,-8227.8935546875,"Epi_SecA","#E69F00"
"koecooln-1",-3.98519367626023,0.236559067531411,7499.21826171875,-8239.71484375,"Epi_SecA","#E69F00"
"koedccpi-1",-2.10836333682847,-0.348777289823707,7485.27783203125,-8278.6279296875,"Epi_SecA","#E69F00"
"koedcjfb-1",1.39497190067458,2.7201284213503,7479.96044921875,-8321.7646484375,"Epi_SecA","#E69F00"
"koedenbn-1",-0.570767230299235,1.22844052748281,7481.10595703125,-8329.0234375,"Epi_SecA","#E69F00"
"koedimhl-1",0.635735803338765,2.67804587320883,7483.03662109375,-8314.4052734375,"Epi_SecA","#E69F00"
"koeedilc-1",-2.31039232662034,1.3412381453951,7472.77587890625,-8287.3662109375,"Epi_SecA","#E69F00"
"koeeeaga-1",-1.76474327495408,2.02878296808798,7547.78125,-8451.892578125,"Epi_SecA","#E69F00"
"koeefhfo-1",-4.69900459697557,-0.0156251819292859,7569.080078125,-8442.6845703125,"Epi_SecA","#E69F00"
"koeefnbd-1",-2.37961763789964,-0.551614309982474,7572.7587890625,-8429.9423828125,"Epi_SecA","#E69F00"
"koeejopf-1",-3.83906645229173,-0.361111517385657,7561.5537109375,-8428.8857421875,"Epi_SecA","#E69F00"
"koeekafp-1",-5.06353659084153,-0.287527318433936,7588.22998046875,-8451.361328125,"Epi_SecA","#E69F00"
"koeekhbp-1",1.32698928663421,2.44530332521993,7620.40771484375,-8442.6787109375,"Epi_SecA","#E69F00"
"koeellfa-1",-3.8901538317473,-0.0672529519955472,7594.55419921875,-8406.150390625,"Epi_SecA","#E69F00"
"koeemjko-1",-4.61385578563523,-0.184266637400802,7576.67431640625,-8380.244140625,"Epi_SecA","#E69F00"
"koeenpdl-1",4.71735721180129,-5.25676643414896,7574.56201171875,-8274.693359375,"Mesenchymal","#F0E442"
"koeeohhn-1",0.739314639064549,-2.54690396352213,7575.10791015625,-8297.822265625,"Epi_SecB","#56B4E9"
"koefaifi-1",-2.0957714979918,-3.03768193288248,7581.2275390625,-8262.087890625,"Epi_SecA","#E69F00"
"koefbnba-1",-1.12734860828233,-0.698417599634345,7608.0703125,-8261.11328125,"Epi_SecA","#E69F00"
"koeffbld-1",-3.15623492648912,-0.146782934055741,7610.716796875,-8273.6767578125,"Epi_SecA","#E69F00"
"koefflom-1",-5.31471104076219,0.173055772348229,7618.61474609375,-8269.021484375,"Epi_SecA","#E69F00"
"koefioan-1",-2.68363518169236,-0.973276908830817,7621.6142578125,-8257.6484375,"Epi_SecA","#E69F00"
"koefmhoo-1",-4.0865420763762,0.0936940951784297,7601.71142578125,-8270.044921875,"Epi_SecA","#E69F00"
"koefodmo-1",-4.26366991451097,-0.538216437534507,7607.43701171875,-8226.1240234375,"Epi_SecA","#E69F00"
"koefpahd-1",-3.94103474071336,-1.22680496735972,7612.9677734375,-8237.2890625,"Epi_SecA","#E69F00"
"koegbkdf-1",-3.08554667880845,-0.956888611749824,7618.31201171875,-8295.9375,"Epi_SecB","#56B4E9"
"koegchhb-1",-3.70973581722093,-0.214366409317668,7607.70263671875,-8282.46875,"Epi_SecA","#E69F00"
"koegdajf-1",-5.29048675945115,-0.233488674596961,7595.21337890625,-8300.359375,"Epi_SecA","#E69F00"
"koeggegg-1",-5.37204069545579,-0.236991863087829,7593.71826171875,-8284.2734375,"Epi_SecA","#E69F00"
"koeglbao-1",-1.82672900607896,-2.59651815457743,7585.92822265625,-8250.265625,"Epi_SecB","#56B4E9"
"koegmeif-1",1.61643766710448,-2.24369179768961,7594.13525390625,-8256.7802734375,"Epi_SecB","#56B4E9"
"koegmklk-1",-2.74039549281907,0.827118579908196,7568.03564453125,-8371.759765625,"Epi_SecA","#E69F00"
"koegobik-1",-1.87459964206529,1.20460856394369,7572.83544921875,-8371.5966796875,"Epi_SecA","#E69F00"
"koegpeli-1",-3.24548811366868,-1.07090949578684,7568.25830078125,-8323.5869140625,"Epi_SecA","#E69F00"
"koehabmo-1",-3.62430424144578,-1.07127522988718,7558.79931640625,-8318.1416015625,"Epi_SecA","#E69F00"
"koehfedk-1",-3.29911226680589,-1.28210019631785,7612.99609375,-8359.2880859375,"Epi_SecA","#E69F00"
"koehgnkj-1",-2.74062747409654,-1.25028276009959,7611.64306640625,-8348.7490234375,"Epi_SecA","#E69F00"
"koehhdel-1",-3.20442027499986,-0.25343405766886,7621.91796875,-8357.4365234375,"Epi_SecA","#E69F00"
"koehipld-1",-4.75585216930223,-0.228041421012099,7585.52734375,-8330.1884765625,"Epi_SecA","#E69F00"
"koehjpcd-1",-6.22600407054734,-0.0350137384096937,7620.51513671875,-8324.3486328125,"Epi_SecA","#E69F00"
"koehlhlg-1",-1.50109619548631,-0.491435523466285,7613.41357421875,-8309.2421875,"Epi_SecA","#E69F00"
"koehnela-1",-2.68666262080979,-2.52963268323344,7542.931640625,-8261.6533203125,"Epi_SecB","#56B4E9"
"koehonno-1",-6.56318468501878,0.731841091676538,7552.15234375,-8259.6494140625,"Epi_Cil","#009E73"
"koeibdam-1",-6.38768667629075,0.654286210103814,7545.80224609375,-8276.45703125,"Epi_SecA","#E69F00"
"koeicmco-1",-3.18505138805223,-1.74235188527506,7551.056640625,-8298.2744140625,"Epi_SecA","#E69F00"
"koeijmfj-1",-3.72830385616136,-1.81561171574991,7562.77734375,-8296.375,"Epi_SecA","#E69F00"
"koeimfbb-1",-4.01324886730027,-1.72825812859934,7550.35693359375,-8286.2275390625,"Epi_SecA","#E69F00"
"koeiohpp-1",-1.48080820491624,1.47321260408956,7567.3525390625,-8306.640625,"Epi_SecA","#E69F00"
"koeipmke-1",-0.28102940967393,1.77168262438375,7494.5048828125,-8359.947265625,"Mesenchymal","#F0E442"
"koejbbok-1",0.512140744420766,2.3209654136141,7483.4765625,-8368.31640625,"Epi_SecA","#E69F00"
"koejfgkb-1",8.93601375171828,-1.69535374207896,7484.4296875,-8394.8828125,"Mesenchymal","#F0E442"
"koejhbhl-1",9.83097320148635,3.38450658754904,7489.85595703125,-8379.466796875,"Mesenchymal","#F0E442"
"koejiahb-1",9.55645232746291,0.806250099702661,7491.89453125,-8368.330078125,"Mesenchymal","#F0E442"
"koejiofp-1",-0.508906549719096,1.83586550192434,7487.9853515625,-8363.6943359375,"Epi_SecA","#E69F00"
"koejkbma-1",1.7919352586,2.6632984919985,7477.00439453125,-8337.3388671875,"Epi_SecB","#56B4E9"
"koejkepa-1",9.24819045612502,2.12261522249777,7521.5830078125,-8450.3984375,"Mesenchymal","#F0E442"
"koejlopo-1",9.08867316791701,5.22789514498312,7479.17333984375,-8438.751953125,"Endothelial","#D55E00"
"koejmfmj-1",10.0305533940523,5.47078693346578,7486.57275390625,-8449.8525390625,"Endothelial","#D55E00"
"koejmpmm-1",10.5399718816011,5.56055534319479,7489.70556640625,-8433.1005859375,"Endothelial","#D55E00"
"koejnngd-1",10.4300065571992,4.03775871233541,7497.37890625,-8443.44921875,"Mesenchymal","#F0E442"
"koekgdel-1",8.48914008686232,-4.3274766163389,7505.01708984375,-8437.779296875,"Epi_SecA","#E69F00"
"koekgege-1",8.30833869526076,-4.52340137525004,7504.87744140625,-8429.4521484375,"Epi_SecA","#E69F00"
"koekghok-1",8.37261443683791,4.2481111331423,7496.9453125,-8398.4296875,"Mesenchymal","#F0E442"
"koekjpga-1",-0.449104732778789,2.41974032358724,7500.55126953125,-8406.1044921875,"Epi_SecA","#E69F00"
"koeknbgj-1",-2.64042109897447,2.82959616617758,7501.7646484375,-8421.408203125,"Epi_SecA","#E69F00"
"koeknblj-1",7.36899190494704,-0.465193833545859,7485.7451171875,-8415.54296875,"Mesenchymal","#F0E442"
"koelaijn-1",10.1457009846895,3.62575281099874,7494.60107421875,-8411.03125,"Mesenchymal","#F0E442"
"koelffcl-1",11.0554919774263,-0.148477862910445,7491.86865234375,-8421.63671875,"Mesenchymal","#F0E442"
"koelffpm-1",4.4799211556642,-2.10359727902811,7503.4638671875,-8341.115234375,"Mesenchymal","#F0E442"
"koelfkbe-1",9.74575477192092,-1.32587122483652,7511.58642578125,-8338.94140625,"Mesenchymal","#F0E442"
"koelldkh-1",1.79694336006331,-1.61016892953318,7514.4453125,-8350.8779296875,"Epi_SecA","#E69F00"
"koelnenj-1",-3.89875215938401,-1.13920640511912,7528.111328125,-8387.087890625,"Epi_SecA","#E69F00"
"koembdif-1",-3.23560232570481,-1.41935491128367,7518.28271484375,-8381.5322265625,"Epi_SecA","#E69F00"
"koemdkel-1",10.7059598500459,5.13266933397848,7501.1015625,-8379.2626953125,"Mesenchymal","#F0E442"
"koemgial-1",3.57598929950881,-1.27997362180155,7505.25537109375,-8390.3017578125,"Mesenchymal","#F0E442"
"koemiogc-1",5.67990785190749,-1.51163255734843,7501.9208984375,-8396.666015625,"Mesenchymal","#F0E442"
"koemlolb-1",0.182770305368184,-0.0334806510667161,7531.72216796875,-8362.5322265625,"Epi_SecA","#E69F00"
"koemombn-1",-1.45245904376817,0.410871331258599,7532.1513671875,-8373.8564453125,"Epi_SecA","#E69F00"
"koempcid-1",4.70829802105117,-1.83485912843149,7506.52880859375,-8353.142578125,"Macrophage","#CC79A7"
"koempkjn-1",5.20240884372878,-0.212993520633395,7500.5380859375,-8358.470703125,"Macrophage","#CC79A7"
"koenapbm-1",7.46520000049758,0.294673536582772,7504.7607421875,-8365.3740234375,"Mesenchymal","#F0E442"
"koeojbfc-1",-6.75329250743699,-1.70088183446329,7352.3369140625,-8414.650390625,"Epi_SecA","#E69F00"
"koeojjed-1",-5.69186682155442,-1.89120149178904,7362.10009765625,-8414.8271484375,"Epi_SecA","#E69F00"
"koeomdoe-1",-5.80216402461839,-2.0800424770872,7373.703125,-8367.9130859375,"Epi_SecA","#E69F00"
"koeoomfa-1",-5.85413689067674,-3.7643502907316,7369.90185546875,-8335.8369140625,"Epi_SecA","#E69F00"
"koeoookf-1",-6.3274335329802,-0.512712325290854,7367.59765625,-8327.25390625,"Epi_SecA","#E69F00"
"koepfhbk-1",-5.40805143764329,-0.610520775751288,7358.43603515625,-8287.4306640625,"Epi_SecA","#E69F00"
"koepimei-1",6.39428906986403,-0.985243673757728,7445.416015625,-8433.046875,"Mesenchymal","#F0E442"
"koepkljl-1",-0.447360462454082,2.6265975280245,7434.25732421875,-8426.7421875,"Epi_SecA","#E69F00"
"koepngke-1",2.27450244972396,-2.23254143758219,7446.27685546875,-8411.94921875,"Epi_SecA","#E69F00"
"koepphac-1",5.43421989032912,-0.375143225626166,7477.029296875,-8455.16015625,"Macrophage","#CC79A7"
"kofaaigf-1",5.19861751148391,-1.04713725610178,7464.32177734375,-8452.498046875,"Macrophage","#CC79A7"
"kofaakfl-1",4.55976467678237,-2.12846338315409,7458.41552734375,-8448.1171875,"Macrophage","#CC79A7"
"kofaakib-1",5.06704669544387,-1.89272319837015,7471.666015625,-8448.55078125,"Macrophage","#CC79A7"
"kofabhkf-1",10.51055102894,5.26189268068868,7456.658203125,-8439.7509765625,"Endothelial","#D55E00"
"kofaegpf-1",5.7774806554048,0.62691957192022,7460.09423828125,-8426.037109375,"Mesenchymal","#F0E442"
"kofaipdg-1",10.2078185612886,5.68607128099996,7466.13525390625,-8434.322265625,"Endothelial","#D55E00"
"kofaofal-1",7.17742877552199,1.78213823275167,7475.0419921875,-8420.474609375,"Mesenchymal","#F0E442"
"kofaplbk-1",10.0966849858491,4.08536088900167,7473.84423828125,-8426.787109375,"Pericyte_SM","#0072B2"
"kofbefdc-1",6.01218228885817,-1.3382028297941,7467.75390625,-8418.6708984375,"Mesenchymal","#F0E442"
"kofbfeli-1",5.23853927204299,-1.33520400090616,7462.986328125,-8413.8037109375,"Mesenchymal","#F0E442"
"kofbgkdm-1",-5.39933008601976,1.22902369932729,7436.9931640625,-8369.6376953125,"Epi_SecA","#E69F00"
"kofbnadc-1",6.92955546924758,-1.75638985200327,7471.9453125,-8399.1279296875,"Mesenchymal","#F0E442"
"kofbopno-1",5.91904597828078,-1.48650097413462,7477.49755859375,-8382.9833984375,"Mesenchymal","#F0E442"
"kofcaooo-1",-4.15015072276902,-0.873750563100989,7419.7939453125,-8404.09375,"Epi_SecA","#E69F00"
"kofcegmg-1",-1.76199287822557,-0.157158877090629,7428.43017578125,-8408.3828125,"Epi_SecA","#E69F00"
"kofcgmih-1",-3.27442736080003,0.195633832975213,7434.13818359375,-8415.513671875,"Epi_SecA","#E69F00"
"kofchfhf-1",-4.10500521114183,-1.19641017480295,7421.51708984375,-8413.2099609375,"Epi_SecA","#E69F00"
"kofcilka-1",-5.69450754573655,-2.21994459195536,7427.744140625,-8415.9326171875,"Epi_SecA","#E69F00"
"kofcipge-1",9.7387376363008,5.6530445857485,7429.73583984375,-8452.3779296875,"Mesenchymal","#F0E442"
"kofcmgpm-1",5.16393428394484,-5.49202787442606,7426.78369140625,-8446.0146484375,"Mesenchymal","#F0E442"
"kofcnoll-1",-1.47247332980943,2.64325225786764,7429.50830078125,-8439.0380859375,"Epi_SecA","#E69F00"
"kofcoafe-1",-5.03029198100877,1.37196660475332,7441.7451171875,-8330.4716796875,"Epi_SecA","#E69F00"
"kofdadgj-1",-2.0378827517302,1.09291696981985,7449.03515625,-8401.8837890625,"Epi_SecA","#E69F00"
"kofdakck-1",2.63800077984023,-2.67384349866312,7451.85888671875,-8391.6474609375,"Mesenchymal","#F0E442"
"kofddkfd-1",1.05634572455573,-1.78843295140665,7456.498046875,-8398.0654296875,"Epi_SecA","#E69F00"
"kofdhfgg-1",3.95869141170668,-2.58633791966837,7465.87744140625,-8381.6962890625,"Mesenchymal","#F0E442"
"kofdjlgj-1",0.696840011569737,2.10055149035055,7456.96044921875,-8381.0615234375,"Epi_SecB","#56B4E9"
"kofdleii-1",0.985924729201077,-1.80598640008372,7459.912109375,-8371.4765625,"Epi_SecA","#E69F00"
"kofdojhj-1",6.12491279194045,-1.30842887921732,7462.07958984375,-8405.61328125,"Mesenchymal","#F0E442"
"kofeflij-1",-5.80927175929856,-1.40399598641794,7447.84033203125,-8365.37109375,"Epi_SecA","#E69F00"
"kofeghmh-1",-3.50909513881517,0.751777355237786,7447.40576171875,-8354.9658203125,"Epi_SecA","#E69F00"
"kofeipio-1",-6.62101215770555,0.233913664384667,7442.45263671875,-8319.31640625,"Epi_SecA","#E69F00"
"koffdbjg-1",-5.64640707423997,1.02028346495229,7436.935546875,-8326.091796875,"Epi_SecA","#E69F00"
"koffhlgd-1",-2.39319319179368,1.59297061400015,7452.47998046875,-8316.248046875,"Epi_SecA","#E69F00"
"koffjeig-1",-5.80216211726976,-2.29592191739481,7381.796875,-8358.7587890625,"Epi_SecA","#E69F00"
"koffjgim-1",-4.4653057520659,-3.26191889806193,7377.24169921875,-8337.8779296875,"Epi_SecA","#E69F00"
"koffmnki-1",-6.73705000331712,-2.62574111981791,7384.79345703125,-8337.5224609375,"Epi_SecA","#E69F00"
"kofgebbd-1",-5.71827358653855,0.861746792360131,7413.53564453125,-8434.1630859375,"Epi_SecA","#E69F00"
"kofgkmjl-1",-5.87422842433763,-0.116013053194697,7414.4130859375,-8448.599609375,"Epi_SecA","#E69F00"
"kofgncad-1",-4.33075851848436,-0.274402658776458,7410.36083984375,-8406.431640625,"Epi_SecA","#E69F00"
"kofgokmn-1",-6.75167030742479,-0.445788796381171,7393.169921875,-8219.638671875,"Epi_SecA","#E69F00"
"kofgpkno-1",-5.51436180522752,1.26023519472677,7392.306640625,-8263.537109375,"Epi_SecA","#E69F00"
"kofgpodg-1",-6.45717520168138,-0.88621484799784,7388.54150390625,-8274.1396484375,"Epi_SecA","#E69F00"
"kofhajgc-1",-5.53685516765428,2.03564918474752,7383.51171875,-8277.42578125,"Epi_SecA","#E69F00"
"kofhbgmd-1",-6.73330063274217,-3.26575338406962,7354.177734375,-8230.5556640625,"Epi_SecA","#E69F00"
"kofhblcl-1",-6.83515066554856,-2.82840573354166,7357.27490234375,-8254.4150390625,"Epi_SecA","#E69F00"
"kofhinha-1",-7.6178469126494,-2.67830121083658,7351.50830078125,-8264.76953125,"Epi_SecA","#E69F00"
"kofhoabn-1",-6.73216003825975,-2.19264232678812,7354.33154296875,-8242.15234375,"Epi_SecA","#E69F00"
"kofifmcl-1",-2.54006452014756,3.00538194613058,7446.6923828125,-8266.18359375,"Epi_SecA","#E69F00"
"konkhijm-1",10.0361667210786,2.59073555903036,7357.7705078125,-8540.1494140625,"Mesenchymal","#F0E442"
"konkkenc-1",1.14104180881667,2.99007022814352,7367.6572265625,-8544.30859375,"Epi_SecA","#E69F00"
"konkphld-1",8.58181148121047,4.07891881899435,7374.6376953125,-8537.5302734375,"Endothelial","#D55E00"
"konleala-1",5.92656236240554,0.806174163385217,7387.1259765625,-8592.0654296875,"Mesenchymal","#F0E442"
"konlelig-1",0.0655710036485184,3.29935849146444,7381.36767578125,-8554.244140625,"Epi_SecA","#E69F00"
"konlgbjd-1",10.7367320592134,-0.569871540502723,7380.17431640625,-8642.9248046875,"Mesenchymal","#F0E442"
"konlkeje-1",10.913120799753,-0.419767733053382,7368.66455078125,-8638.37109375,"Mesenchymal","#F0E442"
"konllcjd-1",5.31078916141677,1.03901541666586,7351.322265625,-8647.81640625,"Macrophage","#CC79A7"
"konllolh-1",7.92181163379836,0.456693176790063,7350.55126953125,-8659.2216796875,"Mesenchymal","#F0E442"
"konmahec-1",9.66929870197463,0.684953991933648,7382.82958984375,-8655.3642578125,"Mesenchymal","#F0E442"
"konmcpkm-1",4.47033172199416,-1.81412136121195,7395.517578125,-8665.56640625,"Macrophage","#CC79A7"
"konmjkgn-1",5.620721870157,1.04130554632742,7373.419921875,-8663.6787109375,"Mesenchymal","#F0E442"
"konmnfio-1",6.64554648945021,3.15177643732626,7392.744140625,-8653.580078125,"Mesenchymal","#F0E442"
"konmnofi-1",9.71032958576369,0.819692854448144,7371.23681640625,-8651.22265625,"Mesenchymal","#F0E442"
"konmnpdi-1",5.06760936329055,-1.04950040145319,7379.396484375,-8671.2216796875,"Macrophage","#CC79A7"
"konnceam-1",3.77567511150527,1.83870292143423,7372.4453125,-8722.5537109375,"Epi_Cil","#009E73"
"konnfebo-1",5.5911226803987,-2.31720435185831,7359.00732421875,-8637.61328125,"Macrophage","#CC79A7"
"konningk-1",7.40774350711989,-0.38400160832804,7351.5927734375,-8635.5400390625,"Endothelial","#D55E00"
"konnjieh-1",5.28734880039382,0.0468048496683283,7354.5654296875,-8642.4091796875,"Macrophage","#CC79A7"
"konnjiph-1",7.90295939991164,0.34923682050306,7358.001953125,-8666.5615234375,"Mesenchymal","#F0E442"
"konnmfgn-1",6.08209806034255,-4.85095703168314,7360.337890625,-8672.08203125,"T cell","#1C91D4"
"konnokfo-1",10.882392459604,-0.253906409577544,7361.99365234375,-8652.1181640625,"Mesenchymal","#F0E442"
"konofeoh-1",9.45376258442092,1.48097551302511,7373.32666015625,-8613.83203125,"Mesenchymal","#F0E442"
"konohgef-1",11.2757840687959,-0.109978712485249,7386.27783203125,-8632.5595703125,"Mesenchymal","#F0E442"
"konojhgj-1",10.8078046376436,-0.755991692976172,7383.49462890625,-8618.4482421875,"Mesenchymal","#F0E442"
"kononeog-1",9.26196437427688,-0.16264606578749,7384.3095703125,-8605.005859375,"Mesenchymal","#F0E442"
"konpejek-1",10.6135793263643,0.694038157029931,7378.2939453125,-8617.2119140625,"Mesenchymal","#F0E442"
"konpfogb-1",5.93294768879104,-3.05995547337931,7363.263671875,-8630.564453125,"Macrophage","#CC79A7"
"konpgilj-1",6.31861119815993,-1.19768642945689,7352.1923828125,-8625.982421875,"Mesenchymal","#F0E442"
"konpmabi-1",11.1797805363863,-0.556419517234977,7372.10595703125,-8625.2802734375,"Mesenchymal","#F0E442"
"kooalplc-1",0.192556255552052,1.70093775229055,7365.7646484375,-8605.9130859375,"Epi_SecA","#E69F00"
"kooapikk-1",-0.371015257147075,2.85841906504232,7359.14599609375,-8614.7294921875,"Epi_SecA","#E69F00"
"kooblmpg-1",-5.35124916484666,-2.32383644147318,7350.1328125,-8470.384765625,"Epi_SecA","#E69F00"
"kooblphd-1",-4.05438560893846,-0.817374403909858,7365.6220703125,-8470.255859375,"Epi_SecA","#E69F00"
"koobmmjl-1",-5.11095995357347,-2.93360054059428,7359.28955078125,-8466.3291015625,"Epi_SecA","#E69F00"
"koochgci-1",-5.27701706340623,1.0403634353121,7373.669921875,-8518.3193359375,"Epi_SecA","#E69F00"
"koocjcff-1",10.3640237385957,0.744316522641961,7370.68310546875,-8531.646484375,"Mesenchymal","#F0E442"
"koocmndi-1",10.7745452458589,4.23038280443746,7381.36767578125,-8523.6396484375,"Mesenchymal","#F0E442"
"koodicak-1",10.0175481373994,0.508340303464715,7386.828125,-8528.9541015625,"Mesenchymal","#F0E442"
"koodjmfm-1",-5.91582245281053,0.346166346832101,7360.2041015625,-8525.251953125,"Epi_SecA","#E69F00"
"koodlagc-1",-1.93098849704576,2.19734991030294,7357.80029296875,-8531.9130859375,"Epi_SecA","#E69F00"
"koogeakp-1",2.15256994316268,1.70367086367208,7407.5693359375,-8663.111328125,"Epi_SecA","#E69F00"
"koogeeeg-1",3.8769167000978,2.73607647852499,7425.82080078125,-8683.822265625,"Epi_SecB","#56B4E9"
"koogeglf-1",-1.01945335319352,-0.955344434217627,7404.62890625,-8672.09765625,"Epi_SecA","#E69F00"
"koognbhk-1",3.94981842586684,2.78812969164449,7423.484375,-8690.869140625,"Epi_SecB","#56B4E9"
"koogonog-1",3.78009682247329,2.81020224527914,7419.8203125,-8697.7041015625,"Epi_SecB","#56B4E9"
"koogoohg-1",4.31576495716262,2.10864842371542,7412.56396484375,-8694.470703125,"Macrophage","#CC79A7"
"koohdgdf-1",4.30591064045119,1.66930258707601,7399.783203125,-8695.1318359375,"Macrophage","#CC79A7"
"koohgioa-1",3.79453831264663,2.52705920176107,7402.67578125,-8706.46875,"Epi_SecB","#56B4E9"
"koohhgnp-1",-5.49296135356736,-0.408453132347281,7503.3046875,-8667.087890625,"Epi_SecA","#E69F00"
"koohhnog-1",-5.39416212489915,-1.07155674262446,7494.04833984375,-8659.224609375,"Epi_SecA","#E69F00"
"koohmdkl-1",-5.67142671993089,-2.00897872014445,7499.81103515625,-8679.736328125,"Epi_SecA","#E69F00"
"koohppjd-1",-4.66683954646897,-1.83593511147898,7490.1298828125,-8673.46484375,"Epi_SecA","#E69F00"
"kooieapn-1",-2.3623730604918,-1.91311108632487,7474.5439453125,-8698.5302734375,"Epi_SecA","#E69F00"
"kooijecd-1",10.7275653416841,-0.350503350929435,7490.73388671875,-8708.7392578125,"Epi_SecA","#E69F00"
"kooilaop-1",8.86114364216018,2.2373267455538,7504.0458984375,-8717.6474609375,"Mesenchymal","#F0E442"
"kooinihf-1",6.1513786847322,3.39421236948568,7490.8916015625,-8723.880859375,"Mesenchymal","#F0E442"
"kooinppe-1",10.4391742284029,0.236864213510339,7473.20703125,-8716.7119140625,"Mesenchymal","#F0E442"
"kooipman-1",8.33423142978835,1.83993983702261,7516.30615234375,-8722.810546875,"Mesenchymal","#F0E442"
"koojbacd-1",5.78438859531569,2.96890461878378,7522.86962890625,-8742.6962890625,"Mesenchymal","#F0E442"
"koojfkaj-1",6.63984637806105,2.83095372156698,7511.58984375,-8741.3359375,"Mesenchymal","#F0E442"
"koojoblf-1",7.90539889881301,2.04254758791525,7506.2275390625,-8731.98828125,"Mesenchymal","#F0E442"
"koojplgp-1",9.67597251484084,1.50456631617147,7545.994140625,-8736.283203125,"Mesenchymal","#F0E442"
"kookapci-1",9.11743979999709,1.36408567862112,7517.5712890625,-8728.2431640625,"Mesenchymal","#F0E442"
"kookfpnc-1",9.63136153766799,5.17652500109274,7549.94091796875,-8725.49609375,"Endothelial","#D55E00"
"kookjfih-1",10.3921113545625,3.73844087557394,7542.93017578125,-8726.69921875,"Mesenchymal","#F0E442"
"kookkeck-1",8.94434314319777,2.11376917795736,7534.45068359375,-8734.814453125,"Mesenchymal","#F0E442"
"kookkfoe-1",9.32589202472854,0.964743976159875,7529.453125,-8727.67578125,"Mesenchymal","#F0E442"
"kooklimo-1",0.678545706960439,0.1668148382147,7400.89453125,-8743.740234375,"Epi_SecA","#E69F00"
"kookmgjk-1",6.8931885297029,-3.48405563397806,7427.4677734375,-8756.779296875,"Mesenchymal","#F0E442"
"kookmoli-1",7.80981116840529,2.49368560747701,7427.21826171875,-8765.00390625,"Mesenchymal","#F0E442"
"kookojpo-1",7.54584079334426,-1.06707393689554,7434.72216796875,-8755.3408203125,"Mesenchymal","#F0E442"
"koolehnf-1",0.571432941648244,1.58083761171896,7418.71630859375,-8731.6259765625,"Epi_SecA","#E69F00"
"koolfijh-1",-2.37627214839769,-0.27792076332968,7430.60986328125,-8733.068359375,"Epi_SecA","#E69F00"
"koolofcd-1",-3.12081546237779,-1.13519012494486,7429.62841796875,-8745.9072265625,"Epi_SecA","#E69F00"
"koomemkl-1",7.47649102756667,0.126084063812081,7450.427734375,-8769.724609375,"Mesenchymal","#F0E442"
"koomfkmp-1",9.73835235187697,0.614624445005242,7449.32861328125,-8758.6923828125,"Mesenchymal","#F0E442"
"koomipah-1",10.1694551045625,5.74125993685323,7442.6962890625,-8765.658203125,"Endothelial","#D55E00"
"koomlmdm-1",9.6605544621675,3.70943558649618,7441.45068359375,-8758.015625,"Mesenchymal","#F0E442"
"koommmog-1",11.5981536442964,0.414662067457025,7445.61572265625,-8751.3974609375,"Mesenchymal","#F0E442"
"koomodha-1",3.27116089412856,-1.63106834454935,7438.33837890625,-8747.0146484375,"Mesenchymal","#F0E442"
"koomofpa-1",7.56561761448073,2.87208402590353,7479.82275390625,-8736.3916015625,"Mesenchymal","#F0E442"
"koomolod-1",7.17367797443557,0.493868176503961,7491.25439453125,-8747.1591796875,"Mesenchymal","#F0E442"
"koonbbij-1",7.65757327625441,2.31734765009481,7481.47216796875,-8728.658203125,"Mesenchymal","#F0E442"
"koonbcep-1",9.38224940845656,1.45052004293997,7470.34716796875,-8734.09375,"Mesenchymal","#F0E442"
"koonbemo-1",7.62903695652175,-0.18255750401419,7478.1767578125,-8748.6259765625,"Mesenchymal","#F0E442"
"kooniblo-1",7.3434796864717,0.875118557973687,7461.689453125,-8753.3115234375,"Mesenchymal","#F0E442"
"koonjion-1",6.74063973972487,0.342736725374047,7458.1806640625,-8766.76171875,"Mesenchymal","#F0E442"
"koonlcda-1",6.41401677677321,0.446322683854882,7455.76611328125,-8774.3046875,"Macrophage","#CC79A7"
"koonmnmb-1",0.282924258205174,1.20994222597677,7442.576171875,-8728.6904296875,"Epi_SecA","#E69F00"
"koonnbap-1",7.56295781681228,2.12621486620504,7463.8486328125,-8744.6240234375,"Mesenchymal","#F0E442"
"koonolhk-1",8.05276399204421,1.13733244375784,7460.7607421875,-8739.4990234375,"Mesenchymal","#F0E442"
"koonpepa-1",9.4147801930635,-0.283120955661948,7457.84375,-8726.123046875,"Mesenchymal","#F0E442"
"kooobmfc-1",10.6341062123506,1.52996850447256,7454.4072265625,-8744.369140625,"Mesenchymal","#F0E442"
"koooeann-1",10.9997182423799,-2.02237891717356,7446.2275390625,-8737.5419921875,"Mesenchymal","#F0E442"
"koooghin-1",-4.35765404155564,-0.714380259946998,7508.33251953125,-8676.97265625,"Epi_SecA","#E69F00"
"kooogknl-1",8.89349608966994,-4.10500967069071,7514.70166015625,-8710.0888671875,"Plasma cell","#005685"
"kooohiof-1",9.8741136128633,0.621255640550439,7517.3427734375,-8717.0771484375,"Mesenchymal","#F0E442"
"kooojhka-1",10.2582908208101,1.36028206781942,7528.25537109375,-8713.134765625,"Mesenchymal","#F0E442"
"kooojlif-1",9.54532676288771,5.04033840136129,7532.8935546875,-8696.6162109375,"Endothelial","#D55E00"
"kooooaol-1",8.58151918003249,-0.417515184120353,7536.97119140625,-8687.1259765625,"Mesenchymal","#F0E442"
"koopciak-1",6.85974793979812,2.06206858591634,7540.43310546875,-8703.109375,"Mesenchymal","#F0E442"
"koopdddd-1",8.34186702320266,3.26909983591634,7525.1865234375,-8684.533203125,"Mesenchymal","#F0E442"
"koopdfph-1",8.94992023060012,-2.19502818150919,7515.17822265625,-8703.3505859375,"Mesenchymal","#F0E442"
"koopdoio-1",9.88995509693313,5.48605382875997,7524.21533203125,-8696.8984375,"Endothelial","#D55E00"
"koophgnh-1",9.67086368152785,0.57780087427694,7511.3076171875,-8694.599609375,"Mesenchymal","#F0E442"
"koophlpp-1",-3.5643162195952,0.994747166200463,7517.29638671875,-8681.0439453125,"Epi_SecA","#E69F00"
"koopkffa-1",-3.63143724849534,-0.491099949316199,7508.0849609375,-8686.6865234375,"Epi_SecA","#E69F00"
"kopibgen-1",6.91499763080764,-1.71399187608164,7412.89404296875,-8773.615234375,"Mesenchymal","#F0E442"
"kopiikeo-1",5.80371337482619,1.84220743612844,7404.9111328125,-8764.9384765625,"Mesenchymal","#F0E442"
"kopijbab-1",7.23267036029982,-0.535677696899589,7421.50537109375,-8762.578125,"Mesenchymal","#F0E442"
"kopiogjo-1",10.3436084325044,-0.138325880603011,7428.5517578125,-8771.41015625,"Mesenchymal","#F0E442"
"kopipfmb-1",11.0894942815034,0.0092756120999499,7426.28271484375,-8783.876953125,"Mesenchymal","#F0E442"
"kopjadme-1",8.20509009906936,-3.97351681752604,7409.85693359375,-8784.951171875,"Plasma cell","#005685"
"kopjcblp-1",6.72853475162673,-0.182814213768657,7393.8349609375,-8781.5869140625,"Plasma cell","#005685"
"kopjcmgc-1",5.93257098743605,1.06026864485342,7393.849609375,-8788.654296875,"Macrophage","#CC79A7"
"kopjedfe-1",6.80314641544509,2.35586345629293,7380.30029296875,-8785.33203125,"Mesenchymal","#F0E442"
"kopjkcoj-1",6.03272443363356,1.72628617720205,7393.8564453125,-8797.091796875,"Plasma cell","#005685"
"kopjmmkb-1",5.57396274158645,-1.02994077964228,7405.404296875,-8793.220703125,"Macrophage","#CC79A7"
"kopjocec-1",10.8890157277315,0.668383602662866,7419.69775390625,-8799.6162109375,"Mesenchymal","#F0E442"
"kopkffmm-1",6.18149858066726,1.06389606432516,7406.650390625,-8799.564453125,"Mesenchymal","#F0E442"
"kopkhbkn-1",2.26864271709609,2.89710629419882,7388.71484375,-8757.677734375,"Epi_SecA","#E69F00"
"kopkinim-1",7.90525775501418,-3.35274731679362,7401.4814453125,-8775.40234375,"Plasma cell","#005685"
"kopknjpk-1",6.97720151493239,1.70247328714925,7387.72119140625,-8775.6123046875,"Mesenchymal","#F0E442"
"kopkopkf-1",6.78288226673293,2.57209074930746,7391.6259765625,-8766.904296875,"Mesenchymal","#F0E442"
"kopmbhja-1",8.35740619251418,4.31935012774069,7489.01416015625,-8790.9384765625,"Endothelial","#D55E00"
"kopmkebc-1",10.8668017918794,0.176619087024514,7474.939453125,-8790.6923828125,"Mesenchymal","#F0E442"
"kopmmakh-1",5.63562923023391,-1.69580196900767,7445.763671875,-8778.5791015625,"Macrophage","#CC79A7"
"kopmmmjc-1",11.3478999669282,-0.000243458286936699,7462.4755859375,-8797.302734375,"Mesenchymal","#F0E442"
"kopmmnkf-1",9.0140004689424,0.159464512630288,7454.1875,-8796.1806640625,"Mesenchymal","#F0E442"
"kopmoblp-1",7.50757604190993,-1.0738356666128,7453.33251953125,-8786.6640625,"Mesenchymal","#F0E442"
"kopnnmjg-1",6.34876828739333,-1.02863037152689,7439.8076171875,-8783.958984375,"Mesenchymal","#F0E442"
"kopnpahp-1",9.95912414142775,1.1417582078417,7437.11328125,-8795.5166015625,"Mesenchymal","#F0E442"
"kopoaopl-1",5.22538571903396,3.55531013445455,7491.36328125,-8775.5869140625,"Mesenchymal","#F0E442"
"kopodgcc-1",4.84817939350295,3.62906110720236,7498.068359375,-8758.0947265625,"Mesenchymal","#F0E442"
"kopodiec-1",5.84806876728225,3.36128771738607,7494.212890625,-8766.763671875,"Mesenchymal","#F0E442"
"kopofmif-1",10.3827291066377,0.201330189271752,7464.80810546875,-8769.2333984375,"Mesenchymal","#F0E442"
"kopogfgc-1",11.0821605260103,0.501476172967736,7470.095703125,-8776.8935546875,"Mesenchymal","#F0E442"
"kopoihph-1",9.0715823704927,2.26480329470236,7467.4052734375,-8758.9560546875,"Mesenchymal","#F0E442"
"kopojekj-1",5.13844161579299,-2.52650844617289,7477.31640625,-8760.9619140625,"Macrophage","#CC79A7"
"kopollef-1",6.95211129734206,-0.292193989590819,7485.49609375,-8763.3212890625,"Mesenchymal","#F0E442"
"kopphkee-1",10.4705997044771,1.28895950750906,7481.29931640625,-8775.6455078125,"Mesenchymal","#F0E442"
"kopplilo-1",8.84919028827834,4.98810327486593,7494.8935546875,-8457.9306640625,"Endothelial","#D55E00"
"kopppapj-1",-2.48968238284898,-1.27345716519755,7508.18408203125,-8453.9267578125,"Epi_SecA","#E69F00"
"kpaablgn-1",-0.341650909689189,2.94336975054342,7497.57373046875,-8468.646484375,"Epi_SecA","#E69F00"
"kpaabnmc-1",11.2044053609102,-0.81802409453791,7504.841796875,-8475.8876953125,"Mesenchymal","#F0E442"
"kpaadbjj-1",10.7587009007661,5.3919624133547,7511.50732421875,-8487.43359375,"Endothelial","#D55E00"
"kpaaeoah-1",10.0163407857149,2.46188605265218,7500.37548828125,-8487.5234375,"Mesenchymal","#F0E442"
"kpaaifbl-1",10.2438254887788,4.81347883181173,7496.99462890625,-8499.3818359375,"Endothelial","#D55E00"
"kpaajaic-1",10.6025224263399,3.65713155703146,7503.392578125,-8516.314453125,"Mesenchymal","#F0E442"
"kpaaneoo-1",9.75832419941115,5.78696382479269,7493.314453125,-8519.1845703125,"Endothelial","#D55E00"
"kpaaokpm-1",9.67310576984572,5.40809095339376,7500.64501953125,-8505.248046875,"Endothelial","#D55E00"
"kpabanic-1",-2.91921085765672,0.43820572332937,7593.42626953125,-8465.0068359375,"Epi_SecA","#E69F00"
"kpabblkl-1",-1.69267649104905,0.869716231389825,7547.7587890625,-8470.607421875,"Epi_SecA","#E69F00"
"kpabcmke-1",3.7703059251039,-2.64430701299113,7557.71484375,-8489.1767578125,"Macrophage","#CC79A7"
"kpabdlka-1",0.105642431470631,0.911419753595178,7546.27197265625,-8483.623046875,"Epi_SecA","#E69F00"
"kpabkpkg-1",-0.214779264238597,0.832954649492089,7551.51416015625,-8484.224609375,"Epi_SecA","#E69F00"
"kpabldab-1",0.683654674383878,2.07569396929342,7556.84814453125,-8476.994140625,"Epi_SecA","#E69F00"
"kpabndlf-1",-3.54690308025193,1.29455876783926,7580.3974609375,-8493.7685546875,"Epi_SecA","#E69F00"
"kpacbaib-1",-2.22104234149766,0.982352857156579,7588.28076171875,-8489.068359375,"Epi_SecA","#E69F00"
"kpacejao-1",4.89628272602248,1.06821561293203,7566.4580078125,-8486.21875,"Macrophage","#CC79A7"
"kpacikoc-1",4.46563940593886,-2.09798991246622,7564.1201171875,-8496.5625,"Macrophage","#CC79A7"
"kpacjfgf-1",5.05598216602492,-0.457894231514152,7568.32861328125,-8492.015625,"Macrophage","#CC79A7"
"kpaclipd-1",3.87209253856826,-2.41185247464579,7574.18896484375,-8489.6240234375,"Macrophage","#CC79A7"
"kpaclphf-1",5.35639529773879,-0.240571896866973,7567.18896484375,-8479.662109375,"Macrophage","#CC79A7"
"kpaclplp-1",-3.21628207614732,-0.299707155064757,7585.12109375,-8461.6416015625,"Epi_SecA","#E69F00"
"kpacnaco-1",-4.4528693621428,-0.879498179392035,7582.7919921875,-8473.998046875,"Epi_SecA","#E69F00"
"kpadajaa-1",-2.58680815151048,-0.0110989765683965,7578.91650390625,-8467.255859375,"Epi_SecA","#E69F00"
"kpadcfko-1",-5.84072060039354,2.26113450960714,7565.6494140625,-8457.2216796875,"Epi_SecA","#E69F00"
"kpaddoln-1",-1.304819769171,1.57291913466055,7567.3701171875,-8473.30859375,"Epi_SecA","#E69F00"
"kpadffpf-1",0.724711739513158,2.47427070574362,7559.28173828125,-8467.5712890625,"Epi_SecB","#56B4E9"
"kpadmbfm-1",-5.11184448650193,1.32770872549612,7571.5244140625,-8464.775390625,"Epi_SecA","#E69F00"
"kpaecbfg-1",-4.14856142452073,-0.660891111330207,7539.828125,-8490.8759765625,"Epi_SecA","#E69F00"
"kpaecjgf-1",11.2897315556734,-1.22332500977915,7513.95458984375,-8507.2138671875,"Mesenchymal","#F0E442"
"kpaecmcb-1",10.103921466562,-0.180102090672667,7515.90087890625,-8495.4814453125,"Mesenchymal","#F0E442"
"kpaehafd-1",-4.4951900904448,-0.491567279533561,7529.85791015625,-8501.7021484375,"Epi_SecA","#E69F00"
"kpaehfeg-1",-6.32337612560105,1.79159856276113,7537.37451171875,-8516.103515625,"Epi_SecA","#E69F00"
"kpaeibom-1",-4.09916014125657,1.20945179895956,7543.42333984375,-8499.7958984375,"Epi_SecA","#E69F00"
"kpaeinch-1",-3.7448090975554,-0.8847048239271,7538.86279296875,-8482.0087890625,"Epi_SecA","#E69F00"
"kpaejkco-1",9.1117377812593,-4.24812805219096,7536.82177734375,-8469.669921875,"Plasma cell","#005685"
"kpaenlgg-1",10.3055415684907,0.340701077743356,7529.12255859375,-8471.744140625,"Mesenchymal","#F0E442"
"kpaeoaej-1",10.9003072316377,-0.987050469354804,7529.7021484375,-8480.8515625,"Mesenchymal","#F0E442"
"kpafakkb-1",10.8360610539644,-0.722984309629615,7535.4287109375,-8460.458984375,"Mesenchymal","#F0E442"
"kpafaldm-1",8.36742644855666,2.07869184450704,7531.04833984375,-8452.91015625,"Mesenchymal","#F0E442"
"kpafcfjl-1",10.1001258427827,-0.340742330388244,7524.4931640625,-8488.39453125,"Mesenchymal","#F0E442"
"kpaffjfm-1",9.30017238208938,2.75660098032552,7511.69775390625,-8467.7470703125,"Mesenchymal","#F0E442"
"kpafgaed-1",10.8046737248628,3.69698703722555,7519.83251953125,-8474.0390625,"Mesenchymal","#F0E442"
"kpafgblp-1",9.29238086292434,0.585516159101312,7518.6728515625,-8460.986328125,"Mesenchymal","#F0E442"
"kpafgoac-1",9.03153472492385,-1.66036617322367,7451.78857421875,-8461.05078125,"Mesenchymal","#F0E442"
"kpafhhdk-1",11.0762572819917,-0.819365020231421,7482.86474609375,-8501.814453125,"Mesenchymal","#F0E442"
"kpafnmmc-1",10.0452313954561,-1.02025681300562,7467.6787109375,-8516.5966796875,"Mesenchymal","#F0E442"
"kpaganbb-1",10.6424193913667,-0.772717769579108,7479.419921875,-8512.5517578125,"Mesenchymal","#F0E442"
"kpagcabg-1",10.4305310780733,-0.305710028247054,7470.7373046875,-8502.533203125,"Mesenchymal","#F0E442"
"kpagdbgg-1",1.52517616102385,2.54392683939535,7449.1435546875,-8491.7548828125,"Epi_SecA","#E69F00"
"kpagfgae-1",10.0642371709077,0.210217569633309,7453.51416015625,-8522.4765625,"Mesenchymal","#F0E442"
"kpagkngc-1",9.05401282856154,0.697031561895196,7452.6025390625,-8513.529296875,"Mesenchymal","#F0E442"
"kpagnlbd-1",5.71519809314895,-3.61354076428812,7453.271484375,-8501.1162109375,"Macrophage","#CC79A7"
"kpagoddc-1",10.4513745839326,-1.58686399026316,7474.19140625,-8464.9306640625,"Mesenchymal","#F0E442"
"kpagpgil-1",11.3282371098726,0.35087764696676,7479.115234375,-8489.9150390625,"Mesenchymal","#F0E442"
"kpahahoa-1",9.76784377643752,3.10293281511862,7487.20361328125,-8467.2548828125,"Mesenchymal","#F0E442"
"kpahamif-1",7.57312493869948,2.1382249637087,7469.30029296875,-8490.1982421875,"Mesenchymal","#F0E442"
"kpahllnm-1",8.73553662845778,-1.07177501483362,7491.19287109375,-8484.9228515625,"Mesenchymal","#F0E442"
"kpahnlim-1",10.8084159428804,-0.985284920171912,7479.591796875,-8478.1494140625,"Mesenchymal","#F0E442"
"kpaiemja-1",0.195501440259694,2.81059182123739,7418.7197265625,-8469.6103515625,"Epi_SecA","#E69F00"
"kpaigbhp-1",-5.14709658077073,1.20070970491964,7419.4052734375,-8454.7734375,"Epi_SecA","#E69F00"
"kpaigeii-1",4.57349019596267,1.52507543997366,7423.34228515625,-8500.341796875,"Mesenchymal","#F0E442"
"kpailcgj-1",5.79857879230666,-0.700522299246009,7444.28515625,-8506.767578125,"Macrophage","#CC79A7"
"kpaileep-1",1.92876260826278,2.73514402346212,7434.7939453125,-8501.2099609375,"Epi_SecA","#E69F00"
"kpaipdlm-1",7.16684537479567,2.10422170595724,7412.765625,-8496.470703125,"Mesenchymal","#F0E442"
"kpajfkfk-1",8.72556024143386,-4.76408302350443,7399.7548828125,-8503.7353515625,"Mesenchymal","#F0E442"
"kpajheak-1",-3.67490286281419,0.65079516605932,7391.8681640625,-8507.3642578125,"Epi_SecA","#E69F00"
"kpajicnk-1",10.0489669377534,-1.25758862061899,7445.048828125,-8476.3447265625,"Mesenchymal","#F0E442"
"kpajjcmm-1",1.99603002617049,3.16171920733053,7432.50732421875,-8487.443359375,"Epi_SecA","#E69F00"
"kpajjjig-1",9.2291055257051,0.852148298784081,7417.40087890625,-8481.3056640625,"Mesenchymal","#F0E442"
"kpajkamd-1",6.62325864383864,-1.001489634947,7436.17138671875,-8476.853515625,"Mesenchymal","#F0E442"
"kpakejhn-1",-3.22427339008165,1.80817735628683,7403.662109375,-8491.578125,"Epi_SecA","#E69F00"
"kpakjdnk-1",6.43242888996291,-0.858735974268134,7438.3828125,-8469.603515625,"Mesenchymal","#F0E442"
"kpakkbmc-1",6.20083289692092,-1.32152211232584,7428.2197265625,-8472.6220703125,"Mesenchymal","#F0E442"
"kpaklbik-1",5.93131833622146,-2.74774229092997,7424.6806640625,-8463.0087890625,"Epi_SecA","#E69F00"
"kpaknfcp-1",8.70935826847243,-1.60636269612711,7437.02978515625,-8459.408203125,"Mesenchymal","#F0E442"
"kpaknmip-1",7.65637021610427,-1.37939142747324,7445.1826171875,-8463.16796875,"Mesenchymal","#F0E442"
"kpakpdpm-1",3.33812695095229,3.00718009905416,7427.78076171875,-8458.669921875,"Epi_SecA","#E69F00"
"kpakpmfo-1",8.38520341465163,-1.84461271329325,7588.193359375,-8617.384765625,"Mesenchymal","#F0E442"
"kpalaklb-1",4.07883339473891,-2.58438360257548,7581.82177734375,-8608.9267578125,"Macrophage","#CC79A7"
"kpalandf-1",9.83282428333449,1.55809867815572,7585.66064453125,-8636.7490234375,"Mesenchymal","#F0E442"
"kpalblem-1",-3.78518099239183,-1.13624095483225,7565.75830078125,-8645.1318359375,"Epi_SecA","#E69F00"
"kpalgand-1",8.04761558124709,-1.87865876717966,7576.45849609375,-8635.8955078125,"Mesenchymal","#F0E442"
"kpaljllb-1",10.2921033436983,1.95496786074239,7570.943359375,-8670.2197265625,"Mesenchymal","#F0E442"
"kpalkaia-1",9.6122031743257,1.83740759329397,7569.5234375,-8680.9599609375,"Mesenchymal","#F0E442"
"kpalklno-1",7.3277121121614,3.46865356401998,7573.6181640625,-8676.1484375,"Mesenchymal","#F0E442"
"kpalokoj-1",8.9170070225923,0.0844371809204264,7574.16943359375,-8660.8388671875,"Mesenchymal","#F0E442"
"kpambgef-1",9.8633018071382,1.09683788256246,7569.79296875,-8654.775390625,"Mesenchymal","#F0E442"
"kpamfmih-1",10.0656180913179,5.26444852785665,7584.5625,-8715.369140625,"Endothelial","#D55E00"
"kpamfppk-1",9.87109237262893,5.34272754625875,7589.35791015625,-8704.6591796875,"Endothelial","#D55E00"
"kpamggim-1",10.1068444783418,5.01719129519064,7592.86279296875,-8693.65625,"Endothelial","#D55E00"
"kpamkalk-1",10.5449595982759,3.5266333861788,7586.3359375,-8683.2255859375,"Mesenchymal","#F0E442"
"kpamkbla-1",9.91253524372268,0.262023661895577,7586.96337890625,-8666.06640625,"Mesenchymal","#F0E442"
"kpammfpg-1",9.54341655323195,2.21109974817831,7567.25732421875,-8689.7802734375,"Mesenchymal","#F0E442"
"kpaneola-1",6.87171989032912,2.18140972094137,7566.19384765625,-8699.55078125,"Mesenchymal","#F0E442"
"kpangcan-1",10.6343961293428,2.296721343561,7576.5283203125,-8702.513671875,"Mesenchymal","#F0E442"
"kpangfoo-1",8.30800633976149,1.90240467028219,7576.21728515625,-8691.728515625,"Mesenchymal","#F0E442"
"kpaniddg-1",10.3457952077119,1.55858362154562,7564.88720703125,-8712.4599609375,"Mesenchymal","#F0E442"
"kpanpmaa-1",10.7838931615083,0.185804490609948,7565.4345703125,-8727.05859375,"Mesenchymal","#F0E442"
"kpaogkkm-1",6.92821746418166,-0.67246710820597,7568.06982421875,-8733.1201171875,"Mesenchymal","#F0E442"
"kpapbdgc-1",11.1028800542085,-0.671731288866218,7576.15966796875,-8726.3544921875,"Mesenchymal","#F0E442"
"kpapebhg-1",-2.87757987430406,-3.29904257817667,7562.1904296875,-8600.53515625,"Epi_SecB","#56B4E9"
"kpaphkfo-1",10.1294274861543,4.01451003985006,7547.7529296875,-8715.4306640625,"Pericyte_SM","#0072B2"
"kpapicgc-1",6.18549256870437,0.0517497702081843,7554.4912109375,-8715.7255859375,"Endothelial","#D55E00"
"kpapikgl-1",10.3296475941865,0.884649519487206,7556.3642578125,-8725.716796875,"Mesenchymal","#F0E442"
"kpapjmai-1",9.40433173725295,0.644064728780572,7539.20556640625,-8715.291015625,"Mesenchymal","#F0E442"
"kpapnhde-1",10.8431087071626,1.178921227022,7557.3095703125,-8687.232421875,"Mesenchymal","#F0E442"
"kpapofao-1",8.25214915821242,1.08274591402609,7547.802734375,-8709.1015625,"Mesenchymal","#F0E442"
"kpappmag-1",9.41414981434035,3.37106931643087,7557.84912109375,-8705.6982421875,"Endothelial","#D55E00"
"kpbacdnb-1",9.87617450306105,1.66492677168447,7551.36474609375,-8699.5595703125,"Mesenchymal","#F0E442"
"kpbaekep-1",9.68398433277297,0.309178297086541,7545.6220703125,-8689.8125,"Mesenchymal","#F0E442"
"kpbaofga-1",11.0184283787935,-0.81903510852259,7542.65380859375,-8669.37890625,"Mesenchymal","#F0E442"
"kpbapgpg-1",7.80093103000808,3.32111323313314,7558.5498046875,-8677.4423828125,"Mesenchymal","#F0E442"
"kpbbbdkf-1",11.1773515279024,0.44024885134298,7548.3271484375,-8675.650390625,"Mesenchymal","#F0E442"
"kpbbcnmk-1",5.92972331592727,-1.12805461450022,7561.35107421875,-8668.294921875,"Macrophage","#CC79A7"
"kpbbdfmo-1",9.46383243152785,1.70712542967397,7552.8603515625,-8662.935546875,"Mesenchymal","#F0E442"
"kpbbedib-1",-1.4755014841826,0.985910539193933,7558.43017578125,-8654.2119140625,"Epi_SecA","#E69F00"
"kpbbhpfn-1",-1.65764088085008,1.40278172926504,7548.99951171875,-8654.3505859375,"Epi_SecA","#E69F00"
"kpbbiakd-1",0.584985517951726,1.96838510469991,7550.4580078125,-8648.77734375,"Epi_SecA","#E69F00"
"kpbbifee-1",-5.84618610790086,0.658097390695397,7522.6513671875,-8522.5791015625,"Epi_SecA","#E69F00"
"kpbbmolo-1",-6.25443834712815,1.99419844584066,7533.81005859375,-8530.578125,"Epi_SecA","#E69F00"
"kpbbpagp-1",-1.42119259288621,0.562978510423486,7540.38671875,-8648.4404296875,"Epi_SecA","#E69F00"
"kpbcbkjh-1",-4.22045511653733,0.207422052188699,7515.3125,-8546.6162109375,"Epi_SecA","#E69F00"
"kpbccnhp-1",-3.62204737117601,-1.49757408662241,7509.98828125,-8557.7265625,"Epi_SecA","#E69F00"
"kpbciegb-1",-5.98075432231736,0.549189214273278,7509.76025390625,-8653.1220703125,"Epi_SecA","#E69F00"
"kpbcljjg-1",10.3829265172212,-0.894242699579413,7506.48486328125,-8538.9697265625,"Mesenchymal","#F0E442"
"kpbcllnn-1",10.1669984395235,0.132313345237557,7499.396484375,-8532.107421875,"Mesenchymal","#F0E442"
"kpbclpgh-1",8.77290206501174,-0.870588715509589,7499.48388671875,-8563.8125,"Mesenchymal","#F0E442"
"kpbcnfep-1",3.84238582203078,-3.11304485364359,7578.03515625,-8601.2900390625,"Macrophage","#CC79A7"
"kpbcoeoo-1",-3.36673731258226,-2.27397548718851,7552.71240234375,-8584.1796875,"Epi_SecA","#E69F00"
"kpbdalcg-1",-6.19883961131883,1.12181020216543,7582.9541015625,-8557.21875,"Epi_SecA","#E69F00"
"kpbdbobh-1",3.33025937626052,-2.88521229787272,7577.09423828125,-8514.49609375,"Macrophage","#CC79A7"
"kpbddjnj-1",6.75122695514846,1.99431884722311,7415.06640625,-8553.6455078125,"Mesenchymal","#F0E442"
"kpbdfmhh-1",10.0579038197725,5.23447168306905,7389.79150390625,-8545.611328125,"Endothelial","#D55E00"
"kpbdggcf-1",6.48859029361892,2.60976493792135,7405.5087890625,-8589.3115234375,"Endothelial","#D55E00"
"kpbdgmdk-1",6.46680884906936,2.42219913439352,7399.68994140625,-8591.2626953125,"Mesenchymal","#F0E442"
"kpbdjape-1",6.0650315816133,-0.207308749989684,7410.84326171875,-8589.95703125,"Mesenchymal","#F0E442"
"kpbdkhbn-1",8.55023961612868,2.34772265390951,7419.92919921875,-8609.3037109375,"Mesenchymal","#F0E442"
"kpbdmajl-1",8.43963199207473,-0.879302676157172,7410.505859375,-8599.6630859375,"Mesenchymal","#F0E442"
"kpbdngdh-1",10.4872203404634,-0.103541377321895,7413.96484375,-8605.2119140625,"Mesenchymal","#F0E442"
"kpbdodcf-1",9.07070880481887,1.33636069731313,7415.83837890625,-8617.0078125,"Mesenchymal","#F0E442"
"kpbdpged-1",8.03777270862746,2.49196827845175,7394.189453125,-8596.5791015625,"Mesenchymal","#F0E442"
"kpbdpooi-1",9.87305312702346,-0.663187439874824,7402.21337890625,-8599.130859375,"Mesenchymal","#F0E442"
"kpbedkao-1",9.06416946003127,1.34919918016988,7403.04345703125,-8619.359375,"Mesenchymal","#F0E442"
"kpbeecgo-1",6.74716573307204,3.29210699038107,7404.0205078125,-8581.4755859375,"Endothelial","#D55E00"
"kpbehofe-1",6.81220107624221,2.36116016344625,7396.57080078125,-8581.64453125,"Mesenchymal","#F0E442"
"kpbenmae-1",7.05570464679885,2.76425230936605,7427.8564453125,-8550.146484375,"Mesenchymal","#F0E442"
"kpbenoac-1",7.35430341312575,2.13643897013265,7421.2255859375,-8545.77734375,"Mesenchymal","#F0E442"
"kpbeoken-1",9.9285798604219,1.53353894190389,7439.26416015625,-8547.5048828125,"Mesenchymal","#F0E442"
"kpbephhn-1",9.24965529987502,2.34663069681722,7439.27001953125,-8580.6416015625,"Mesenchymal","#F0E442"
"kpbfaiii-1",9.55255179950881,0.00535906539756495,7436.67578125,-8589.1455078125,"Mesenchymal","#F0E442"
"kpbfflff-1",10.6218934590547,-0.6320751862089,7422.29248046875,-8586.5673828125,"Mesenchymal","#F0E442"
"kpbfidcb-1",7.78518634388137,2.98582709269125,7438.150390625,-8560.333984375,"Mesenchymal","#F0E442"
"kpbflinp-1",6.92106872150588,2.39454782442648,7424.34912109375,-8559.4091796875,"Mesenchymal","#F0E442"
"kpbfmgki-1",9.53817706653762,2.37646830515463,7417.74609375,-8575.0556640625,"Mesenchymal","#F0E442"
"kpbfnfdj-1",7.37203984806228,2.58185685114462,7429.1787109375,-8567.41015625,"Mesenchymal","#F0E442"
"kpbgepjb-1",11.8643737370698,0.921789412065331,7435.18359375,-8573.732421875,"Mesenchymal","#F0E442"
"kpbghfcg-1",2.64900010177779,2.20165884928304,7421.04296875,-8659.1689453125,"Epi_SecA","#E69F00"
"kpbgiklo-1",2.58139174530196,2.20052588419515,7428.1064453125,-8639.734375,"Epi_SecA","#E69F00"
"kpbgmkac-1",5.99080615589309,-2.94562112851542,7420.94189453125,-8652.6376953125,"Mesenchymal","#F0E442"
"kpbgmpea-1",9.32284884998488,0.228034679456536,7424.8447265625,-8602.4892578125,"Mesenchymal","#F0E442"
"kpbgopbf-1",9.14245563099074,-3.79408037228983,7434.42578125,-8620.0009765625,"Plasma cell","#005685"
"kpbhcggc-1",10.4877219731538,-0.529671217636283,7435.41259765625,-8608.943359375,"Mesenchymal","#F0E442"
"kpbhdgnd-1",9.80554252216506,0.586348835988824,7426.16064453125,-8614.1845703125,"Mesenchymal","#F0E442"
"kpbhgkgk-1",3.58551269123244,1.59163034395773,7414.44384765625,-8661.337890625,"Epi_SecA","#E69F00"
"kpbhljnk-1",9.80952792713332,0.203335051103417,7396.9775390625,-8637.591796875,"Mesenchymal","#F0E442"
"kpbhoinc-1",10.080468707773,0.378696416183297,7394.26416015625,-8644.3828125,"Mesenchymal","#F0E442"
"kpbifdkb-1",10.0702624852388,1.35135472254354,7394.7353515625,-8606.0068359375,"Mesenchymal","#F0E442"
"kpbiffgk-1",10.083922916147,-0.677028592065986,7404.51220703125,-8627.474609375,"Mesenchymal","#F0E442"
"kpbifgfl-1",7.05336099216628,-1.1010009007017,7412.19189453125,-8626.7099609375,"Mesenchymal","#F0E442"
"kpbikajk-1",9.35452895710158,0.0196140302856608,7416.6455078125,-8629.935546875,"Mesenchymal","#F0E442"
"kpbiljie-1",9.56832461902785,1.08378243879873,7399.64111328125,-8611.341796875,"Mesenchymal","#F0E442"
"kpbjbhnk-1",9.4912896687715,0.0763257338245555,7405.8525390625,-8511.4462890625,"Mesenchymal","#F0E442"
"kpbjfcai-1",9.8497520024507,3.61920035318929,7396.9375,-8539.921875,"Mesenchymal","#F0E442"
"kpbjngnh-1",8.2385402257173,-1.328797812895,7399.2119140625,-8525.7939453125,"Mesenchymal","#F0E442"
"kpbjnnol-1",10.9172998006074,-1.78930246396464,7399.50927734375,-8515.8203125,"Mesenchymal","#F0E442"
"kpbjpnjm-1",9.93398814747023,-0.231798420981582,7435.81103515625,-8515.8916015625,"Mesenchymal","#F0E442"
"kpbkgdpm-1",9.02545409748244,1.61412680582601,7432.56103515625,-8538.01171875,"Mesenchymal","#F0E442"
"kpbkjdpl-1",10.2784915501802,1.71728575663168,7441.103515625,-8529.8232421875,"Mesenchymal","#F0E442"
"kpbldaid-1",-3.77423328807664,1.8905055566271,7389.83544921875,-8515.5244140625,"Epi_SecA","#E69F00"
"kpblfcof-1",8.25322871753859,1.51986504034597,7391.92333984375,-8526.0634765625,"Mesenchymal","#F0E442"
"kpblgcii-1",10.2907815510957,2.3677502913912,7389.42626953125,-8533.041015625,"Mesenchymal","#F0E442"
"kpblgdac-1",9.33116965839553,-0.303374479846175,7423.587890625,-8522.7138671875,"Mesenchymal","#F0E442"
"kpblioma-1",5.35508065769362,2.81309140162069,7422.82958984375,-8510.0537109375,"Mesenchymal","#F0E442"
"kpbljgja-1",9.67425304004836,0.612395767732446,7413.5390625,-8519.1728515625,"Mesenchymal","#F0E442"
"kpblpfgf-1",5.74070649692702,-1.93706762357157,7459.326171875,-8596.6220703125,"Mesenchymal","#F0E442"
"kpbmidkd-1",9.293733173105,-1.25193619294565,7446.716796875,-8605.2958984375,"Mesenchymal","#F0E442"
"kpbmilin-1",9.64386420795607,0.197812799974267,7453.92431640625,-8608.611328125,"Mesenchymal","#F0E442"
"kpbmjdim-1",-4.5172585909636,-0.629950042204078,7490.37890625,-8613.4365234375,"Epi_SecA","#E69F00"
"kpbmjdpc-1",6.88106303760695,0.892352883382623,7464.21630859375,-8606.25390625,"Mesenchymal","#F0E442"
"kpbmjmkp-1",5.77234654972243,-4.74968540234965,7458.42919921875,-8615.6728515625,"Mesenchymal","#F0E442"
"kpbmjobg-1",-0.888055509832622,2.29939830736715,7496.2998046875,-8574.25,"Epi_SecA","#E69F00"
"kpbmmmnk-1",-3.28788942745042,-2.83928525014323,7543.67041015625,-8589.833984375,"Epi_SecA","#E69F00"
"kpbmpdhj-1",-5.49535221507859,2.39524758295614,7542.255859375,-8526.001953125,"Epi_SecA","#E69F00"
"kpbncfdl-1",8.02207284519362,-0.543895001844581,7480.87158203125,-8525.646484375,"Mesenchymal","#F0E442"
"kpbnfacb-1",9.96801143238234,3.40404332117635,7490.1337890625,-8546.1220703125,"Mesenchymal","#F0E442"
"kpbnjgcd-1",10.7774177128999,6.00718868212301,7488.7158203125,-8533.0634765625,"Endothelial","#D55E00"
"kpbnjlpa-1",10.4538703496187,4.32671535448629,7478.97998046875,-8539.71484375,"Pericyte_SM","#0072B2"
"kpbnkiok-1",8.25197225162673,2.10857856707174,7457.8818359375,-8551.0517578125,"Mesenchymal","#F0E442"
"kpbnokmn-1",7.3294416005342,2.96143997149069,7470.1005859375,-8544.4462890625,"Mesenchymal","#F0E442"
"kpboaife-1",8.07384400913405,3.79169309572775,7468.90380859375,-8551.7666015625,"Mesenchymal","#F0E442"
"kpbocgmc-1",6.41958098957229,1.63890970186788,7463.654296875,-8551.654296875,"Mesenchymal","#F0E442"
"kpboekdo-1",10.5517039830415,2.27227271036703,7448.5751953125,-8551.5576171875,"Mesenchymal","#F0E442"
"kpboglln-1",10.7775941426485,0.646366600557153,7448.17333984375,-8531.552734375,"Mesenchymal","#F0E442"
"kpbojohe-1",6.91572146961379,1.08707571463186,7452.93310546875,-8541.6162109375,"Mesenchymal","#F0E442"
"kpbokphh-1",8.19177775928664,2.43646991686422,7449.35888671875,-8544.3203125,"Mesenchymal","#F0E442"
"kpbolgca-1",8.09375529834914,-0.801609929041083,7461.96533203125,-8530.8916015625,"Mesenchymal","#F0E442"
"kpbomepo-1",6.24689965793776,0.493548039956872,7464.28125,-8539.0126953125,"Macrophage","#CC79A7"
"kpbonkal-1",5.52204471180129,-1.37628447575968,7472.45556640625,-8533.4404296875,"Macrophage","#CC79A7"
"kpbpcoki-1",9.56877570697951,5.04562890963155,7469.4150390625,-8560.2783203125,"Endothelial","#D55E00"
"kpbpdaen-1",9.64355903217482,5.44726741747457,7456.826171875,-8565.5703125,"Endothelial","#D55E00"
"kpbpgfld-1",10.9951158101289,-0.0826687247912244,7447.12060546875,-8563.19140625,"Mesenchymal","#F0E442"
"kpbpiedm-1",9.03725390979934,1.43329906897146,7447.29248046875,-8576.5185546875,"Mesenchymal","#F0E442"
"kpbpmmgo-1",8.85222964832473,-0.201604645089324,7441.98095703125,-8595.7734375,"Mesenchymal","#F0E442"
"kpcachfj-1",11.0140100056856,-0.753353591398414,7457.92529296875,-8577.4599609375,"Mesenchymal","#F0E442"
"kpcacmnc-1",9.34461455890822,3.93310058550436,7453.9306640625,-8572.728515625,"Endothelial","#D55E00"
"kpcaeeid-1",10.6327090794771,-1.13353633447092,7465.818359375,-8581.6787109375,"Mesenchymal","#F0E442"
"kpcafikf-1",10.2304978902071,-0.236369232968505,7491.85888671875,-8557.42578125,"Mesenchymal","#F0E442"
"kpcahdlb-1",-6.46977228572679,0.101470787688081,7488.1748046875,-8594.1904296875,"Epi_SecA","#E69F00"
"kpcainbm-1",10.2877917821138,0.35101944641668,7478.63818359375,-8584.9208984375,"Mesenchymal","#F0E442"
"kpcanefn-1",10.7239184910982,-1.05830770297449,7481.22119140625,-8566.7509765625,"Mesenchymal","#F0E442"
"kpdpdhbo-1",9.96644645282912,1.21708953814108,7604.76171875,-7836.67138671875,"Mesenchymal","#F0E442"
"kpdpelpf-1",10.7846179539888,-1.21518170400065,7613.78955078125,-7867.15283203125,"Mesenchymal","#F0E442"
"kpdpnopo-1",11.1970048482149,-0.81765764518183,7607.88134765625,-7855.62451171875,"Mesenchymal","#F0E442"
"kpeabfcj-1",11.1698623234956,1.18877947763998,7609.51904296875,-7846.0498046875,"Mesenchymal","#F0E442"
"kpeafiai-1",-1.66613931110215,1.9547213359316,7609.71240234375,-7830.5283203125,"Epi_SecA","#E69F00"
"kpeahdab-1",10.8324485356538,1.40765071348745,7581.0712890625,-7888.14697265625,"Mesenchymal","#F0E442"
"kpeaohjb-1",10.2520680958955,1.19330645041067,7579.74560546875,-7855.3974609375,"Mesenchymal","#F0E442"
"kpeapljb-1",9.59872680256057,5.45664155916769,7573.4365234375,-7867.4306640625,"Endothelial","#D55E00"
"kpebahhj-1",8.65987687656569,-1.74541353745859,7581.2763671875,-7829.85009765625,"Mesenchymal","#F0E442"
"kpebamki-1",11.060449176523,0.476894323392694,7593.734375,-7834.25244140625,"Mesenchymal","#F0E442"
"kpebcnpb-1",9.23683887073684,0.761282329126184,7578.515625,-7834.2001953125,"Mesenchymal","#F0E442"
"kpebegbb-1",7.82074695179152,0.541327838464562,7587.19921875,-7844.01513671875,"Mesenchymal","#F0E442"
"kpebgbfj-1",-6.19705290248704,0.918829445405786,7554.65234375,-7917.39599609375,"Epi_SecA","#E69F00"
"kpebhncc-1",-5.94959873607469,1.90142155127126,7557.861328125,-7907.26611328125,"Epi_SecA","#E69F00"
"kpebkgob-1",9.3527103001802,-1.0358865813772,7562.224609375,-7871.2001953125,"Mesenchymal","#F0E442"
"kpeblgkp-1",5.95319753238845,-3.85676800771158,7565.2509765625,-7881.6923828125,"Macrophage","#CC79A7"
"kpebmcaa-1",10.1356530720918,1.41956723169882,7570.79736328125,-7880.25146484375,"Mesenchymal","#F0E442"
"kpecfogn-1",5.15870338031936,-0.982247169450934,7557.53515625,-7873.646484375,"Macrophage","#CC79A7"
"kpechehf-1",7.96918111393142,2.41523158983785,7615.8291015625,-7935.494140625,"Mesenchymal","#F0E442"
"kpechjha-1",-5.14159197261644,1.01370549635488,7589.8310546875,-7922.029296875,"Epi_SecA","#E69F00"
"kpechmjl-1",-6.66556925227952,0.239712689681832,7551.26416015625,-7929.61474609375,"Epi_SecA","#E69F00"
"kpecickj-1",-1.6615514223845,3.2411154551943,7571.74951171875,-7923.25634765625,"Epi_SecA","#E69F00"
"kpedjokk-1",-1.21884591033769,2.04748499826986,7562.7607421875,-7924.4794921875,"Epi_SecA","#E69F00"
"kpednmaj-1",-6.08944315364671,1.37190115885336,7566.96923828125,-7963.78076171875,"Epi_SecA","#E69F00"
"kpedocfg-1",-4.41457456996751,0.909095530076806,7584.78857421875,-7966.46240234375,"Epi_SecA","#E69F00"
"kpeefifg-1",-6.46966309001756,1.46282852129537,7577.580078125,-7957.279296875,"Epi_SecA","#E69F00"
"kpeeiobc-1",-6.79689640453172,1.62313330607015,7530.67822265625,-7968.2490234375,"Epi_SecA","#E69F00"
"kpeeipfl-1",-3.77941746166062,1.26263213591177,7552.53564453125,-7993.515625,"Epi_SecA","#E69F00"
"kpeejcka-1",10.6930404240816,-0.662442858652289,7541.50048828125,-7827.56982421875,"Mesenchymal","#F0E442"
"kpeejpma-1",10.0386443669527,1.18847048716146,7549.30615234375,-7853.36669921875,"Mesenchymal","#F0E442"
"kpeelfoc-1",10.5894408757417,0.71965992884237,7546.21728515625,-7840.34033203125,"Mesenchymal","#F0E442"
"kpeelieb-1",11.0773711735933,-1.15016412301462,7539.9951171875,-7840.353515625,"Mesenchymal","#F0E442"
"kpeemhjm-1",-5.87759584834886,2.68968713717062,7535.384765625,-7860.083984375,"Epi_SecA","#E69F00"
"kpeemobh-1",10.6077542836397,-0.279973085359748,7566.9287109375,-7844.37646484375,"Mesenchymal","#F0E442"
"kpeenade-1",9.33129649707961,0.501520340009515,7555.51220703125,-7850.58837890625,"Mesenchymal","#F0E442"
"kpefcogn-1",10.1790643269746,0.257459853454415,7559.89208984375,-7862.45849609375,"Mesenchymal","#F0E442"
"kpefdchm-1",11.1340175206392,0.567787532373254,7568.31298828125,-7857.53076171875,"Mesenchymal","#F0E442"
"kpefemlf-1",10.4968839223115,-0.51023965640467,7566.607421875,-7836.49462890625,"Mesenchymal","#F0E442"
"kpeffhfm-1",10.019768291208,-1.09245979352396,7551.71044921875,-7839.568359375,"Mesenchymal","#F0E442"
"kpeflfnh-1",6.69112163135695,2.69921148256857,7554.11279296875,-7833.44580078125,"Mesenchymal","#F0E442"
"kpenoahl-1",-5.34650320461106,2.08696163134176,7562.43212890625,-7804.484375,"Epi_SecA","#E69F00"
"kpenolkf-1",0.0967251593797196,2.4468039317568,7581.8701171875,-7818.60888671875,"Epi_SecA","#E69F00"
"kpeohggb-1",-6.37135595729661,1.77970588640768,7564.70654296875,-7815.24560546875,"Epi_SecA","#E69F00"
"kpeoibnj-1",-5.66108173778367,1.25648284391958,7564.2392578125,-7796.29150390625,"Epi_SecA","#E69F00"
"kpeojnom-1",-6.65177912166429,1.76668537096578,7572.4287109375,-7792.5478515625,"Epi_SecA","#E69F00"
"kpeopahi-1",3.97641449520278,-1.87915277047556,7607.6728515625,-7777.60888671875,"Mesenchymal","#F0E442"
"kpepaijn-1",7.43618827411818,1.22460842566091,7599.91650390625,-7785.97509765625,"Epi_SecA","#E69F00"
"kpepijgh-1",-2.39172501018357,0.479111675782983,7607.3837890625,-7788.38427734375,"Epi_SecA","#E69F00"
"kpepjcbg-1",5.00717406818557,-0.411898638443168,7604.02197265625,-7781.11376953125,"Macrophage","#CC79A7"
"kpepliap-1",-0.637721962240459,2.64655030207235,7611.02880859375,-7781.3701171875,"Epi_SecB","#56B4E9"
"kpepmkae-1",-2.19612903049302,2.35917246775228,7588.67578125,-7777.45458984375,"Epi_SecA","#E69F00"
"kpfajdpk-1",-4.68086571147752,-0.233130078152831,7586.10595703125,-7751.8515625,"Epi_SecA","#E69F00"
"kpfbbade-1",-5.77873176982713,0.709185246988122,7555.46533203125,-7757.75244140625,"Epi_SecA","#E69F00"
"kpfdeebf-1",-3.32205767085862,0.425134782357995,7424.85498046875,-7774.62158203125,"Epi_SecA","#E69F00"
"kpfdekld-1",-0.534634775427104,0.109785888953988,7423.17236328125,-7764.6845703125,"Epi_SecA","#E69F00"
"kpfdfgln-1",4.42178135463881,0.508741323514764,7420.5888671875,-7757.86328125,"Epi_SecA","#E69F00"
"kpfgbjep-1",-1.9135364954741,-0.979818220571692,7434.19970703125,-7768.81103515625,"Epi_SecB","#56B4E9"
"kpfggpib-1",-5.18293041637254,0.586130265756433,7432.72802734375,-7835.0546875,"Epi_SecA","#E69F00"
"kpfgiodi-1",-3.59106296947312,1.4127394004305,7428.90234375,-7844.81103515625,"Epi_SecA","#E69F00"
"kpfgnkhb-1",-4.30826420238328,0.635251287980859,7426.64013671875,-7896.2197265625,"Epi_SecA","#E69F00"
"kpfgoakh-1",-1.03371066501451,2.94399297670919,7413.83154296875,-7895.224609375,"Epi_SecA","#E69F00"
"kpfgocbb-1",-0.321800655630351,3.08501518206197,7419.1787109375,-7901.4169921875,"Epi_SecA","#E69F00"
"kpfgphdf-1",-5.39942306926561,1.39019453959066,7421.884765625,-7827.28173828125,"Epi_SecA","#E69F00"
"kpfhahgd-1",-5.04133314540696,0.399575953050439,7419.34912109375,-7851.376953125,"Epi_SecA","#E69F00"
"kpfhehpa-1",-5.60314554622483,1.32461512522299,7392.98046875,-7833.44921875,"Epi_SecA","#E69F00"
"kpfhibih-1",-2.67472571780992,1.68713009790975,7398.126953125,-7841.22021484375,"Epi_SecA","#E69F00"
"kpfigigf-1",7.44708638736892,-0.775753612951453,7350.939453125,-7806.87646484375,"Mesenchymal","#F0E442"
"kpfijljm-1",-5.622451252249,1.13423872427541,7469.47412109375,-7769.5322265625,"Epi_SecA","#E69F00"
"kpfimlfm-1",-5.58461374690843,2.45750582651693,7469.78515625,-7798.51513671875,"Epi_SecA","#E69F00"
"kpfiodgi-1",-4.04159731319261,3.0596538825472,7522.025390625,-7801.755859375,"Epi_SecA","#E69F00"
"kpfjafdf-1",-5.28743166377854,3.27451169924337,7523.34765625,-7794.7607421875,"Epi_SecA","#E69F00"
"kpfjbmbf-1",8.69915633747268,-1.03855579657954,7510.30908203125,-7801.26806640625,"Mesenchymal","#F0E442"
"kpfjjheg-1",5.62970405170607,-0.734378571943458,7504.54248046875,-7803.916015625,"Mesenchymal","#F0E442"
"kpfjjlgo-1",-5.17582935741258,1.06470799879629,7505.57177734375,-7790.65283203125,"Epi_SecA","#E69F00"
"kpfjknih-1",11.1357484395235,-0.735530848936255,7515.59130859375,-7807.46044921875,"Mesenchymal","#F0E442"
"kpfjlbbj-1",10.0593476826875,5.33360279039938,7522.2021484375,-7817.55224609375,"Mesenchymal","#F0E442"
"kpfjodhg-1",-2.43932313373399,-1.04817956252497,7461.7509765625,-7835.1572265625,"Epi_SecA","#E69F00"
"kpfkcpgp-1",-5.35879558971238,1.89993739561636,7449.02685546875,-7832.70556640625,"Epi_SecA","#E69F00"
"kpfkdeom-1",-4.72742647579026,0.775280837579553,7449.43994140625,-7854.5107421875,"Epi_SecA","#E69F00"
"kpfkghlj-1",-4.68363375118089,-1.38932323022288,7457.94677734375,-7826.58203125,"Epi_SecA","#E69F00"
"kpfkjhgh-1",-4.69310564449144,0.5994499965151,7471.765625,-7816.79052734375,"Epi_SecA","#E69F00"
"kpfkkaga-1",-5.29230303218675,-0.28440920575064,7466.060546875,-7808.72119140625,"Epi_SecA","#E69F00"
"kpfldgjm-1",-2.09819335391832,0.402339045568292,7449.09619140625,-7813.80517578125,"Epi_SecA","#E69F00"
"kpflfggp-1",-4.11660665920091,-0.630764420465644,7449.05908203125,-7822.05029296875,"Epi_SecA","#E69F00"
"kpflgcae-1",1.67858510563064,-2.75824057622355,7458.83837890625,-7815.94384765625,"Mesenchymal","#F0E442"
"kpflkcle-1",-5.49316925456834,0.687433187528436,7503.6259765625,-7757.1494140625,"Epi_SecA","#E69F00"
"kpfllofd-1",-5.63726372173143,0.67607945637304,7504.13623046875,-7766.2177734375,"Epi_SecA","#E69F00"
"kpflnajc-1",1.04370751330542,-2.63427602811259,7490.55126953125,-7764.74169921875,"Epi_SecA","#E69F00"
"kpflokmg-1",-4.7237400477202,0.502376441522424,7396.5068359375,-7795.2421875,"Epi_SecA","#E69F00"
"kpfmbnaf-1",-5.13701576640916,1.20309520201284,7382.3017578125,-7790.24462890625,"Epi_SecA","#E69F00"
"kpfmdabf-1",-5.73974794795823,1.27751160101492,7383.3251953125,-7783.17626953125,"Epi_SecA","#E69F00"
"kpfmhfmk-1",-5.50932354381395,2.60816967920858,7405.72998046875,-7780.27587890625,"Epi_SecA","#E69F00"
"kpfmklle-1",-4.52606052806687,1.57907283739645,7379.345703125,-7766.21630859375,"Epi_SecA","#E69F00"
"kpfmklod-1",-7.19546455791307,1.5258233590563,7384.453125,-7755.837890625,"Epi_SecA","#E69F00"
"kpfmlbfb-1",-4.86564917018724,-0.289683546261008,7374.86181640625,-7753.2421875,"Epi_SecA","#E69F00"
"kpfnidcl-1",-2.47851485660386,0.0380489869554682,7636.49462890625,-7803.49267578125,"Epi_SecA","#E69F00"
"kpfnjmma-1",-0.33536679199052,0.992337708040063,7637.01708984375,-7811.8232421875,"Epi_SecA","#E69F00"
"kpfnmlfb-1",-2.73814935138536,0.00436584339935023,7644.48779296875,-7803.0234375,"Epi_Cil","#009E73"
"kpfoaibl-1",10.7150846059053,1.36692357496816,7651.36962890625,-7808.2255859375,"Mesenchymal","#F0E442"
"kpfobebm-1",-3.99449438503099,-0.940793569521125,7617.69287109375,-7792.5654296875,"Epi_SecA","#E69F00"
"kpfobepd-1",-1.75561804225755,1.76778865294058,7624.408203125,-7756.7548828125,"Epi_SecA","#E69F00"
"kpfohfgb-1",2.19819336483168,-2.58143794103068,7626.71240234375,-7752.232421875,"Mesenchymal","#F0E442"
"kpfpmjmd-1",-5.01856893947435,0.691163901849572,7430.7880859375,-7809.64013671875,"Epi_SecA","#E69F00"
"kpgaddbm-1",-4.3376669352324,0.901703123613183,7427.70361328125,-7791.4970703125,"Epi_SecA","#E69F00"
"kpgiocdc-1",-4.01426882198167,1.73972499804098,7370.5185546875,-7770.095703125,"Epi_SecA","#E69F00"
"kpgipfcp-1",6.23406367847609,2.25479209856588,7361.044921875,-7792.23583984375,"Mesenchymal","#F0E442"
"kpgipgjj-1",5.59996467182326,1.69306481318075,7366.27880859375,-7785.642578125,"Mesenchymal","#F0E442"
"kpgjalho-1",-3.28381008556199,1.64559865431387,7362.01708984375,-7781.3486328125,"Epi_SecA","#E69F00"
"oejcfdel-1",0.719358460101365,0.0867846800525828,8122.548828125,-7781.68798828125,"Epi_SecA","#E69F00"
"oejcgodo-1",2.77331309864211,2.11215985254842,8176.23388671875,-7833.77880859375,"Epi_SecA","#E69F00"
"oejcjdmd-1",3.197537236902,3.1274052901705,8272.1865234375,-8239.703125,"Epi_SecA","#E69F00"
"oejdakkp-1",8.23276477405715,2.24928582148153,8272.947265625,-8189.2216796875,"Mesenchymal","#F0E442"
"oejeggha-1",1.96984224865127,2.55960691408712,8397.787109375,-8761.0068359375,"Epi_SecB","#56B4E9"
"oejeinjb-1",2.19221835682082,3.23601401285726,8409.654296875,-8769.912109375,"Epi_SecA","#E69F00"
"oejejnmf-1",2.28220623085189,3.26061094240743,8411.4404296875,-8762.119140625,"Epi_SecA","#E69F00"
"oejjfpbp-1",3.18181114742446,3.46179211573202,8264.3916015625,-8769.2412109375,"Epi_SecA","#E69F00"
"oejjikdn-1",1.86109464714217,2.7359782500704,8252.9287109375,-8794.123046875,"Epi_SecA","#E69F00"
"oejjimkg-1",3.27664499828505,3.5140327258547,8271.076171875,-8785.2705078125,"Epi_SecA","#E69F00"
"oejkbanl-1",1.37581997463393,2.65312874750692,8257.0322265625,-8775.421875,"Epi_SecA","#E69F00"
"oejkbcgj-1",2.60625582287001,3.1845637603243,8268.2373046875,-8761.7939453125,"Epi_SecA","#E69F00"
"oejkimma-1",3.72571425983596,3.39082873301107,8273.982421875,-8748.375,"Epi_SecB","#56B4E9"
"oejknmfd-1",2.17895095894027,3.07829320864279,8276.646484375,-8740.3486328125,"Epi_SecA","#E69F00"
"oejkpkpo-1",3.57281356403518,3.54468214945394,8286.59765625,-8742.7255859375,"Epi_Cil","#009E73"
"oejleklh-1",3.62979560444045,3.48809087709982,8283.58203125,-8732.287109375,"Epi_SecA","#E69F00"
"oejlkepn-1",4.6816452080934,1.8240947766741,8371.697265625,-8743.7861328125,"Macrophage","#CC79A7"
"oejlknbp-1",2.83732729503798,3.26214015917379,8362.5595703125,-8775.2666015625,"Epi_SecA","#E69F00"
"oejmldce-1",4.46989803859877,3.70809615091879,8248.2900390625,-8537.7509765625,"Mesenchymal","#F0E442"
"oejmlkgb-1",4.67660193988967,3.62696230845052,8240.18359375,-8549.615234375,"Endothelial","#D55E00"
"oejmnmnk-1",4.24207382747817,3.68697512583334,8253.5693359375,-8527.810546875,"Mesenchymal","#F0E442"
"oejndobp-1",7.87398772785354,4.62608421282369,8247.162109375,-8519.4052734375,"Endothelial","#D55E00"
"oejneecc-1",4.76464944431472,3.71701157526571,8213.43359375,-8587.533203125,"Mesenchymal","#F0E442"
"oejnegcp-1",6.6861401135652,2.64896762804586,8198.7099609375,-8598.72265625,"Mesenchymal","#F0E442"
"oejnndoh-1",6.9450192982881,2.70979512171346,8205.5302734375,-8593.025390625,"Mesenchymal","#F0E442"
"oejnolab-1",6.10879474231887,3.32593000368673,8205.83984375,-8515.220703125,"Endothelial","#D55E00"
"oejoombo-1",5.66995006153273,3.30952704386312,8228.330078125,-8635.705078125,"Mesenchymal","#F0E442"
"oejpaihd-1",6.44341092655349,1.88606489138204,8228.3193359375,-8709.087890625,"Mesenchymal","#F0E442"
"oejpeele-1",5.60096555301833,1.69155538515646,8261.95703125,-8497.0546875,"Plasma cell","#005685"
"oejpilnj-1",7.02641587803054,3.34943807558614,8251.7138671875,-8507.4697265625,"Pericyte_SM","#0072B2"
"oejpjlic-1",4.91279082843947,-0.224888871745284,8298.28125,-8507.380859375,"Mesenchymal","#F0E442"
"oejpkeci-1",5.48806624958205,3.10446417765218,8279.22265625,-8527.11328125,"Mesenchymal","#F0E442"
"oejpkilf-1",-0.940114564207317,0.614989523454492,8399.8330078125,-8168.56640625,"Epi_SecA","#E69F00"
"oejplphd-1",2.12726884433913,1.81734681562978,8328.8505859375,-8078.15966796875,"Epi_SecA","#E69F00"
"oekadjnb-1",5.91339307377028,-1.58893811269205,8302.1494140625,-7963.0966796875,"Macrophage","#CC79A7"
"oekaedfo-1",7.70336824009108,2.30154145197469,8201.5908203125,-8293.9462890625,"Mesenchymal","#F0E442"
"oekaigma-1",9.40639739582229,1.36442053751547,8193.8330078125,-8301.880859375,"Mesenchymal","#F0E442"
"oekajmol-1",6.43619351932692,3.11121142344076,8216.4755859375,-8434.19140625,"Mesenchymal","#F0E442"
"oekakdha-1",6.01920562336135,2.84042323069174,8218,-8357.359375,"Mesenchymal","#F0E442"
"oekamhda-1",5.23216729709792,1.91459143595297,8201.5595703125,-8351.103515625,"Macrophage","#CC79A7"
"oekbalee-1",8.28821521351027,2.52885210947592,8204.9892578125,-8395.138671875,"Mesenchymal","#F0E442"
"oekbdcae-1",5.94100003788161,2.92038977579672,8207.45703125,-8371.8974609375,"Mesenchymal","#F0E442"
"oekbhdfp-1",6.55825095722365,3.14578354792196,8194.3994140625,-8386.2802734375,"Mesenchymal","#F0E442"
"oekbhkld-1",7.24575429508376,2.85123503641683,8217.4404296875,-8379.9521484375,"Mesenchymal","#F0E442"
"oekbigaa-1",5.04850631305861,3.13214719729025,8221.3818359375,-8368.7685546875,"Mesenchymal","#F0E442"
"oekbklll-1",5.43611531803298,1.81764924959738,8433.4150390625,-8133.39453125,"Plasma cell","#005685"
"oekbknln-1",8.23102622577834,2.01526034311849,8436.818359375,-8121.6201171875,"Mesenchymal","#F0E442"
"oekbnbmd-1",0.515838825198888,2.28113782839376,8417.474609375,-7983.72314453125,"Epi_SecA","#E69F00"
"oekbojeo-1",1.34312527725387,2.68579233126241,8436.4560546875,-7991.17138671875,"Epi_SecA","#E69F00"
"oekcbogb-1",3.69036846706557,2.4487947268923,8549.6376953125,-8472.193359375,"Mesenchymal","#F0E442"
"oekcdcjf-1",5.61268191883254,-3.23570382161539,8568.048828125,-8283.0546875,"Macrophage","#CC79A7"
"oekchjip-1",2.2272937829225,1.55752468542654,8455.669921875,-8572.017578125,"Epi_SecB","#56B4E9"
"oekdcifk-1",4.03793387958693,2.95296061472494,8514.4033203125,-8475.8935546875,"Epi_SecA","#E69F00"
"oekddlii-1",3.63465219089675,3.58622086481649,8429.5576171875,-8748.955078125,"Epi_SecA","#E69F00"
"oekdhgib-1",7.2298322255342,2.35543668703634,8464.142578125,-8140.7333984375,"Mesenchymal","#F0E442"
"oekdjjnb-1",8.97302966663527,-2.61532651944559,8518.6533203125,-8203.064453125,"Mesenchymal","#F0E442"
"oekdjpfd-1",7.69122224399733,2.31399214701254,8490.1552734375,-8173.72119140625,"Mesenchymal","#F0E442"
"oekdlbij-1",2.78885059902358,-2.70355450673502,8599.2783203125,-8123.81298828125,"Mesenchymal","#F0E442"
"oekeliij-1",4.15766149112868,2.75814307169515,8491.095703125,-7770.3251953125,"Epi_SecA","#E69F00"
"oekemoan-1",3.3234863812654,1.69250655607778,8481.541015625,-8022.92529296875,"Epi_SecB","#56B4E9"
"oekfoafd-1",5.32659488269973,1.63450205759603,8590.7587890625,-7793.86669921875,"Mast","#AD7700"
"oekgbfho-1",5.4435921246736,0.729033236070458,8548.876953125,-7813.3046875,"Mesenchymal","#F0E442"
"oekkkedc-1",3.47508006641555,2.81839430765707,8059.80810546875,-8258.89453125,"Epi_SecB","#56B4E9"
"oekkoegl-1",2.66614144394088,0.390930805965249,8036.50439453125,-8686.66796875,"Epi_SecB","#56B4E9"
"oekkoien-1",3.22702127048659,2.43308055834371,8034.03759765625,-8730.3056640625,"Epi_SecB","#56B4E9"
"oekkphbc-1",2.36300950596022,1.45752859549123,8031.822265625,-8723.001953125,"Epi_SecB","#56B4E9"
"oekkpinj-1",3.28624444553542,2.63045752482015,8030.90576171875,-8733.8291015625,"Epi_SecA","#E69F00"
"oekkpjmo-1",4.22448425838637,3.05882943110067,8048.8095703125,-8686.498046875,"Endothelial","#D55E00"
"oeklbnhe-1",3.42131333896804,2.10331809954244,8021.38525390625,-8589.0087890625,"Mesenchymal","#F0E442"
"oeklcdnj-1",3.23843269893813,1.58599365191061,8024.05810546875,-8582.4814453125,"Mesenchymal","#F0E442"
"oekldbnd-1",3.92016702243972,1.09194684462148,8024.5283203125,-8601.5439453125,"Mesenchymal","#F0E442"
"oekldkii-1",4.27856188366103,0.585087482496087,8003.67919921875,-8635.8974609375,"Macrophage","#CC79A7"
"oeklfkcd-1",4.19902186939406,0.939939741655175,8011.236328125,-8626.4248046875,"Mesenchymal","#F0E442"
"oeklgcel-1",4.08365874836135,0.479334299131219,8003.33544921875,-8618.013671875,"Macrophage","#CC79A7"
"oeklikbd-1",4.41494064876723,0.587566380067651,7996.796875,-8607.8203125,"Macrophage","#CC79A7"
"oekllldk-1",3.38796477863479,2.19815028147299,8009.166015625,-8587.5673828125,"Epi_SecB","#56B4E9"
"oekmajkc-1",4.1192467744081,2.31109536127645,8005.98095703125,-8593.99609375,"Epi_SecB","#56B4E9"
"oekmcmpm-1",3.1333818967073,1.76603281931478,7999.74609375,-8590.845703125,"Epi_SecB","#56B4E9"
"oekmcpbg-1",3.08964806148696,0.637516443296258,8012.99169921875,-8509.734375,"Epi_SecB","#56B4E9"
"oekmcpjd-1",4.56602769443679,-1.07506602569025,8001.74853515625,-8506.318359375,"Macrophage","#CC79A7"
"oekmdpoi-1",3.75470119068313,1.50529659227926,8008.58544921875,-8503.6845703125,"Epi_SecB","#56B4E9"
"oekmfbbn-1",0.195170157644032,-1.62501430077952,8001.0361328125,-8543.0849609375,"Epi_SecB","#56B4E9"
"oekmhhim-1",2.25171547481704,0.969351653619592,8022.15673828125,-8420.7783203125,"Epi_SecB","#56B4E9"
"oekmkajh-1",2.60877304622817,1.62048745588857,7998.31103515625,-8398.650390625,"Epi_SecB","#56B4E9"
"oekmlpea-1",3.8141496712892,1.24090481237966,7972.42333984375,-8471.4072265625,"Epi_SecB","#56B4E9"
"oeknaklb-1",4.36874800274062,0.313202713294808,8001.9091796875,-8492.8427734375,"Macrophage","#CC79A7"
"oekndbkn-1",4.09091835567641,1.61618650393087,7995.34765625,-8405.8232421875,"Macrophage","#CC79A7"
"oekndlpg-1",4.34635763714003,-0.0147059143940763,8009.36279296875,-8415.4970703125,"Macrophage","#CC79A7"
"oeknhlgc-1",4.23134236881423,0.211311374469583,8007.083984375,-8405.7783203125,"Macrophage","#CC79A7"
"oeknkpej-1",3.95111470768142,1.15982795195181,7965.5361328125,-8386.05859375,"Macrophage","#CC79A7"
"oeknmbdf-1",3.58621769497084,1.53113973574239,7988.47265625,-8388.8896484375,"Epi_SecB","#56B4E9"
"oeknmceh-1",3.87449293682265,2.67502582506735,7982.24560546875,-8397.8994140625,"Mesenchymal","#F0E442"
"oeknpmaj-1",4.44785981723952,0.781814400716607,7973.39013671875,-8403.9248046875,"Macrophage","#CC79A7"
"oekobgni-1",4.12871079990554,2.43632495836813,7981.84033203125,-8369.5869140625,"Mesenchymal","#F0E442"
"oekomlpa-1",1.79032104561019,2.21690881685812,8161.93408203125,-8657.3818359375,"Epi_SecA","#E69F00"
"oekonfid-1",3.9489484364717,3.53009379343588,8166.53857421875,-8625.7333984375,"Epi_SecA","#E69F00"
"oekonnih-1",1.7031502063005,0.890423004194085,8146.42919921875,-8117.146484375,"Epi_SecB","#56B4E9"
"oekpjfok-1",1.74752741405654,0.799458627267663,8170.52978515625,-8144.96240234375,"Epi_SecB","#56B4E9"
"oekppcfh-1",2.54501634189772,3.04512107805807,8188.80126953125,-8147.78564453125,"Epi_SecA","#E69F00"
"oelacpbl-1",3.38009744236159,2.74626124338705,8157.88916015625,-8138.32763671875,"Epi_SecB","#56B4E9"
"oelaidnf-1",1.41982590505767,2.30875361399252,8180.77880859375,-7972.78759765625,"Epi_SecA","#E69F00"
"oelajjke-1",2.69071453163314,-2.47738921208781,8105.49462890625,-8317.591796875,"Macrophage","#CC79A7"
"oelakpid-1",8.83874660083938,4.47096956209738,8193.318359375,-8334.0498046875,"Endothelial","#D55E00"
"oelaoaac-1",10.0185800130098,-0.218526657060798,8169.16748046875,-8366.2236328125,"Mesenchymal","#F0E442"
"oelaoiml-1",2.63342040130782,1.24247324900228,8127.9501953125,-8173.23095703125,"Epi_SecB","#56B4E9"
"oelbadhd-1",0.882037350031613,2.96674502329427,8136.15625,-8250.9580078125,"Epi_SecA","#E69F00"
"oelbajda-1",8.47965341159987,0.789772634073083,7979.78271484375,-8196.0244140625,"Mesenchymal","#F0E442"
"oelbckkd-1",2.24802237102675,3.09910834269125,7538.3173828125,-8000.1904296875,"Epi_SecA","#E69F00"
"oelbcmld-1",8.44791799137282,0.865912084146325,7617.0419921875,-7983.19189453125,"Mesenchymal","#F0E442"
"oelbdgmn-1",1.85201531002211,1.31811011271078,7487.4599609375,-7996.81201171875,"Epi_SecA","#E69F00"
"oelbigla-1",1.14077331969428,2.8743785663088,7509.2548828125,-8178.71923828125,"Epi_SecA","#E69F00"
"oelbkmnl-1",2.6677269274919,1.18976331190664,7522.1748046875,-8228.1181640625,"Epi_SecA","#E69F00"
"oelbmknd-1",3.9150243336885,2.22328842119772,7528.650390625,-8226.6083984375,"Mesenchymal","#F0E442"
"oelciemk-1",4.64111834118056,3.37027371363241,7354.4052734375,-8063.685546875,"Endothelial","#D55E00"
"oelcipbe-1",3.98200374195266,2.6406892581423,7371.837890625,-8061.8544921875,"Mesenchymal","#F0E442"
"oelcndhf-1",3.86590581485915,3.60634720758993,7366.79248046875,-8058.98388671875,"Mesenchymal","#F0E442"
"oelcnfhb-1",5.9062500531404,-3.9815453247587,7387.49609375,-8061.31396484375,"T cell","#1C91D4"
"oeldhcni-1",4.22654467174697,3.51476824717123,7352.38232421875,-8072.9912109375,"Endothelial","#D55E00"
"oeldngei-1",4.97414212772536,3.63158715204794,7773.05078125,-8014.97802734375,"Mesenchymal","#F0E442"
"oelgaimh-1",4.90190320560622,3.55138147310812,7698.59375,-8090.486328125,"Mesenchymal","#F0E442"
"oelgccih-1",5.971627288553,3.12416255907613,7773.849609375,-8064.19677734375,"Mesenchymal","#F0E442"
"oelhpcja-1",4.59347730228591,3.61264336542684,7765.5498046875,-8120.02685546875,"Mesenchymal","#F0E442"
"oeliboje-1",3.72196178981948,3.37505257563192,7772.044921875,-8140.9208984375,"Mesenchymal","#F0E442"
"oelieeee-1",3.72324066707778,3.4983872218569,7769.68603515625,-8131.37646484375,"Epi_SecA","#E69F00"
"oelimabj-1",2.03836696693587,2.17338073687154,7857.5546875,-8781.9814453125,"Epi_SecA","#E69F00"
"oemiabed-1",5.49950652668166,0.113904867931192,7705.07861328125,-7755.88671875,"T cell","#1C91D4"
"oemjbkhh-1",6.15846019336867,2.91971552805502,7840.1552734375,-7855.9599609375,"Mesenchymal","#F0E442"
"oemjhdog-1",3.97918253490615,3.62403643564779,7831.38818359375,-7870.60009765625,"Mesenchymal","#F0E442"
"oemjiomp-1",3.40330820629287,3.55538499788839,7819.83251953125,-7872.556640625,"Epi_SecA","#E69F00"
"oemlbepc-1",4.15067725727248,3.60428321795065,7804.6845703125,-7884.08056640625,"Mesenchymal","#F0E442"
"oemldbii-1",8.02939229557204,3.09149563746053,7775.8125,-7794.57568359375,"Mesenchymal","#F0E442"
"oemmhmmg-1",5.84612899372268,2.89170611338217,7956.85693359375,-7976.30712890625,"Mesenchymal","#F0E442"
"oemmkejh-1",8.27966170856643,1.77027357058126,7949.78955078125,-8018.12158203125,"Mesenchymal","#F0E442"
"oemmmodc-1",5.11055713245559,3.10362756685812,7958.0390625,-8017.2392578125,"Mesenchymal","#F0E442"
"oemncomm-1",5.82162528583693,2.35443652109701,7941.779296875,-7975.24462890625,"Plasma cell","#005685"
"oemnfknp-1",3.0096743638246,3.43313563303549,7916.47509765625,-7903.5341796875,"Epi_SecA","#E69F00"
"oemnhnna-1",4.25069265911269,3.43708646730978,7912.97998046875,-7914.78125,"Mesenchymal","#F0E442"
"oemnpoci-1",6.00468116352248,2.99952567057211,7922.6669921875,-7919.76171875,"Mesenchymal","#F0E442"
"oemoigmg-1",3.7296143109529,2.20180571512777,7836.5419921875,-8069.9482421875,"Epi_SecA","#E69F00"
"oemolmcd-1",2.6561359698503,1.7159587188204,7841.34423828125,-8063.7509765625,"Epi_SecB","#56B4E9"
"oempcddd-1",1.94895046302962,1.12720489935476,7891.8583984375,-8069.06787109375,"Epi_SecA","#E69F00"
"oempeiab-1",5.34037452289748,3.0448092265566,7917.11279296875,-7949.7373046875,"Mesenchymal","#F0E442"
"oempeklb-1",5.76496368000197,3.06073725657064,7970.599609375,-7969.4658203125,"Mesenchymal","#F0E442"
"oemplnan-1",5.9615970189302,2.64404309229452,7896.3505859375,-8005.451171875,"Mesenchymal","#F0E442"
"oempnpfl-1",5.39454322406936,2.72562373118002,7910.5849609375,-7994.0703125,"Mesenchymal","#F0E442"
"oenaajfe-1",6.31894069263625,-2.73321640057963,7849.3134765625,-7993.14453125,"T cell","#1C91D4"
"oenaedab-1",1.12121345946479,-0.0787124292413549,7807.58056640625,-8267.8193359375,"Epi_SecB","#56B4E9"
"oenaedag-1",2.49404948303389,2.69078886942465,7931.61083984375,-8361.4423828125,"Epi_SecA","#E69F00"
"oenaegdn-1",2.08701007911849,2.7344859881838,7932.548828125,-8356.73828125,"Epi_SecB","#56B4E9"
"oenangjn-1",3.46574216434646,2.71385443644125,7940.9228515625,-8360.0029296875,"Epi_SecA","#E69F00"
"oenanoko-1",3.53324966976333,1.5270555062731,7942.12451171875,-8519.84765625,"Mesenchymal","#F0E442"
"oenaoepe-1",4.16400366375136,0.737013344331567,7959.166015625,-8525.03515625,"Macrophage","#CC79A7"
"oenaooap-1",4.68226485798049,1.32186568216879,7964.48681640625,-8527.5634765625,"Macrophage","#CC79A7"
"oenaplgj-1",4.3997107083528,1.95566547350485,7939.9296875,-8533.390625,"Macrophage","#CC79A7"
"oenappfg-1",3.61594110080886,1.33815920786459,7953.43359375,-8531.94140625,"Mesenchymal","#F0E442"
"oenbdnck-1",4.46640616008925,0.749243919416253,7992.513671875,-8620.509765625,"Macrophage","#CC79A7"
"oenbgncd-1",2.62306194851088,2.1582559390505,7937.845703125,-8571.84765625,"Epi_SecB","#56B4E9"
"oenbhkml-1",0.589803570005177,-0.506970937685187,7991.0205078125,-8548.66015625,"Epi_SecB","#56B4E9"
"oenboahp-1",3.47804599353957,2.14943111376363,7954.70263671875,-8468.77734375,"Epi_SecA","#E69F00"
"oencbjce-1",4.11250286647963,1.03516555265981,7945.974609375,-8509.201171875,"Mesenchymal","#F0E442"
"oencdhkm-1",4.20596604892897,1.717047099634,7991.38916015625,-8464.552734375,"Macrophage","#CC79A7"
"oencgdgm-1",8.12896638462233,-0.382974709705527,7899.501953125,-8282.697265625,"Mesenchymal","#F0E442"
"oencmgjn-1",4.79080491611647,0.840058033033196,7674.10888671875,-7849.78173828125,"Mast","#AD7700"
"oendjppp-1",4.56125622341323,3.54137146906454,7740.921875,-7928.94873046875,"Mesenchymal","#F0E442"
"oenfjmbj-1",4.53849773952651,3.29635680155355,7709.001953125,-7863.66650390625,"Mesenchymal","#F0E442"
"oenfnjfd-1",1.30543004820037,0.387828563018624,7926.701171875,-8429.0966796875,"Epi_SecB","#56B4E9"
"oenfodgl-1",7.29906850406813,2.5704406543215,7661.89111328125,-8505.1337890625,"Mesenchymal","#F0E442"
"oengibag-1",5.10999589512038,3.67455947832662,7709.9169921875,-8531.68359375,"Endothelial","#D55E00"
"oenhkkfg-1",5.39533858844924,2.72723520235616,7717.0224609375,-8528.9462890625,"Macrophage","#CC79A7"
"oenhogga-1",4.37537222454238,3.65339768366415,7728.5703125,-8523.357421875,"Epi_SecA","#E69F00"
"oenifcca-1",4.10565429279494,3.68965447382528,7718.279296875,-8516.60546875,"Mesenchymal","#F0E442"
"oenilbbe-1",5.92763429233718,3.39938867525655,7671.49853515625,-8510.005859375,"Mesenchymal","#F0E442"
"oenilchm-1",5.08728318760085,2.96441233591634,7669.6015625,-8489.619140625,"Mesenchymal","#F0E442"
"oeninaho-1",4.89968019077468,3.59342587427694,7677.84619140625,-8536.5576171875,"Mesenchymal","#F0E442"
"oenjhgad-1",5.02645068714309,3.15158284144003,7740.02294921875,-8513.5068359375,"Endothelial","#D55E00"
"oenjlpan-1",5.34555965015578,0.764638249440972,7606.73388671875,-8679.9853515625,"Mast","#AD7700"
"oenjlpje-1",3.98550968715834,0.927217607065026,7989.85400390625,-8494.4921875,"Mesenchymal","#F0E442"
"oenjmaek-1",6.76912503788161,2.70254886583883,7693.8076171875,-8728.6416015625,"Mesenchymal","#F0E442"
"oenjmidb-1",6.05490403721022,3.41564763025839,7691.64013671875,-8751.0654296875,"Endothelial","#D55E00"
"oenjmljm-1",4.45843821117568,3.58292925791342,7684.63037109375,-8725.8935546875,"Mesenchymal","#F0E442"
"oenjmnlp-1",5.81769233295607,-5.12372028394144,7702.0703125,-8723.453125,"T cell","#1C91D4"
"oenjogcn-1",7.10519986698317,4.24502075151998,7690.1103515625,-8761.869140625,"Endothelial","#D55E00"
"oenkcbai-1",5.52966600010085,2.88615024523336,7667.6943359375,-8783.8359375,"Mesenchymal","#F0E442"
"oenkhnml-1",4.44821458408522,3.43289673761923,7649.0947265625,-8773.529296875,"Mesenchymal","#F0E442"
"oenkjcjk-1",4.8077712590425,3.60565412478048,7658.1298828125,-8777.2080078125,"Mesenchymal","#F0E442"
"oenkkpnl-1",7.04021554538894,3.16840970949728,7650.42626953125,-8796.7880859375,"Mesenchymal","#F0E442"
"oenkmjng-1",4.89720111438918,-1.65312730832499,7721.796875,-8633.05859375,"Macrophage","#CC79A7"
"oenlcebi-1",5.44404225895095,3.39243710474569,7704.51220703125,-8637.236328125,"Mesenchymal","#F0E442"
"oenlhblk-1",4.70277648517775,3.27333820299703,7681.91748046875,-8702.158203125,"Mesenchymal","#F0E442"
"oenmbnho-1",4.62161355564284,2.95729816393453,7714.25,-8561.97265625,"Macrophage","#CC79A7"
"oenmefml-1",6.1707592541902,2.62174046473104,7748.2158203125,-8216.2529296875,"Mesenchymal","#F0E442"
"oenmhmmb-1",5.38838534900832,3.1268461986025,7763.8486328125,-8183.76806640625,"Mesenchymal","#F0E442"
"oenmlipf-1",4.06542258808303,3.67120826677877,7757.4970703125,-8172.36328125,"Mesenchymal","#F0E442"
"oenmooae-1",2.99343734333205,3.19900906519491,7768.1865234375,-8154.25927734375,"Epi_SecB","#56B4E9"
"oennfggl-1",4.63908463070083,3.29845011667806,7670.02978515625,-8451.486328125,"Mesenchymal","#F0E442"
"oenolkka-1",4.64141898700881,3.19760358767111,7665.72265625,-8439.7705078125,"Mesenchymal","#F0E442"
"oenongbh-1",5.31455617496657,3.33554161028463,7672.6572265625,-8427.8125,"Mesenchymal","#F0E442"
"oenoofam-1",4.35581760952163,3.72300708727438,7742.6396484375,-8362.111328125,"Epi_SecA","#E69F00"
"oeoaoijo-1",4.59482484409499,3.30502307848531,7706.5947265625,-8405.5791015625,"Mesenchymal","#F0E442"
"oeoblaij-1",6.15610938617873,3.27757490114767,7698.5048828125,-8263.4892578125,"Mesenchymal","#F0E442"
"oeochjgp-1",4.66221790859389,3.72061860994894,7690.44580078125,-8228.361328125,"Mesenchymal","#F0E442"
"oeoddhmn-1",4.78088336536574,2.92402303652364,7686.52294921875,-8199.4130859375,"Mesenchymal","#F0E442"
"oeodekjf-1",5.1032395894258,2.69048345522482,7528.80810546875,-8320.447265625,"Endothelial","#D55E00"
"oeodicbk-1",7.73565679142165,4.45706117586691,7510.265625,-8301.490234375,"Mesenchymal","#F0E442"
"oeodojma-1",1.20093964883971,2.00060594515402,7582.9248046875,-8411.330078125,"Epi_SecA","#E69F00"
"oeoecfic-1",2.90153794834304,3.24748886065084,7605.81591796875,-8462.8671875,"Epi_SecA","#E69F00"
"oeoedebp-1",2.67397957393813,2.8442317290743,7569.8505859375,-8363.7890625,"Epi_SecA","#E69F00"
"oepdkjmn-1",5.07950645038771,-0.186745035783465,7442.75390625,-8676.478515625,"Macrophage","#CC79A7"
"oepdlcfl-1",4.62896781513381,0.226866756244485,7455.65380859375,-8660.2822265625,"Macrophage","#CC79A7"
"oepdonpj-1",4.26128082821059,2.21877682642538,7406.8828125,-8689.8837890625,"Macrophage","#CC79A7"
"oepdpddm-1",3.47567015239882,-2.06180095239085,7474.2294921875,-8680.2939453125,"Macrophage","#CC79A7"
"oepdpehj-1",4.04329591343093,-1.15347456498545,7471.7734375,-8689.2470703125,"Mesenchymal","#F0E442"
"oepeeape-1",7.31465583393264,3.10236061052877,7558.07421875,-8741.607421875,"Mesenchymal","#F0E442"
"oepeegeb-1",5.71276908466506,3.59691799120504,7574.98193359375,-8752.2099609375,"Endothelial","#D55E00"
"oepeenfj-1",5.45622640201735,0.620896164937799,7569.08984375,-8741.9150390625,"Macrophage","#CC79A7"
"oepfbnop-1",4.32269888469863,3.49895775751669,7539.13671875,-8756.4267578125,"Mesenchymal","#F0E442"
"oepfdomm-1",5.30807166645217,3.34768879847128,7550.08935546875,-8749.642578125,"Mesenchymal","#F0E442"
"oepfjegg-1",6.31121688434768,3.21332347826559,7536.48974609375,-8742.7041015625,"Mesenchymal","#F0E442"
"oepfjfih-1",5.44050317356276,0.866139654680078,7609.15380859375,-8677.0263671875,"Mast","#AD7700"
"oepflpof-1",4.86406951496291,1.00477302507955,7612.376953125,-8682.07421875,"Mast","#AD7700"
"oepiddln-1",6.98168330738234,2.85595977739889,7582.681640625,-8651.453125,"Mesenchymal","#F0E442"
"oepieceo-1",5.63838487217116,1.54519427256185,7412.97802734375,-8543.53515625,"Macrophage","#CC79A7"
"oepiekoj-1",5.89583020755935,2.55442488627035,7403.390625,-8555.5712890625,"Pericyte_SM","#0072B2"
"oepiimlk-1",6.79448180744338,1.22067761854727,7405.3388671875,-8546.2880859375,"Mesenchymal","#F0E442"
"oepikfnf-1",5.36753469059157,3.10600221590597,7391.01025390625,-8572.171875,"Mesenchymal","#F0E442"
"oepimgoc-1",5.8842363888948,3.84559309916097,7406.18798828125,-8572.60546875,"Endothelial","#D55E00"
"oepimmda-1",5.34047895023513,-1.54475962682169,7405.67236328125,-8534.4453125,"Macrophage","#CC79A7"
"oepinmco-1",7.81377654621291,1.65652251677114,7433.7060546875,-8528.62109375,"Mesenchymal","#F0E442"
"oepjakpa-1",6.74050574848342,-0.707539136842902,7411.1767578125,-8536.064453125,"Mesenchymal","#F0E442"
"oepnfhbh-1",4.38553100177932,-0.625060375169929,7568.3828125,-7826.42236328125,"Macrophage","#CC79A7"
"oepokchj-1",5.5308199460237,0.332424913211648,7364.37353515625,-7794.5634765625,"Mesenchymal","#F0E442"
